11.6902,36.2411,0.0656375,5,1.22e+08
-11.6951,-18.4569,0.0673642,5,1.27e+08
11.7045,17.1747,0.0674404,5,1.3e+08
-11.5693,-28.8533,0.0675613,5,1.4e+08
10.1773,7.03913,0.0694152,5,1.53e+08
-11.3321,0.662275,0.0695346,5,1.55e+08
-7.13948,7.90353,-21.4573,5,1.71e+08
6.66367,-0.385192,-2.99187,5,1.73e+08
9.87589,16.4079,-2.92776,5,1.74e+08
-3.58544,-6.24703,-30.935,5,1.82e+08
14.9686,38.3889,-41.4869,5,1.92e+08
19.9474,56.9467,-40.6588,5,1.93e+08
59.7563,155.001,-36.1866,5,2.12e+08
57.5553,152.637,-35.2978,5,2.13e+08
16.2238,92.2429,-24.6887,5,2.26e+08
14.7408,85.0614,-24.0048,5,2.27e+08
11.8952,84.9255,-23.3273,5,2.28e+08
10.3418,81.7333,-22.6698,5,2.29e+08
4.06388,65.3552,-17.2721,5,2.38e+08
5.77109,80.4799,-12.6016,5,2.48e+08
5.87983,74.1831,-12.2069,5,2.49e+08
-3.8919,54.0831,-7.62089,5,2.63e+08
-0.331223,62.8851,-5.58007,5,2.72e+08
1.63022,57.5455,-5.39136,5,2.73e+08
12.9187,92.7551,-4.20108,5,2.8e+08
17.6233,102.539,-4.06255,5,2.81e+08
53.1674,179.149,-2.87805,5,2.91e+08
61.0835,195.488,-2.78787,5,2.92e+08
58.798,189.37,-1.41805,5,3.09e+08
65.009,192.643,-1.3392,5,3.11e+08
65.7111,198.278,-1.29131,5,3.12e+08
76.7954,207.327,-0.691223,5,3.31e+08
75.3028,197.398,-0.662335,5,3.32e+08
46.2333,136.75,-0.314625,5,3.5e+08
44.5784,123.816,-0.303719,5,3.51e+08
-12.0671,45.7253,0.0598387,5,3.69e+08
-7.51235,60.0279,0.0216975,5,3.7e+08
67.5491,203.402,-0.257642,5,3.89e+08
67.6925,202.238,-0.246328,5,3.9e+08
11.64,77.6402,0.154871,5,4.08e+08
6.85261,70.053,0.185029,5,4.09e+08
-34.8279,-13.0252,0.405666,5,4.19e+08
-88.3463,-127.183,0.590222,5,4.27e+08
-97.066,-149.578,0.614809,5,4.28e+08
-156.523,-245.249,0.741258,5,4.36e+08
-145.566,-224.604,0.943779,5,4.46e+08
-141.615,-221.83,0.978689,5,4.47e+08
-117.27,-177.22,1.264,5,4.56e+08
-93.1333,-122.572,1.53033,5,4.65e+08
-90.2553,-115.698,1.56132,5,4.66e+08
-83.5293,-103.072,1.58227,5,4.71e+08
-115.195,-166.179,0.862082,5,4.84e+08
-116.667,-162.059,0.818533,5,4.85e+08
-90.7674,-142.853,0.554616,5,5.04e+08
-95.2241,-157.919,0.456788,5,5.05e+08
-177.017,-345.635,-1.00707,5,5.16e+08
-210.467,-407.627,-1.58621,5,5.24e+08
-210.521,-404.381,-1.59763,5,5.25e+08
-287.863,-613.527,-2.99432,5,5.39e+08
-319.356,-675.007,-3.5895,5,5.43e+08
-327.579,-688.348,-3.75329,5,5.44e+08
-301.715,-668.31,-3.46525,5,5.71e+08
-295.423,-654.158,-3.36234,5,5.72e+08
-176.137,-504.521,-1.54153,5,5.9e+08
-175.651,-491.09,-1.69009,5,5.91e+08
-166.092,-481.174,-1.80499,5,5.94e+08
-119.592,-392.034,-1.75884,5,6.09e+08
-119.288,-378.326,-1.82877,5,6.1e+08
-51.716,-229.677,-0.710673,5,6.19e+08
79.6509,53.0799,1.54777,5,6.28e+08
100.687,88.2027,1.90386,5,6.29e+08
254.55,370.269,3.78664,5,6.39e+08
368.371,626.921,4.21908,5,6.47e+08
382.803,650.943,4.22352,5,6.48e+08
521.87,941.216,2.92635,5,6.61e+08
538.98,997.59,2.47386,5,6.68e+08
544.864,1001.86,2.28762,5,6.69e+08
580.5,1031.53,0.903279,5,6.77e+08
559.216,921.214,1.37372,5,6.87e+08
549.069,891.627,1.78265,5,6.88e+08
298.061,407.234,10.7191,5,7.06e+08
285.26,384.233,11.06,5,7.07e+08
166.827,159.361,12.4269,5,7.2e+08
114.443,31.2458,13.2988,5,7.25e+08
102.761,-3.69388,13.5306,5,7.26e+08
0.056477,-211.622,15.4381,5,7.34e+08
-97.1885,-394.27,14.6299,5,7.47e+08
-101.857,-405.604,14.4687,5,7.48e+08
-111.165,-405.993,12.8214,5,7.55e+08
-75.7148,-260.682,10.5978,5,7.66e+08
-60.8974,-232.868,10.4037,5,7.67e+08
141.334,217.77,7.53362,5,7.87e+08
147.193,232.046,7.41975,5,7.88e+08
188.949,381.021,6.1184,5,7.99e+08
221.671,485.362,5.03736,5,8.07e+08
224.294,495.11,4.91171,5,8.08e+08
266.309,604.795,2.31912,5,8.26e+08
263.643,599.226,2.25465,5,8.27e+08
85.7164,287.759,4.047,5,8.45e+08
72.8526,269.717,4.22788,5,8.46e+08
-32.875,43.4115,5.51202,5,8.55e+08
-154.545,-188.568,6.86005,5,8.64e+08
-163.808,-201.964,6.90232,5,8.65e+08
-321.914,-521.916,6.31346,5,8.83e+08
-324.724,-522.479,6.25533,5,8.84e+08
-266.63,-372.288,6.69147,5,9.02e+08
-259.506,-365.748,6.80209,5,9.03e+08
-234.174,-361.421,5.1847,5,9.21e+08
-238.638,-378.059,4.893,5,9.22e+08
-244.88,-391.156,4.54404,5,9.23e+08
-320.36,-558.818,-0.0300787,5,9.41e+08
-327.264,-566.294,-0.336471,5,9.42e+08
-332.807,-574.701,-0.593226,5,9.43e+08
-388.686,-707.232,-2.81432,5,9.49e+08
-428.867,-721.697,-4.50086,5,9.61e+08
-427.812,-718.82,-4.49747,5,9.62e+08
-371.579,-610.679,-3.03064,5,9.74e+08
-333.963,-568.034,-2.24504,5,9.8e+08
-328.025,-556.898,-2.15189,5,9.81e+08
-227.012,-381.382,0.494342,5,9.92e+08
-147.904,-230.58,2.55646,6,0
-135.81,-212.796,2.90649,6,1e+06
-32.2605,-34.7296,4.1434,6,2e+07
-27.6773,-21.7198,4.16513,6,2.1e+07
40.9966,67.6845,4.11378,6,4.1e+07
46.9845,74.5749,4.135,6,4.2e+07
10.6136,-90.1411,3.42582,6,6e+07
5.18251,-90.7335,3.39749,6,6.1e+07
-19.5239,-202.043,3.12464,6,6.9e+07
-137.421,-523.555,2.63528,6,7.9e+07
-151.938,-557.345,2.58574,6,8e+07
-261.86,-774.075,1.56333,6,9.2e+07
-285.154,-850.832,0.73015,6,9.9e+07
-291.434,-868.297,0.564085,6,1e+08
-414.765,-1182.7,-4.44704,6,1.19e+08
-415.19,-1192.43,-4.66332,6,1.2e+08
-387.32,-1176.05,-5.97084,6,1.3e+08
-310.168,-1072.44,-5.05689,6,1.38e+08
-296.587,-1052.46,-5.06506,6,1.4e+08
-228.866,-900.002,-4.41173,6,1.48e+08
-129.387,-681.453,-3.40227,6,1.59e+08
-120.919,-658.303,-3.36174,6,1.6e+08
52.1818,-299.28,-1.74483,6,1.79e+08
64.9993,-281.168,-1.5619,6,1.8e+08
225.625,36.3555,-0.00995759,6,2e+08
235.111,52.0372,0.040448,6,2.01e+08
356.425,290.037,0.579454,6,2.2e+08
363.832,293.867,0.533276,6,2.21e+08
453.185,429.849,-0.0832122,6,2.39e+08
458.912,433.054,-0.205523,6,2.4e+08
518.604,549.362,-2.00143,6,2.5e+08
542.465,605.635,-3.04914,6,2.58e+08
545.155,630.354,-3.21261,6,2.59e+08
584.469,718.939,-5.43272,6,2.65e+08
604.362,797.611,-7.10025,6,2.79e+08
584.514,702.836,-6.29013,6,2.97e+08
576.952,687.494,-5.84311,6,2.98e+08
475.461,518.782,-3.02177,6,3.18e+08
470.701,515.953,-3.05455,6,3.19e+08
415.18,496.756,-4.63884,6,3.34e+08
407.166,504.811,-5.11229,6,3.37e+08
405.628,509.756,-5.34576,6,3.38e+08
385.653,575.314,-8.67191,6,3.58e+08
386.474,575.833,-8.88455,6,3.59e+08
387.988,610.893,-10.0983,6,3.67e+08
398.907,670.485,-12.0247,6,3.77e+08
399.774,671.097,-12.2295,6,3.78e+08
391.999,715.737,-13.3267,6,3.87e+08
399.294,837.435,-15.5222,6,3.96e+08
403.99,874.758,-15.9827,6,3.97e+08
407.207,1037.15,-19.98,6,4.16e+08
404.238,1039.33,-20.0146,6,4.17e+08
376.534,1050.97,-20.4619,6,4.29e+08
357.631,1016.97,-20.6163,6,4.36e+08
353.492,1009.98,-20.5956,6,4.37e+08
295.254,938.09,-19.9533,6,4.48e+08
276.469,966.423,-21.0206,6,4.56e+08
277.078,988.685,-21.3159,6,4.57e+08
282.025,1092.75,-24.5396,6,4.7e+08
245.084,1064.33,-24.111,6,4.76e+08
239.187,1058.37,-24.0564,6,4.77e+08
77.1086,794.136,-20.7612,6,4.96e+08
63.1342,772.058,-20.4422,6,4.97e+08
-160.448,379.973,-15.5055,6,5.15e+08
-172.995,362.581,-15.2812,6,5.16e+08
-224.404,289.435,-14.2888,6,5.21e+08
-440.447,-119.226,-11.5868,6,5.36e+08
-455.994,-134.606,-11.4939,6,5.37e+08
-637.417,-501.764,-10.324,6,5.56e+08
-647.808,-520.461,-10.3986,6,5.57e+08
-868.121,-890.839,-14.8757,6,5.75e+08
-876.719,-898.4,-15.0105,6,5.76e+08
-928.953,-958.407,-13.8051,6,5.95e+08
-917.556,-938.133,-13.0447,6,5.98e+08
-742.366,-707.426,-2.53776,6,6.18e+08
-736.868,-703.534,-2.49045,6,6.19e+08
-698.354,-641.172,-7.02304,6,6.4e+08
-695.626,-675.173,-12.9159,6,6.58e+08
-694.713,-668.33,-13.3152,6,6.59e+08
-689.636,-685.034,-14.2479,6,6.62e+08
-641.059,-736.077,-18.3347,6,6.77e+08
-631.365,-718.512,-18.0907,6,6.78e+08
-382.276,-390.118,-6.65592,6,6.97e+08
-365.436,-370.02,-5.77611,6,6.98e+08
-301.034,-261.354,-2.61893,6,7.02e+08
-88.5916,34.7974,4.73456,6,7.18e+08
-76.4013,61.7646,4.98519,6,7.19e+08
29.6407,153.288,6.71554,6,7.29e+08
115.239,265.838,7.55496,6,7.38e+08
125.071,274.764,7.65104,6,7.39e+08
234.445,352.346,7.78441,6,7.57e+08
235.594,355.943,7.74045,6,7.58e+08
233.926,209.48,7.31468,6,7.76e+08
239.463,212.898,7.21536,6,7.77e+08
245.544,221.129,7.1043,6,7.78e+08
253.009,220.58,6.96226,6,7.79e+08
264.259,209.49,6.6976,6,7.82e+08
303.073,177.51,4.91308,6,7.97e+08
305.455,166.178,4.76007,6,7.98e+08
259.091,21.334,4.29284,6,8.13e+08
246.749,-27.8192,4.11464,6,8.17e+08
240.214,-44.1192,4.19409,6,8.18e+08
194.491,-166.745,3.42282,6,8.35e+08
194.652,-145.502,2.80166,6,8.4e+08
200.296,-140.393,2.49826,6,8.41e+08
252.674,-59.2561,-0.0674012,6,8.52e+08
267.602,-19.97,-0.867149,6,8.59e+08
272.295,-19.5705,-1.05374,6,8.6e+08
288.381,21.9229,-2.26682,6,8.79e+08
280.67,9.88664,-2.08328,6,8.8e+08
191.797,-124.416,0.0793656,6,8.91e+08
151.141,-189.089,0.875563,6,8.98e+08
145.772,-202.798,0.966856,6,8.99e+08
-59.1027,-583.343,4.9523,6,9.18e+08
-69.5689,-600.573,5.06818,6,9.19e+08
-286.026,-972.678,5.30631,6,9.38e+08
-299.636,-989.843,5.21531,6,9.39e+08
-405.146,-1210.67,3.80405,6,9.47e+08
-476.683,-1359.96,0.813618,6,9.57e+08
-477.969,-1363.67,0.561019,6,9.58e+08
-509.182,-1434.88,-4.70981,6,9.76e+08
-510.487,-1434.59,-5.0141,6,9.77e+08
-457.637,-1180.3,-7.68976,6,9.97e+08
-451.054,-1163.4,-7.70943,6,9.98e+08
-388.663,-1038.63,-8.06517,7,7e+06
-287.355,-844.452,-7.2247,7,1.7e+07
-275.905,-843.971,-7.06153,7,1.8e+07
-75.1674,-437.654,-3.68278,7,3.7e+07
-62.7197,-406.534,-3.39373,7,3.8e+07
158.519,26.5541,0.979551,7,5.6e+07
168.779,44.6176,1.08582,7,5.7e+07
234.7,142.628,1.59368,7,6.5e+07
285.054,204.647,1.86976,7,7.6e+07
287.606,206.237,1.89021,7,7.7e+07
310.582,189.914,2.22672,7,9.6e+07
306.946,177.258,2.34775,7,9.7e+07
347.049,219.775,0.992462,7,1.18e+08
360.165,237.401,0.553074,7,1.2e+08
366.157,244.387,0.35224,7,1.21e+08
442.455,320.3,-2.25945,7,1.41e+08
445.083,329.544,-2.37652,7,1.42e+08
469.9,383.083,-3.59164,7,1.49e+08
529.698,540.487,-7.07623,7,1.61e+08
538.839,552.184,-7.61293,7,1.62e+08
588.455,697.131,-10.5106,7,1.68e+08
794.763,1205.24,-22.2811,7,1.81e+08
814.08,1239.39,-23.3623,7,1.82e+08
832.129,1268.21,-24.3489,7,1.83e+08
1237.5,2086.84,-50.015,7,2.01e+08
1260.85,2134.83,-51.6982,7,2.02e+08
1433.06,2464.38,-69.6895,7,2.23e+08
1324.39,2346.36,-64.0114,7,2.3e+08
1304.73,2327.07,-62.8517,7,2.31e+08
996.815,1841.13,-47.1503,7,2.5e+08
982.52,1805.94,-46.5404,7,2.51e+08
697.755,1182.49,-32.5531,7,2.69e+08
678.122,1145.54,-31.6444,7,2.7e+08
253.5,503.302,-13.847,7,2.89e+08
234.444,482.002,-13.4157,7,2.9e+08
14.6382,301.555,-12.0876,7,3.08e+08
5.19368,303.328,-12.0395,7,3.09e+08
-127.49,153.332,-9.54101,7,3.2e+08
-249.756,129.445,-7.69401,7,3.35e+08
-259.082,131.067,-7.59915,7,3.36e+08
-343.202,94.5494,-6.77116,7,3.45e+08
-414.305,78.7659,-5.92969,7,3.54e+08
-419.23,84.0788,-5.83401,7,3.55e+08
-469.511,70.0616,-5.42323,7,3.63e+08
-518.303,54.5856,-5.29083,7,3.73e+08
-524.449,65.1166,-5.38367,7,3.74e+08
-553.675,65.2711,-5.67305,7,3.8e+08
-577.332,80.1093,-5.20083,7,3.92e+08
-581.625,85.6611,-5.32978,7,3.93e+08
-614.704,72.9369,-6.12144,7,4.02e+08
-648.277,60.0872,-7.36816,7,4.11e+08
-650.402,57.1442,-7.44691,7,4.12e+08
-648.653,104.372,-7.2839,7,4.24e+08
-604.907,194.708,-4.90162,7,4.3e+08
-596.369,217.534,-4.4877,7,4.31e+08
-526.683,299.207,-3.82164,7,4.49e+08
-522.387,296.803,-4.06876,7,4.51e+08
-550.85,159.782,-9.56493,7,4.68e+08
-558.502,151.459,-10.2617,7,4.69e+08
-563.944,128.947,-10.7457,7,4.7e+08
-699.238,-175.773,-20.1156,7,4.82e+08
-775.692,-345.983,-24.8478,7,4.88e+08
-784.882,-369.832,-25.413,7,4.89e+08
-844.044,-531.006,-29.0431,7,4.97e+08
-832.798,-617.698,-28.4822,7,5.07e+08
-829.679,-618.282,-28.3679,7,5.08e+08
-742.629,-656.896,-23.0889,7,5.28e+08
-741.417,-655.581,-23.1516,7,5.29e+08
-654.519,-563.048,-17.8019,7,5.47e+08
-649.386,-563.086,-17.6111,7,5.48e+08
-576.647,-570.941,-18.0939,7,5.66e+08
-573.899,-580.104,-18.332,7,5.67e+08
-500.706,-615.686,-20.3735,7,5.85e+08
-490.991,-604.823,-20.0354,7,5.86e+08
-396.14,-600.625,-17.9816,7,6.02e+08
-401.68,-619.91,-19.0691,7,6.05e+08
-403.517,-620.264,-19.4412,7,6.06e+08
-409.326,-676.537,-21.0552,7,6.13e+08
-406.993,-749.089,-22.6291,7,6.25e+08
-407.277,-757.349,-22.8154,7,6.26e+08
-407.314,-764.031,-22.9982,7,6.27e+08
-351.696,-762.99,-22.4679,7,6.38e+08
-302.472,-772.312,-21.7755,7,6.45e+08
-300.687,-779.947,-21.9637,7,6.46e+08
-352.902,-1098.75,-27.5646,7,6.66e+08
-359.891,-1123.06,-27.9336,7,6.67e+08
-406.046,-1246.34,-30.126,7,6.74e+08
-427.778,-1281.5,-31.8586,7,6.86e+08
-423.444,-1272.87,-31.839,7,6.87e+08
-397.41,-1352.29,-34.0315,7,7.03e+08
-385.78,-1355.31,-34.5232,7,7.06e+08
-380.541,-1358.04,-34.6543,7,7.07e+08
-196.891,-1159.03,-33.0486,7,7.25e+08
-180.288,-1136.94,-32.6917,7,7.26e+08
-46.7378,-921.056,-29.9993,7,7.36e+08
94.1292,-681.244,-27.3152,7,7.47e+08
107.004,-662.659,-27.1253,7,7.48e+08
201.566,-507.541,-25.526,7,7.56e+08
359.467,-251.631,-23.0587,7,7.66e+08
373.67,-235.811,-22.8706,7,7.67e+08
510.309,-28.8541,-20.574,7,7.79e+08
547.165,16.7708,-19.22,7,7.85e+08
551.292,24.9611,-18.9864,7,7.86e+08
652.468,191.886,-15.1556,7,8.07e+08
658.516,197.65,-15.1527,7,8.08e+08
702.933,231.557,-11.9644,7,8.27e+08
712.48,242.704,-12.4085,7,8.28e+08
720.599,244.936,-12.8031,7,8.29e+08
791.687,381.045,-16.1351,7,8.38e+08
854.959,475.431,-20.3102,7,8.47e+08
855.541,468.61,-20.4153,7,8.48e+08
691.174,211.582,-8.16028,7,8.67e+08
677.064,199.768,-7.0586,7,8.68e+08
602.822,91.0951,-2.66701,7,8.77e+08
535.197,-17.8708,-0.495914,7,8.88e+08
523.72,-31.302,0.0994738,7,8.89e+08
486.96,-52.6834,0.387871,7,8.96e+08
474.01,-14.4109,-2.85385,7,9.07e+08
473.331,-10.8742,-3.21066,7,9.08e+08
504.622,149.366,-9.12697,7,9.19e+08
550.866,294.123,-14.1185,7,9.26e+08
557.713,317.163,-14.8164,7,9.27e+08
572.335,437.109,-17.9253,7,9.39e+08
568.859,478.252,-18.3693,7,9.45e+08
567.9,486.064,-18.4124,7,9.46e+08
553.991,614.583,-19.6475,7,9.69e+08
557.905,630.278,-20.0538,7,9.7e+08
637.641,945.045,-28.557,7,9.88e+08
639.605,960.376,-28.95,7,9.89e+08
683.875,1182.34,-33.6084,7,9.97e+08
756.916,1428.53,-40.4326,8,7e+06
764.127,1462.47,-41.0597,8,8e+06
861.347,1693.12,-48.5426,8,2.3e+07
877.165,1715.18,-49.7795,8,2.6e+07
882.804,1728.56,-50.248,8,2.7e+07
910.914,1821.85,-57.4907,8,4.5e+07
904.609,1823.69,-57.6459,8,4.6e+07
857.973,1821.52,-59.2248,8,5.3e+07
726.588,1745.09,-58.53,8,6.4e+07
712.027,1722.77,-58.3348,8,6.5e+07
354.14,1215.64,-42.5429,8,8.3e+07
343.415,1203.09,-42.4319,8,8.4e+07
258.81,1044.89,-40.5347,8,9.1e+07
92.4378,796.598,-35.2006,8,1.03e+08
82.7553,787.849,-35.0382,8,1.04e+08
-151.134,492.48,-29.5582,8,1.23e+08
-169.524,471.62,-29.1344,8,1.24e+08
-288.073,346.764,-26.2841,8,1.32e+08
-398.074,230.718,-23.3103,8,1.43e+08
-404.818,226.543,-23.0873,8,1.44e+08
-584.821,-21.6077,-20.3264,8,1.63e+08
-605.123,-56.2392,-20.5776,8,1.64e+08
-884.838,-433.885,-25.2903,8,1.77e+08
-972.858,-562.514,-26.5169,8,1.83e+08
-1007.19,-618.141,-27.3631,8,1.85e+08
-1156.03,-836.033,-29.6141,8,2.03e+08
-1154.47,-846.466,-29.1939,8,2.04e+08
-1029.02,-594.639,-12.9405,8,2.22e+08
-1016.86,-567.076,-11.6591,8,2.23e+08
-942.11,-445.08,-7.59213,8,2.41e+08
-944.669,-454.451,-8.30107,8,2.42e+08
-870.411,-369.351,-11.9686,8,2.6e+08
-861.397,-359.416,-11.9041,8,2.61e+08
-671.66,-129.056,-5.20858,8,2.76e+08
-623.16,-76.9628,-3.6574,8,2.8e+08
-610.553,-69.4531,-3.20204,8,2.81e+08
-448.963,74.5516,-1.06866,8,2.99e+08
-441.72,82.6306,-1.14945,8,3e+08
-433.209,90.2156,-1.11751,8,3.01e+08
-412.371,89.0794,-1.31328,8,3.04e+08
-356.43,35.7469,-4.44118,8,3.18e+08
-358.4,25.3728,-5.02058,8,3.19e+08
-359.439,16.5556,-5.53675,8,3.2e+08
-392.348,-232.864,-13.3461,8,3.38e+08
-392.04,-245.081,-13.6106,8,3.39e+08
-405.434,-374.183,-16.19,8,3.47e+08
-439.55,-560.648,-19.5446,8,3.57e+08
-445.18,-581.124,-19.9521,8,3.58e+08
-497.702,-742.207,-23.0511,8,3.66e+08
-497.407,-805.699,-23.6111,8,3.77e+08
-496.59,-805.244,-23.6937,8,3.78e+08
-480.455,-837.279,-23.8786,8,3.86e+08
-381.943,-759.577,-22.073,8,3.97e+08
-367.184,-752.503,-21.6809,8,3.98e+08
-241.153,-664.962,-19.9567,8,4.1e+08
-164.237,-617.6,-19.4668,8,4.19e+08
-157.121,-614.585,-19.4761,8,4.2e+08
16.0927,-388.564,-17.0922,8,4.38e+08
25.65,-370.246,-16.9825,8,4.39e+08
282.534,-14.6377,-13.6541,8,4.58e+08
296.68,7.10688,-13.5329,8,4.59e+08
517.864,296.121,-11.6187,8,4.78e+08
519.305,291.514,-11.4739,8,4.79e+08
548.877,314.461,-8.74433,8,4.97e+08
552.201,315.892,-8.69044,8,4.98e+08
584.505,350.245,-8.71932,8,5.05e+08
674.348,457.431,-11.1098,8,5.16e+08
679.392,457.053,-11.2457,8,5.17e+08
576.758,259.352,-5.09789,8,5.36e+08
561.088,242.574,-4.4238,8,5.38e+08
449.112,50.2392,-0.255912,8,5.5e+08
394.339,-31.2078,1.17823,8,5.57e+08
387.837,-32.9908,1.30306,8,5.58e+08
380.128,-9.11583,-3.09079,8,5.76e+08
381.305,-6.65681,-3.38277,8,5.77e+08
407.19,67.6102,-6.73127,8,5.88e+08
423.777,145.41,-8.67351,8,5.96e+08
431.402,166.31,-9.15491,8,5.97e+08
505.66,388.666,-15.1475,8,6.15e+08
505.968,390.141,-15.3523,8,6.16e+08
394.296,322.774,-12.1711,8,6.34e+08
393.142,335.644,-12.2459,8,6.35e+08
387.316,361.874,-13.841,8,6.5e+08
362.947,337.099,-13.0238,8,6.53e+08
355.594,327.009,-12.8293,8,6.54e+08
266.629,304.069,-11.9351,8,6.73e+08
267.621,312.061,-12.1628,8,6.74e+08
263.169,413.474,-14.4779,8,6.91e+08
259.943,406.704,-14.4966,8,6.92e+08
99.2701,204.114,-11.0602,8,7.09e+08
91.1724,200.814,-10.926,8,7.1e+08
84.9008,195.512,-10.8591,8,7.11e+08
-0.129136,94.3022,-9.8311,8,7.26e+08
-31.7086,48.4167,-9.38414,8,7.29e+08
-45.5376,22.9876,-9.20725,8,7.3e+08
-374.181,-463.31,-6.42539,8,7.48e+08
-393.094,-494.726,-6.35171,8,7.49e+08
-483.955,-626.561,-6.20566,8,7.56e+08
-582.998,-806.746,-7.10437,8,7.67e+08
-593.13,-816.185,-7.29328,8,7.68e+08
-686.097,-967.644,-9.35555,8,7.78e+08
-803.693,-1124.4,-13.2398,8,7.86e+08
-817.466,-1145.88,-13.7035,8,7.87e+08
-933.473,-1292.75,-18.3424,8,7.95e+08
-979.427,-1310.46,-21.0465,8,8.06e+08
-976.003,-1306.39,-20.9984,8,8.07e+08
-844.084,-1136.47,-17.451,8,8.22e+08
-736.904,-1002.54,-13.7036,8,8.3e+08
-725.185,-974.05,-13.4686,8,8.31e+08
-710.152,-943.843,-12.8864,8,8.32e+08
-579.525,-745.977,-9.21282,8,8.45e+08
-535.15,-657.218,-8.07256,8,8.5e+08
-525.499,-628.425,-7.86533,8,8.51e+08
-495.351,-564.003,-6.54136,8,8.53e+08
-172.472,-58.2181,5.38036,8,8.71e+08
-156.193,-36.9978,5.72459,8,8.72e+08
-82.5474,56.2303,6.21037,8,8.78e+08
55.4618,245.192,7.19972,8,8.89e+08
66.636,255.894,7.24748,8,8.9e+08
76.0176,261.911,7.2323,8,8.91e+08
177.623,343.375,5.1991,8,9.09e+08
178.792,338.679,5.02137,8,9.1e+08
190.302,233.045,2.29436,8,9.29e+08
194.916,227.805,2.15293,8,9.3e+08
261.71,288.691,0.620325,8,9.38e+08
313.695,319.291,-1.31112,8,9.48e+08
319.654,316.864,-1.53778,8,9.49e+08
335.433,311.487,-2.75399,8,9.57e+08
349.686,282.19,-4.09805,8,9.67e+08
344.296,278.146,-4.03185,8,9.68e+08
309.685,195.346,-3.76982,8,9.76e+08
318.3,175.547,-5.03764,8,9.87e+08
317.425,176.906,-5.081,8,9.88e+08
323.605,159.528,-7.07011,9,9e+06
331.534,170.294,-7.42915,9,1e+07
376.424,232.425,-10.4679,9,2.8e+07
372.217,225.463,-10.4298,9,2.9e+07
300.028,100.33,-8.60544,9,3.7e+07
162.796,-143.315,-4.54877,9,4.8e+07
146.469,-166.292,-4.03441,9,4.9e+07
-200.361,-786.507,4.65055,9,6.4e+07
-290.196,-911.801,6.26285,9,6.7e+07
-317.144,-950.028,6.66694,9,6.8e+07
-465.339,-1164.15,7.91164,9,7.4e+07
-723.036,-1568.71,4.95722,9,8.6e+07
-741.274,-1601.54,4.51689,9,8.7e+07
-866.935,-1879,-8.5634,9,1.07e+08
-865.084,-1865.98,-9.15045,9,1.08e+08
-822.177,-1802.83,-11.1124,9,1.15e+08
-731.793,-1566.73,-11.299,9,1.26e+08
-724.252,-1552.81,-11.2981,9,1.27e+08
-715.862,-1422.17,-21.7586,9,1.46e+08
-714.673,-1412.52,-22.3976,9,1.47e+08
-709.964,-1453.71,-35.9977,9,1.66e+08
-706.36,-1450.32,-36.5384,9,1.67e+08
-689.079,-1511.51,-42.6717,9,1.78e+08
-703.073,-1566.51,-47.2624,9,1.85e+08
-702.523,-1562.01,-47.7136,9,1.86e+08
-700.892,-1571.05,-48.0289,9,1.87e+08
-609.048,-1427.17,-47.9834,9,2.05e+08
-588.012,-1383.52,-47.4876,9,2.07e+08
-575.218,-1368.65,-47.0592,9,2.08e+08
-189.482,-811.77,-33.9931,9,2.3e+08
-168.708,-776.823,-33.3691,9,2.31e+08
19.269,-550.007,-27.3705,9,2.41e+08
29.7267,-540.788,-27.1347,9,2.42e+08
39.6007,-521.45,-26.9421,9,2.43e+08
251.189,-228.537,-21.1962,9,2.61e+08
268.823,-196.15,-20.8721,9,2.62e+08
641.94,359.986,-17.497,9,2.81e+08
683.609,422.41,-17.5756,9,2.83e+08
922.763,755.269,-19.7051,9,2.96e+08
942.153,782.963,-20.1386,9,2.97e+08
960.651,799.055,-20.6015,9,2.98e+08
1162.51,1119.91,-27.3406,9,3.09e+08
1304.11,1339.61,-34.0142,9,3.21e+08
1315.91,1346.13,-34.6072,9,3.23e+08
1316.86,1350.64,-34.4537,9,3.24e+08
1228.92,1194.79,-24.3681,9,3.4e+08
1218.14,1173.66,-23.5247,9,3.42e+08
1136.71,1014.83,-19.3474,9,3.56e+08
1109.67,967.674,-19.5268,9,3.61e+08
1106.75,963.635,-19.9767,9,3.62e+08
1103.65,956.685,-20.4771,9,3.63e+08
1021.93,831.975,-21.3375,9,3.74e+08
938.038,742.98,-20.1401,9,3.82e+08
914.979,706.611,-19.8426,9,3.84e+08
835.893,659.21,-21.9309,9,3.95e+08
792.379,619.323,-23.0555,9,4.02e+08
784.156,614.467,-22.9664,9,4.03e+08
764.054,644.916,-25.521,9,4.1e+08
853.191,912.284,-38.7968,9,4.22e+08
870.294,952.275,-40.6517,9,4.23e+08
1024.27,1327.37,-59.4896,9,4.38e+08
1025.52,1333.24,-60.2198,9,4.39e+08
1024.08,1345.91,-60.6045,9,4.4e+08
1024.25,1373.94,-60.9967,9,4.41e+08
985.413,1582.13,-68.6088,9,4.6e+08
980.493,1578.01,-68.8604,9,4.61e+08
919.624,1547.97,-66.9028,9,4.68e+08
773.177,1378.2,-60.1732,9,4.81e+08
753.631,1354.06,-59.0631,9,4.82e+08
293.787,802.523,-36.7885,9,5.01e+08
271.631,781.419,-36.0993,9,5.02e+08
249.813,755.401,-35.5292,9,5.03e+08
-104.991,364.922,-24.736,9,5.19e+08
-161.1,316.732,-23.5853,9,5.23e+08
-171.754,308.481,-23.4613,9,5.24e+08
-300.867,253.2,-19.9056,9,5.42e+08
-302.323,259.114,-19.7107,9,5.43e+08
-304.027,255.472,-19.5162,9,5.44e+08
-313.63,293.16,-17.8832,9,5.52e+08
-283.842,419.439,-15.1703,9,5.63e+08
-281.504,437.455,-14.9995,9,5.64e+08
-230.554,670.647,-12.7852,9,5.83e+08
-227.706,678.591,-12.7057,9,5.84e+08
-139.132,973.302,-11.871,9,6.02e+08
-129.361,1002.32,-11.8012,9,6.03e+08
-38.7932,1134.49,-15.0605,9,6.21e+08
-34.3602,1138.51,-15.3356,9,6.22e+08
-57.3748,1073.2,-21.754,9,6.4e+08
-66.1517,1062.74,-22.2204,9,6.41e+08
-253.598,790.925,-28.8764,9,6.59e+08
-266.326,780.095,-29.266,9,6.6e+08
-493.452,351.475,-34.2366,9,6.78e+08
-504.385,334.718,-34.4539,9,6.79e+08
-565.837,190.968,-34.6696,9,6.87e+08
-697.985,-80.2191,-36.2139,9,6.98e+08
-712.581,-103.622,-36.538,9,6.99e+08
-912.31,-484.281,-39.3301,9,7.18e+08
-922.348,-502.343,-39.6581,9,7.19e+08
-953.658,-565.157,-40.1132,9,7.24e+08
-921.969,-556.291,-34.7627,9,7.36e+08
-914.369,-545.061,-34.0448,9,7.37e+08
-817.834,-438.365,-24.947,9,7.47e+08
-726.622,-286.408,-17.7727,9,7.54e+08
-708.942,-265.762,-16.4013,9,7.55e+08
-393.144,151.614,1.49721,9,7.73e+08
-375.763,175.989,2.13764,9,7.74e+08
-359.161,190.781,2.83107,9,7.75e+08
-256.059,264.119,0.359545,9,7.93e+08
-256.244,257.111,-0.0710011,9,7.94e+08
-252.558,145.847,-6.63931,9,8.14e+08
-255.821,130.102,-7.03975,9,8.15e+08
-487.588,-478.68,-19.3009,9,8.46e+08
-496.22,-495.961,-19.6632,9,8.47e+08
-504.361,-519.94,-19.9632,9,8.48e+08
-608.893,-849.794,-24.798,9,8.66e+08
-611.489,-871.527,-25.0039,9,8.67e+08
-694.92,-1150.4,-30.869,9,8.88e+08
-698.086,-1159.66,-31.1136,9,8.89e+08
-711.176,-1211.76,-32.1783,9,8.96e+08
-808.756,-1400.78,-38.5385,9,9.07e+08
-817.824,-1426.4,-39.173,9,9.08e+08
-839.78,-1579.18,-48.2384,9,9.28e+08
-836.832,-1597.29,-48.6106,9,9.29e+08
-757.22,-1586.87,-54.2261,9,9.47e+08
-748.901,-1582.26,-54.177,9,9.48e+08
-580.503,-1345.96,-51.1093,9,9.67e+08
-569.281,-1343.02,-50.7566,9,9.68e+08
-561.711,-1336.22,-50.7346,9,9.69e+08
-495.735,-1282.03,-51.322,9,9.8e+08
-482.332,-1257.23,-51.9329,9,9.83e+08
-475.457,-1250.43,-52.0129,9,9.84e+08
-460.718,-1237.24,-52.0918,9,9.86e+08
-364.225,-1252.16,-52.83,10,3e+06
-367.613,-1269.66,-53.4987,10,5e+06
-368.777,-1274.12,-54.087,10,7e+06
-384.082,-1387.65,-56.3086,10,1.6e+07
-389.597,-1434.27,-57.0312,10,2.1e+07
-391.997,-1443.26,-57.2279,10,2.2e+07
-345.879,-1418.53,-57.6487,10,4.2e+07
-334.428,-1409.38,-57.5032,10,4.3e+07
-141.529,-1194.68,-55.8418,10,6.1e+07
-127.388,-1175.8,-55.7656,10,6.2e+07
75.1865,-969.813,-53.0668,10,7.6e+07
104.596,-961.834,-52.2915,10,8.1e+07
107.824,-960.685,-52.187,10,8.2e+07
311.43,-695.998,-48.5793,10,1.02e+08
319.018,-688.2,-48.3737,10,1.03e+08
477.475,-460.554,-44.7581,10,1.2e+08
489.564,-437.857,-44.6341,10,1.21e+08
771.3,-22.5712,-45.9152,10,1.38e+08
830.717,70.7122,-47.3788,10,1.4e+08
1103.61,464.86,-55.5811,10,1.49e+08
1219.94,642.12,-57.4904,10,1.57e+08
1228.17,666.876,-57.3521,10,1.58e+08
1309.2,831.507,-57.1273,10,1.68e+08
1338.36,897.516,-54.5593,10,1.77e+08
1342.73,915.942,-54.336,10,1.78e+08
1545.54,1243.16,-68.1779,10,1.92e+08
1563.8,1262.49,-69.9422,10,1.93e+08
1581.19,1291.63,-71.4378,10,1.94e+08
1739.43,1536.91,-86.7775,10,2.08e+08
1746.95,1560.8,-87.7254,10,2.09e+08
1756.66,1588.12,-89.0187,10,2.1e+08
1883.2,1871.63,-109.327,10,2.25e+08
1889.61,1899.65,-110.444,10,2.26e+08
1896.11,1904.2,-111.929,10,2.27e+08
1863.65,1926.68,-112.607,10,2.45e+08
1855.18,1919.18,-111.984,10,2.46e+08
1728.45,1827.58,-106.285,10,2.61e+08
1692.24,1794.06,-105.636,10,2.64e+08
1679.18,1786.91,-105.342,10,2.65e+08
1234.08,1323.72,-83.2786,10,2.84e+08
1203.46,1285.2,-81.6853,10,2.85e+08
846.105,954.46,-64.7967,10,3e+08
826.496,944.032,-64.008,10,3.01e+08
807.888,924.931,-63.527,10,3.02e+08
456.483,660.992,-51.2295,10,3.2e+08
441.368,656.674,-50.9168,10,3.21e+08
427.628,652.937,-50.7498,10,3.22e+08
352.808,689.336,-52.2236,10,3.32e+08
336.215,698.42,-52.0793,10,3.34e+08
327.465,693.918,-52.1173,10,3.35e+08
315.646,685.781,-51.9763,10,3.36e+08
303.826,688.497,-51.673,10,3.37e+08
169.298,640.692,-48.4805,10,3.47e+08
154.287,644.421,-48.0389,10,3.48e+08
143.59,653.806,-47.7774,10,3.49e+08
32.3829,706.134,-45.9285,10,3.64e+08
21.6868,702.639,-45.7372,10,3.65e+08
9.76427,693.916,-45.5383,10,3.66e+08
-113.405,604.277,-43.5105,10,3.73e+08
-302.259,516.334,-41.6009,10,3.89e+08
-308.665,516.917,-41.5697,10,3.9e+08
-371.544,596.142,-38.9074,10,4.09e+08
-380.194,592.581,-38.8767,10,4.1e+08
-411.897,615.681,-38.1993,10,4.16e+08
-511.975,566.437,-38.8104,10,4.28e+08
-523.116,554.083,-39.0328,10,4.29e+08
-757.624,288.097,-45.3184,10,4.48e+08
-769.701,275.7,-45.8001,10,4.49e+08
-941.006,29.0345,-49.5786,10,4.67e+08
-952.779,3.53456,-49.8149,10,4.68e+08
-1002.39,-57.1864,-51.1925,10,4.73e+08
-1169.71,-291.392,-57.8448,10,4.86e+08
-1180.82,-309,-58.323,10,4.87e+08
-1262.48,-429.045,-62.2387,10,4.94e+08
-1408.94,-659.109,-71.4828,10,5.05e+08
-1415.17,-670.57,-71.7872,10,5.06e+08
-1417.97,-706.617,-69.0664,10,5.14e+08
-1312.68,-615.855,-56.0665,10,5.24e+08
-1292.51,-594.429,-54.0005,10,5.25e+08
-859.985,-123.51,-16.8013,10,5.43e+08
-827.106,-77.6325,-14.5488,10,5.44e+08
-795.318,-49.2309,-11.8881,10,5.45e+08
-340.098,476.915,12.1271,10,5.64e+08
-316.648,502.401,13.0642,10,5.65e+08
-294.893,518.313,13.9516,10,5.66e+08
87.9837,890.066,19.4419,10,5.85e+08
106.464,895.51,19.4864,10,5.86e+08
120.559,894.466,19.2686,10,5.87e+08
265.437,916.656,8.81551,10,6.05e+08
273.803,922.859,8.34287,10,6.06e+08
281.509,919.954,7.92558,10,6.07e+08
166.242,589.075,-2.08294,10,6.25e+08
154.58,564.496,-2.50982,10,6.26e+08
24.1948,238.765,-8.56326,10,6.44e+08
17.2447,206.924,-8.83877,10,6.45e+08
-104.663,-88.8765,-12.4963,10,6.62e+08
-114.559,-115.143,-12.8472,10,6.64e+08
-122.225,-141.869,-13.0201,10,6.65e+08
-163.831,-228.076,-13.8451,10,6.7e+08
-233.257,-384.356,-15.7669,10,6.83e+08
-236.399,-397.205,-15.9055,10,6.84e+08
-265.657,-511.845,-18.4432,10,7.03e+08
-263.989,-506.569,-18.5772,10,7.04e+08
-63.775,-255.502,-18.4958,10,7.24e+08
-49.2584,-238.524,-18.4328,10,7.25e+08
127.975,-32.9387,-18.2772,10,7.44e+08
127.35,-26.2492,-18.3853,10,7.45e+08
73.5037,-104.871,-18.8458,10,7.64e+08
73.5713,-100.687,-18.8435,10,7.65e+08
-1.32634,-232.92,-18.6876,10,7.83e+08
-6.48463,-236.061,-18.6951,10,7.84e+08
-155.774,-454.818,-18.9523,10,8.03e+08
-179.742,-486.462,-19.1452,10,8.07e+08
-184.484,-488.922,-19.2022,10,8.08e+08
-237.587,-573.241,-19.9396,10,8.21e+08
-235.587,-564.55,-20.0133,10,8.22e+08
-231.909,-560.686,-20.0819,10,8.23e+08
-230.988,-576.544,-20.2805,10,8.26e+08
-234.94,-580.137,-20.5171,10,8.29e+08
-234.523,-581.727,-20.5956,10,8.3e+08
-232.961,-576.111,-20.6772,10,8.31e+08
-123.314,-441.644,-21.408,10,8.49e+08
-121.335,-440.034,-21.4899,10,8.5e+08
-0.656335,-255.788,-21.9443,10,8.69e+08
6.23886,-237.973,-21.982,10,8.7e+08
124.52,-49.6781,-22.1797,10,8.9e+08
152.309,-15.1842,-22.181,10,8.92e+08
238.574,89.6922,-21.253,10,9.14e+08
242.682,96.5458,-21.2552,10,9.15e+08
280.101,157.899,-21.3908,10,9.21e+08
290.076,173.034,-21.4757,10,9.22e+08
300.783,188.64,-21.5751,10,9.23e+08
447.922,388.863,-22.9952,10,9.43e+08
452.807,393.652,-23.062,10,9.44e+08
427.495,361.024,-21.8976,10,9.61e+08
423.449,357.628,-21.7758,10,9.62e+08
392.462,321.927,-21.0785,10,9.71e+08
379.846,301.176,-21.4396,10,9.81e+08
371.959,288.994,-21.3825,10,9.83e+08
358.116,264.766,-21.1646,10,9.85e+08
334.978,274.829,-22.1246,11,3e+06
334.934,279.774,-22.2127,11,4e+06
341.082,331.042,-23.8756,11,2.2e+07
342.412,334.436,-24.0081,11,2.3e+07
305.372,331.659,-24.6004,11,4.2e+07
308.268,337.804,-24.7883,11,4.3e+07
314.298,375.903,-26.0659,11,5.6e+07
336.921,415.737,-27.0083,11,6.1e+07
337.025,417.516,-27.0855,11,6.2e+07
213.343,328.873,-25.2065,11,8.6e+07
212.783,328.285,-25.2985,11,8.7e+07
6.57,65.0246,-22.4305,11,1.06e+08
-11.6984,44.5081,-22.1551,11,1.07e+08
-188.752,-193.906,-19.8316,11,1.16e+08
-397.805,-437.214,-17.906,11,1.26e+08
-411.571,-450.145,-17.8286,11,1.27e+08
-599.052,-680.727,-17.9845,11,1.45e+08
-602.675,-687.484,-17.9904,11,1.46e+08
-657.776,-771.642,-18.7918,11,1.54e+08
-803.825,-989.885,-23.0295,11,1.64e+08
-820.11,-1011.93,-23.6221,11,1.65e+08
-798.975,-931.878,-24.4647,11,1.83e+08
-791.215,-923.732,-24.2955,11,1.84e+08
-741.53,-845.813,-27.0058,11,2.02e+08
-735.777,-836.289,-27.0489,11,2.03e+08
-729.756,-830.41,-27.0357,11,2.04e+08
-565.785,-612.872,-24.6494,11,2.22e+08
-547.869,-594.814,-24.0392,11,2.23e+08
-90.3882,-13.0117,-10.7539,11,2.44e+08
-79.2958,-5.38072,-10.674,11,2.45e+08
137.372,259.918,-9.69675,11,2.64e+08
147.304,272.832,-9.68601,11,2.65e+08
201.751,278.641,-11.1158,11,2.84e+08
204.207,279.031,-11.1994,11,2.85e+08
206.105,275.287,-11.2842,11,2.86e+08
205.62,213.603,-12.9091,11,3.04e+08
212.67,210.543,-13.1721,11,3.06e+08
260.74,219.512,-15.0947,11,3.19e+08
267.271,199.906,-16.1263,11,3.27e+08
268.907,194.292,-16.2825,11,3.28e+08
149.513,-33.9484,-16.4683,11,3.47e+08
141.856,-43.5752,-16.4477,11,3.48e+08
77.3515,-148.979,-16.9564,11,3.62e+08
91.8685,-117.023,-17.6422,11,3.67e+08
100.941,-96.7992,-17.8502,11,3.68e+08
140.451,-91.3943,-19.5945,11,3.82e+08
78.8021,-191.85,-19.1658,11,3.88e+08
69.2498,-191.706,-19.0653,11,3.89e+08
-69.1605,-382.784,-18.8367,11,4.09e+08
-76.1092,-393.068,-18.8511,11,4.1e+08
-190.895,-537.922,-19.2651,11,4.29e+08
-198.588,-549.811,-19.3109,11,4.3e+08
-250.954,-591.678,-20.4933,11,4.5e+08
-249.868,-588.525,-20.5643,11,4.51e+08
-228.936,-558.957,-21.1137,11,4.61e+08
-264.959,-607.925,-22.2332,11,4.71e+08
-271.451,-609.397,-22.4075,11,4.72e+08
-282.699,-599.448,-23.2963,11,4.81e+08
-258.039,-561.866,-23.5965,11,4.89e+08
-254.351,-558.847,-23.6262,11,4.9e+08
-251.843,-557.584,-23.6709,11,4.91e+08
-98.1207,-330.53,-23.0593,11,5.09e+08
-93.0735,-324.273,-23.087,11,5.1e+08
-85.5838,-303.379,-23.1267,11,5.11e+08
-25.8085,-240.348,-23.0448,11,5.29e+08
-28.9391,-235.919,-23.0978,11,5.3e+08
-56.7527,-274.186,-23.2307,11,5.38e+08
-78.5899,-305.76,-23.0863,11,5.5e+08
-77.4039,-300.941,-23.0791,11,5.51e+08
-220.176,-527.537,-23.3782,11,5.7e+08
-223.839,-535.214,-23.4169,11,5.71e+08
-180.063,-487.496,-23.5217,11,5.89e+08
-172.923,-476.135,-23.5186,11,5.9e+08
-53.6414,-312.347,-22.9814,11,5.99e+08
151.579,-43.5435,-21.9803,11,6.11e+08
319.693,187.135,-21.3176,11,6.29e+08
326.894,196.402,-21.3089,11,6.3e+08
546.259,525.412,-22.4481,11,6.5e+08
555.774,549.151,-22.5141,11,6.51e+08
634.136,647.059,-23.6022,11,6.7e+08
637.342,648.714,-23.7797,11,6.72e+08
524.438,501.104,-20.7466,11,6.91e+08
517.91,496.833,-20.6229,11,6.92e+08
493.419,505.12,-23.7685,11,7.13e+08
489.259,497.915,-23.8539,11,7.14e+08
468.128,494.84,-24.549,11,7.22e+08
410.905,409.155,-25.0603,11,7.34e+08
400.157,398.283,-24.8431,11,7.35e+08
289.297,276.597,-23.2132,11,7.48e+08
245.855,243.463,-22.7119,11,7.54e+08
242.903,242.782,-22.802,11,7.55e+08
246.492,315.42,-24.8552,11,7.73e+08
252.842,333.339,-25.1102,11,7.75e+08
222.492,282.655,-24.8761,11,7.81e+08
115.259,181.76,-23.5175,11,7.94e+08
105.516,178.503,-23.3809,11,7.95e+08
75.414,214.703,-23.5858,11,8.14e+08
79.1285,227.106,-23.6426,11,8.15e+08
59.4886,239.789,-23.9023,11,8.34e+08
53.8865,237.605,-23.888,11,8.35e+08
13.5743,200.673,-23.8171,11,8.43e+08
5.00396,205.963,-23.813,11,8.45e+08
-13.1645,181.489,-23.8153,11,8.48e+08
-67.0711,124.102,-23.8014,11,8.57e+08
-120.154,72.062,-23.7522,11,8.65e+08
-123.968,67.4486,-23.7564,11,8.66e+08
-146.254,62.167,-23.6371,11,8.73e+08
-148.38,67.2122,-23.1298,11,8.84e+08
-151.876,63.6444,-23.121,11,8.85e+08
12.0563,336.801,-20.7741,11,9.05e+08
23.9947,348.426,-20.6316,11,9.06e+08
88.992,440.088,-20.1127,11,9.15e+08
134.405,525.731,-20.2252,11,9.26e+08
141.336,533.015,-20.2283,11,9.27e+08
248.342,685.921,-21.0451,11,9.46e+08
247.14,683.795,-21.1348,11,9.47e+08
186.794,580.843,-21.8075,11,9.57e+08
87.2271,460.045,-21.8164,11,9.64e+08
75.141,437.53,-21.8333,11,9.65e+08
-108.326,167.425,-21.5197,11,9.76e+08
-297.287,-105.55,-21.1326,11,9.83e+08
-319.95,-138.759,-21.1079,11,9.84e+08
-489.056,-401.046,-21.1955,11,9.91e+08
-704.247,-709.14,-22.514,12,3e+06
-714.214,-724.764,-22.5979,12,4e+06
-752.526,-773.695,-21.9904,12,2.2e+07
-744.237,-756.59,-21.7733,12,2.3e+07
-627.364,-603.233,-17.8157,12,3.2e+07
-506.561,-482.221,-14.56,12,4.2e+07
-498.448,-476.262,-14.491,12,4.3e+07
-440.38,-446.241,-17.8873,12,6.1e+07
-436.925,-434.323,-18.1748,12,6.2e+07
-397.278,-402.572,-19.3997,12,7.2e+07
-348.759,-321.239,-20.4041,12,8.2e+07
-337.7,-308.206,-20.2413,12,8.3e+07
-274.257,-238.053,-19.5862,12,9e+07
-232.453,-208.469,-20.2543,12,1e+08
-228.439,-204.077,-20.3453,12,1.01e+08
-187.885,-219.459,-21.6471,12,1.19e+08
-192.101,-236.974,-21.8132,12,1.2e+08
-192.981,-248.284,-22.91,12,1.3e+08
-179.107,-279.018,-23.1808,12,1.38e+08
-181.153,-277.824,-23.3444,12,1.39e+08
-57.8607,-158.627,-23.0863,12,1.58e+08
-50.6065,-140.697,-23.1201,12,1.59e+08
-34.9781,-135.709,-23.0543,12,1.61e+08
75.5571,-13.5268,-22.6341,12,1.77e+08
89.3891,2.90732,-22.5576,12,1.78e+08
290.877,235.924,-21.6544,12,1.96e+08
297.263,239.043,-21.6448,12,1.97e+08
337.787,287.685,-21.427,12,2.06e+08
374.569,318.541,-21.2545,12,2.15e+08
376.562,317.897,-21.2361,12,2.16e+08
393.402,305.255,-20.8265,12,2.34e+08
391.835,301.043,-20.7992,12,2.35e+08
431.704,370.14,-22.4389,12,2.52e+08
436.909,377.457,-22.666,12,2.53e+08
442.857,390.826,-22.8831,12,2.54e+08
519.916,506.78,-26.1916,12,2.72e+08
516.172,501.95,-26.1302,12,2.73e+08
282.028,162.733,-19.5912,12,2.92e+08
264.577,138.944,-19.1046,12,2.93e+08
161.449,-7.61094,-16.4396,12,2.99e+08
-8.62533,-204.595,-13.0406,12,3.11e+08
-18.3442,-213.124,-12.9411,12,3.12e+08
-99.5185,-321.219,-12.5324,12,3.21e+08
-195.336,-455.95,-12.2248,12,3.3e+08
-210.197,-478.943,-12.178,12,3.31e+08
-387.684,-745.564,-12.4795,12,3.43e+08
-491.119,-851.905,-13.2829,12,3.49e+08
-501.369,-864.546,-13.4455,12,3.5e+08
-500.907,-792.496,-15.5797,12,3.68e+08
-493.995,-782.45,-15.604,12,3.69e+08
-339.852,-555.3,-16.9287,12,3.92e+08
-336.09,-545.802,-17.1207,12,3.93e+08
-279.681,-469.917,-20.0649,12,4.13e+08
-284.017,-477.209,-20.3678,12,4.14e+08
-323.146,-518.762,-22.9003,12,4.23e+08
-349.404,-537.364,-24.6708,12,4.32e+08
-348.639,-534.74,-24.7798,12,4.33e+08
-317.644,-483.922,-25.3572,12,4.44e+08
-305.284,-520.988,-25.8662,12,4.52e+08
-314.158,-541.61,-26.1861,12,4.53e+08
-463.186,-793.371,-30.747,12,4.65e+08
-544.637,-932.624,-32.914,12,4.71e+08
-558.999,-954.829,-33.3015,12,4.72e+08
-616.688,-1028.61,-34.9595,12,4.8e+08
-582.461,-976.403,-34.6486,12,4.9e+08
-573.666,-974.719,-34.415,12,4.91e+08
-510.775,-892.335,-33.4741,12,4.99e+08
-404.93,-763.743,-31.667,12,5.08e+08
-390.41,-749.038,-31.3937,12,5.09e+08
-250.561,-626.801,-30.0003,12,5.25e+08
-243.849,-614.776,-30.0279,12,5.26e+08
-236.722,-613.283,-29.9728,12,5.27e+08
-85.8905,-454.585,-28.2616,12,5.48e+08
95.1653,-226.608,-26.1187,12,5.65e+08
103.977,-216.957,-26.0404,12,5.66e+08
113.747,-201.138,-25.9685,12,5.67e+08
444.544,234.218,-24.6167,12,5.85e+08
462.897,250.895,-24.6315,12,5.86e+08
587.431,426.675,-24.6809,12,5.96e+08
700.912,591.448,-25.9229,12,6.04e+08
716.178,619.155,-26.153,12,6.05e+08
818.571,753.29,-27.8382,12,6.15e+08
872.872,822.394,-28.8587,12,6.24e+08
877.488,832.091,-28.933,12,6.25e+08
912.126,876.581,-30.9611,12,6.43e+08
919.593,879.315,-31.6912,12,6.44e+08
982.434,995.897,-40.1665,12,6.62e+08
987.192,1005.35,-40.8344,12,6.63e+08
996.754,1105.13,-47.0491,12,6.81e+08
997.93,1117.26,-47.4061,12,6.82e+08
1023.91,1202.69,-51.6911,12,6.9e+08
1036.38,1219.65,-55.936,12,6.99e+08
1033.73,1224.54,-55.9867,12,7e+08
856.407,995.344,-50.3691,12,7.17e+08
838.051,973.223,-49.6035,12,7.18e+08
565.297,725.371,-41.0376,12,7.37e+08
548.028,713.621,-40.4278,12,7.38e+08
472.738,694.608,-39.8048,12,7.47e+08
448.309,740.589,-41.2459,12,7.57e+08
446.927,740.131,-41.507,12,7.58e+08
556.591,990.127,-48.3801,12,7.75e+08
561.035,1004,-48.6113,12,7.76e+08
546.536,1003.69,-48.8739,12,7.84e+08
458.373,934.556,-47.0076,12,7.93e+08
449.384,928.873,-46.8945,12,7.94e+08
367.138,895.48,-45.9248,12,8.04e+08
319.917,922.493,-46.1245,12,8.14e+08
318.787,925.103,-46.3174,12,8.15e+08
302.546,932.946,-46.7206,12,8.2e+08
211.579,874.273,-46.2178,12,8.35e+08
201.338,867.537,-46.1008,12,8.36e+08
112.783,783.19,-45.0942,12,8.46e+08
17.7516,674.319,-43.9606,12,8.54e+08
4.40338,659.589,-43.8358,12,8.55e+08
-188.135,457.929,-41.0506,12,8.72e+08
-200.14,449.087,-40.9243,12,8.73e+08
-209.427,445.431,-40.7951,12,8.74e+08
-314.712,306.748,-39.1648,12,8.85e+08
-403.805,202.081,-38.3521,12,8.93e+08
-412.318,186.875,-38.2302,12,8.94e+08
-566.633,-15.0999,-36.4271,12,9.12e+08
-579.197,-24.3115,-36.5709,12,9.13e+08
-647.445,-88.7552,-35.9694,12,9.22e+08
-684.143,-140.534,-35.0514,12,9.3e+08
-693.802,-159.777,-35.1839,12,9.31e+08
-737.551,-206.534,-35.6565,12,9.4e+08
-710.446,-192.941,-33.5034,12,9.48e+08
-702.517,-184.553,-33.0861,12,9.49e+08
-738.763,-338.85,-35.1095,12,9.67e+08
-749.329,-355.906,-35.8002,12,9.68e+08
-813.292,-436.231,-39.7943,12,9.75e+08
-770.072,-376.754,-36.7924,12,9.86e+08
-765.419,-371.589,-36.5439,12,9.87e+08
-683.236,-264.021,-32.4828,12,9.96e+08
-604.34,-219.468,-29.8403,13,6e+06
-597.793,-214.815,-29.8117,13,7e+06
-545.792,-247.311,-31.1337,13,2.1e+07
-533.163,-240.716,-31.825,13,2.5e+07
-525.968,-236.263,-31.7337,13,2.6e+07
-501.794,-231.798,-31.4188,13,3e+07
-420.415,-199.877,-30.1299,13,4.4e+07
-418.434,-203.362,-30.229,13,4.5e+07
-410.982,-263.503,-32.583,13,6.4e+07
-406.716,-259.878,-32.5719,13,6.5e+07
-351.954,-271.661,-31.8552,13,7.7e+07
-354.04,-323.041,-33.1117,13,8.5e+07
-351.834,-330.914,-33.1546,13,8.6e+07
-316.837,-330.526,-33.1155,13,9.4e+07
-296.937,-402.695,-33.3295,13,1.04e+08
-303.438,-414.008,-33.671,13,1.05e+08
-543.623,-825.691,-40.707,13,1.23e+08
-550.312,-819.546,-40.939,13,1.24e+08
-587.498,-942.115,-41.9138,13,1.42e+08
-589.804,-954.574,-42.0537,13,1.43e+08
-591.35,-955.987,-42.2351,13,1.44e+08
-561.609,-1009.54,-43.2333,13,1.59e+08
-531.168,-983.552,-42.7987,13,1.62e+08
-517.164,-971.628,-42.5201,13,1.63e+08
-269.1,-707.516,-38.0248,13,1.81e+08
-251.357,-689.896,-37.6748,13,1.82e+08
31.6358,-341.011,-33.151,13,2e+08
48.9565,-322.321,-32.9088,13,2.01e+08
65.0194,-306.817,-32.6885,13,2.02e+08
245.231,-128.892,-29.5311,13,2.21e+08
248.632,-117.472,-29.4186,13,2.22e+08
265.915,-117.317,-28.0537,13,2.32e+08
281.262,-99.1813,-27.0707,13,2.4e+08
283.381,-95.068,-26.97,13,2.41e+08
348.901,-45.6639,-26.3513,13,2.6e+08
351.534,-38.4934,-26.3108,13,2.61e+08
307.584,-125.01,-24.5766,13,2.8e+08
308.78,-124.839,-24.6487,13,2.81e+08
310.473,-121.01,-24.7146,13,2.82e+08
258.052,-210.931,-24.3397,13,2.99e+08
249.587,-218.038,-24.1639,13,3e+08
243.896,-217.117,-24.0426,13,3.01e+08
220.431,-238.211,-24.3845,13,3.11e+08
194.722,-274.504,-24.4645,13,3.19e+08
190.458,-285.343,-24.4964,13,3.2e+08
119.799,-361.477,-23.5977,13,3.31e+08
80.0015,-412.222,-23.6384,13,3.4e+08
69.2319,-438.348,-23.5576,13,3.41e+08
56.2644,-453.27,-23.3628,13,3.42e+08
-221.336,-788.528,-20.1554,13,3.6e+08
-233.419,-805.356,-20.1194,13,3.61e+08
-177.844,-698.887,-22.7777,13,3.8e+08
-171.845,-680.441,-22.9159,13,3.81e+08
-59.3378,-491.733,-24.3488,13,3.92e+08
14.3004,-372.031,-25.1257,13,3.99e+08
25.3037,-352.541,-25.236,13,4e+08
63.5796,-291.177,-25.5209,13,4.03e+08
337.104,107.774,-26.7241,13,4.19e+08
353.182,129.1,-26.8004,13,4.2e+08
510.659,388.223,-27.3588,13,4.37e+08
514.076,397.431,-27.3645,13,4.38e+08
518.377,411.949,-27.3715,13,4.39e+08
471.693,381.17,-25.1386,13,4.56e+08
462.509,370.44,-24.8612,13,4.57e+08
454.592,366.415,-24.5855,13,4.58e+08
325.489,181.335,-22.0363,13,4.75e+08
309.387,170.227,-21.6114,13,4.76e+08
294.117,149.429,-21.2943,13,4.77e+08
87.8335,-91.838,-17.9314,13,4.92e+08
22.2988,-167.798,-17.2088,13,4.97e+08
14.2019,-172.411,-17.1845,13,4.98e+08
-1.00576,-188.881,-18.4759,13,5.07e+08
-48.1706,-240.843,-18.715,13,5.16e+08
-49.4945,-250.186,-18.8398,13,5.17e+08
-53.696,-259.76,-18.9111,13,5.18e+08
-0.885625,-127.588,-20.7923,13,5.37e+08
12.7537,-105.517,-20.9392,13,5.38e+08
248.702,230.855,-23.1839,13,5.56e+08
262.879,252.821,-23.3087,13,5.57e+08
657.537,851.487,-27.5484,13,5.76e+08
673.883,876.982,-27.8127,13,5.77e+08
689.363,903.182,-28.0641,13,5.78e+08
807.628,1109.13,-30.7227,13,5.87e+08
869.338,1226.89,-33.1927,13,5.95e+08
877.673,1243.74,-33.561,13,5.96e+08
886.723,1257.77,-33.9955,13,5.97e+08
906.583,1248.19,-38.5564,13,6.16e+08
898.232,1246.17,-38.3775,13,6.17e+08
788.956,1112.08,-37.3385,13,6.27e+08
681.167,1037.01,-36.6468,13,6.36e+08
673.66,1034.58,-36.8892,13,6.37e+08
483.196,858.898,-37.4958,13,6.55e+08
467.793,837.119,-37.2882,13,6.56e+08
222.077,527.639,-32.9599,13,6.74e+08
208.401,513.142,-32.7149,13,6.75e+08
24.4455,341.8,-30.6072,13,7.01e+08
22.8235,337.932,-30.6755,13,7.02e+08
19.8289,336.22,-30.7048,13,7.03e+08
-8.39611,369.863,-30.1166,13,7.21e+08
-4.66683,386.007,-30.0426,13,7.23e+08
31.4215,461.983,-29.8411,13,7.3e+08
0.935667,439.547,-29.8626,13,7.44e+08
-107.552,346.421,-30.7633,13,7.62e+08
-107.254,359.898,-30.8166,13,7.63e+08
17.7318,557.153,-29.6995,13,7.79e+08
35.7176,583.603,-29.5163,13,7.81e+08
43.673,592.731,-29.4342,13,7.82e+08
-76.3408,432.642,-31.0289,13,8e+08
-86.0441,425.814,-31.166,13,8.01e+08
-248.713,205.61,-32.4921,13,8.2e+08
-256.286,197.727,-32.5569,13,8.21e+08
-232.838,232.411,-30.5232,13,8.39e+08
-223.696,244.81,-30.2834,13,8.4e+08
-22.9544,483.734,-25.5974,13,8.58e+08
-18.8041,486.782,-25.5533,13,8.59e+08
17.1151,529.607,-25.2021,13,8.67e+08
-37.2327,437.824,-26.6971,13,8.77e+08
-41.2404,436.081,-26.8385,13,8.78e+08
-71.0452,383.392,-27.6489,13,8.87e+08
-111.651,301.37,-28.5276,13,8.97e+08
-123.067,279.594,-28.701,13,8.98e+08
-206.443,163.757,-29.9353,13,9.06e+08
-365.459,-64.4305,-31.9694,13,9.16e+08
-379.593,-84.1339,-32.1609,13,9.17e+08
-518.927,-327.432,-32.9618,13,9.35e+08
-521.137,-333.014,-32.9285,13,9.36e+08
-592.843,-480.536,-33.8284,13,9.45e+08
-700.248,-632.223,-36.1715,13,9.54e+08
-711.345,-641.831,-36.4821,13,9.55e+08
-762.577,-723.627,-37.0576,13,9.73e+08
-763.227,-728.822,-37.167,13,9.74e+08
-775.191,-894.411,-40.6866,13,9.92e+08
-783.741,-904.915,-41.5054,13,9.93e+08
-661.271,-775.358,-39.5663,14,1.1e+07
-649.432,-759.642,-39.2012,14,1.2e+07
-507.836,-565.604,-34.1324,14,2.1e+07
-376.347,-416.154,-30.6462,14,3.1e+07
-360.77,-387.487,-30.4473,14,3.2e+07
-47.194,-72.4117,-23.3431,14,5.1e+07
-40.5144,-69.5918,-23.3622,14,5.2e+07
34.113,-16.1247,-23.8672,14,6.6e+07
69.7093,0.864349,-23.4748,14,7.2e+07
70.4759,-1.29981,-23.5108,14,7.3e+07
6.86021,-139.417,-24.2424,14,8.2e+07
20.8392,-121.337,-24.1894,14,9.2e+07
28.3046,-113.628,-24.1777,14,9.3e+07
135.938,-60.2079,-24.7662,14,1.11e+08
133.723,-64.8468,-24.8247,14,1.12e+08
122.757,-106.248,-25.5817,14,1.27e+08
138.755,-94.8184,-25.8719,14,1.3e+08
143.328,-91.311,-25.9678,14,1.31e+08
113.717,-182.681,-26.5412,14,1.51e+08
113.766,-184.069,-26.6029,14,1.52e+08
136.432,-181.15,-27.8593,14,1.72e+08
133.997,-185.477,-27.8787,14,1.73e+08
131.899,-186.306,-27.8897,14,1.74e+08
78.2844,-264.732,-28.0068,14,1.92e+08
75.1857,-270.191,-28.0202,14,1.93e+08
42.2078,-307.293,-28.012,14,2.07e+08
51.3191,-296.213,-28.2686,14,2.11e+08
56.4781,-287.534,-28.373,14,2.12e+08
217.531,-44.9353,-30.4248,14,2.3e+08
229.582,-25.876,-30.5482,14,2.31e+08
387.229,184.688,-31.9197,14,2.43e+08
440.184,246.324,-32.2575,14,2.49e+08
443.064,253.007,-32.2181,14,2.5e+08
471.06,374.874,-31.2723,14,2.68e+08
482.393,394.821,-31.5655,14,2.69e+08
511.937,449.348,-32.1916,14,2.83e+08
490.105,425.825,-31.3909,14,2.87e+08
482.548,414.311,-31.1559,14,2.88e+08
472.716,418.161,-31.0785,14,3.06e+08
467.611,410.601,-30.9868,14,3.07e+08
220.431,119.707,-25.2798,14,3.25e+08
200.6,94.5623,-24.8509,14,3.26e+08
-82.8435,-224.85,-19.7258,14,3.45e+08
-89.7872,-229.719,-19.6899,14,3.46e+08
-179.456,-366.343,-19.0696,14,3.55e+08
-264.112,-457.498,-18.825,14,3.64e+08
-274.818,-468.148,-18.8313,14,3.65e+08
-343.482,-550.255,-19.0142,14,3.71e+08
-532.842,-738.375,-20.6882,14,3.85e+08
-540.214,-745.614,-20.8449,14,3.86e+08
-629.945,-879.432,-23.278,14,3.97e+08
-670.446,-946.62,-25.0937,14,4.03e+08
-674.59,-951.229,-25.4009,14,4.04e+08
-712.028,-1038.11,-28.4076,14,4.14e+08
-698.802,-1013.9,-29.6838,14,4.22e+08
-694.289,-1012.01,-29.7076,14,4.23e+08
-640.531,-904.463,-29.3441,14,4.31e+08
-556.55,-766.62,-28.175,14,4.41e+08
-548.58,-753.884,-28.1242,14,4.42e+08
-472.968,-610.939,-28.1425,14,4.51e+08
-246.841,-344.455,-22.634,14,4.6e+08
-226.617,-323.398,-22.2477,14,4.61e+08
66.9101,32.5893,-18.1921,14,4.78e+08
80.5441,47.618,-18.0567,14,4.79e+08
318.014,385.51,-16.2789,14,4.93e+08
400.033,497.451,-16.0752,14,4.97e+08
417.979,508.706,-16.0615,14,4.98e+08
480.352,571.765,-16.3631,14,5.03e+08
648.879,769.297,-18.524,14,5.16e+08
660.411,769.952,-18.8109,14,5.17e+08
658.113,741.718,-20.1428,14,5.32e+08
644.904,720.422,-20.2106,14,5.34e+08
636.262,712.026,-20.1457,14,5.35e+08
557.768,614.736,-19.3745,14,5.42e+08
439.984,482.205,-18.4079,14,5.53e+08
432.548,467.741,-18.5111,14,5.54e+08
377.079,368.243,-21.422,14,5.71e+08
372.861,361.729,-21.5108,14,5.72e+08
355.014,333.125,-22.4375,14,5.79e+08
301.956,244.789,-23.0177,14,5.89e+08
297.65,239.579,-23.1092,14,5.9e+08
141.925,42.0598,-22.1139,14,6.05e+08
109.903,21.6618,-22.1917,14,6.1e+08
106.599,18.7683,-22.3123,14,6.11e+08
104.158,37.4608,-24.5244,14,6.29e+08
100.996,32.224,-24.7108,14,6.32e+08
25.7148,-62.747,-24.3697,14,6.42e+08
-1.39995,-61.408,-24.5833,14,6.5e+08
-5.15272,-69.2591,-24.6433,14,6.51e+08
-146.657,-242.398,-24.6528,14,6.69e+08
-164.801,-262.355,-24.6051,14,6.7e+08
-321.654,-452.363,-24.3673,14,6.78e+08
-367.184,-496.407,-24.5837,14,6.88e+08
-371.606,-505.58,-24.6269,14,6.89e+08
-402.28,-537.299,-24.9419,14,6.97e+08
-407.05,-532.056,-24.9759,14,7.07e+08
-405.515,-521.628,-24.9856,14,7.08e+08
-286.035,-307.223,-23.3403,14,7.26e+08
-272.319,-293.533,-23.1045,14,7.27e+08
-84.4281,-60.0927,-21.3285,14,7.44e+08
-77.0697,-54.874,-21.3161,14,7.45e+08
0.325301,60.5429,-21.0606,14,7.53e+08
132.054,240.488,-20.0254,14,7.62e+08
142.568,256.098,-19.9994,14,7.63e+08
246.678,376.84,-20.5158,14,7.81e+08
245.394,379.197,-20.5957,14,7.82e+08
228.3,341.891,-21.839,14,8e+08
230.533,347.299,-21.9389,14,8.01e+08
306.941,447.736,-23.5705,14,8.1e+08
373.57,533.999,-25.4847,14,8.2e+08
377.493,544.192,-25.6423,14,8.21e+08
404.709,584.355,-27.6893,14,8.38e+08
399.57,571.015,-27.7007,14,8.39e+08
395.533,576.522,-27.6538,14,8.4e+08
528.578,710.095,-32.2281,14,8.62e+08
526.754,716.219,-32.1917,14,8.63e+08
422.314,578.494,-31.6596,14,8.82e+08
400.006,553.674,-31.1726,14,8.83e+08
350.967,602.128,-32.4941,14,9.01e+08
359.487,613.442,-32.9323,14,9.02e+08
367.55,626.263,-33.3354,14,9.03e+08
449.462,728.095,-37.3906,14,9.22e+08
449.116,732.103,-37.411,14,9.23e+08
537.808,854.727,-40.7804,14,9.43e+08
532.471,852.903,-40.7382,14,9.44e+08
429.557,791.056,-39.5286,14,9.57e+08
400.854,775.179,-39.5762,14,9.62e+08
395.508,779.395,-39.5581,14,9.63e+08
358.287,757.823,-39.6024,14,9.7e+08
276.157,667.01,-38.5991,14,9.81e+08
270.581,661.988,-38.5592,14,9.82e+08
