-0.000561305,1.46077e-05,0.0149956,5,1.22e+08
-0.000539821,1.49018e-05,0.015,5,1.27e+08
-0.000535777,1.50769e-05,0.0149956,5,1.3e+08
-0.000567018,1.47298e-05,0.0149952,5,1.4e+08
-0.000471524,1.5358e-05,0.015,5,1.53e+08
-0.000490513,1.53304e-05,0.015,5,1.55e+08
-0.000775006,1.43469e-05,0.0149999,5,1.71e+08
-0.000742392,1.46906e-05,0.0150001,5,1.73e+08
-0.000700352,1.48438e-05,0.0149993,5,1.74e+08
-0.00049149,1.81576e-05,0.0150003,5,1.82e+08
-7.7756e-05,2.60091e-05,0.0150097,5,1.92e+08
-2.45264e-05,2.71126e-05,0.015012,5,1.93e+08
0.000644556,5.35435e-05,0.0151027,5,2.12e+08
0.000640695,5.47776e-05,0.0151091,5,2.13e+08
0.000495721,6.7237e-05,0.015204,5,2.26e+08
0.000485458,6.80404e-05,0.0152122,5,2.27e+08
0.000483834,6.88344e-05,0.0152206,5,2.28e+08
0.000480817,6.9619e-05,0.0152292,5,2.29e+08
0.000499504,7.64279e-05,0.0153128,5,2.38e+08
0.000598671,8.36508e-05,0.01542,5,2.48e+08
0.000594629,8.43458e-05,0.0154315,5,2.49e+08
0.000608503,9.38416e-05,0.0156089,5,2.63e+08
0.000684045,9.99563e-05,0.0157384,5,2.72e+08
0.000685754,0.00010063,0.0157536,5,2.73e+08
0.000822651,0.000105301,0.0158635,5,2.8e+08
0.000861919,0.000105931,0.0158798,5,2.81e+08
0.00118034,0.000111199,0.0160502,5,2.91e+08
0.00124417,0.000111581,0.016068,5,2.92e+08
0.0013853,0.000114007,0.0163929,5,3.09e+08
0.00143494,0.000114057,0.016434,5,3.11e+08
0.00145897,0.00011407,0.0164548,5,3.12e+08
0.00177462,0.000112098,0.0168776,5,3.31e+08
0.00176569,0.000111984,0.0169014,5,3.32e+08
0.00179181,0.000113811,0.0173539,5,3.5e+08
0.00177463,0.00011417,0.0173803,5,3.51e+08
0.00160419,0.000129527,0.0178831,5,3.69e+08
0.00165344,0.000130843,0.0179123,5,3.7e+08
0.00233351,0.000157122,0.0184898,5,3.89e+08
0.00234121,0.000158454,0.0185214,5,3.9e+08
0.00209701,0.000184294,0.0191169,5,4.08e+08
0.00207615,0.000185999,0.0191515,5,4.09e+08
0.0018578,0.000205489,0.019506,5,4.19e+08
0.00149369,0.000225058,0.0198015,5,4.27e+08
0.00142332,0.000227822,0.0198392,5,4.28e+08
0.00101929,0.00025306,0.0201478,5,4.36e+08
0.000992292,0.000291159,0.020549,5,4.46e+08
0.000999717,0.000295205,0.0205899,5,4.47e+08
0.00105201,0.000332332,0.0209657,5,4.56e+08
0.00111342,0.0003688,0.0213538,5,4.65e+08
0.00112201,0.00037273,0.0213977,5,4.66e+08
0.00109977,0.000391933,0.0216195,5,4.71e+08
0.000703722,0.000438829,0.0222143,5,4.84e+08
0.000692365,0.000442316,0.0222611,5,4.85e+08
0.000548298,0.000502927,0.0231756,5,5.04e+08
0.000491047,0.000505744,0.023225,5,5.05e+08
-0.000310679,0.000535886,0.0237782,5,5.16e+08
-0.000704963,0.000558361,0.0241911,5,5.24e+08
-0.000721471,0.00056121,0.0242433,5,5.25e+08
-0.00173163,0.000601155,0.024988,5,5.39e+08
-0.00209003,0.000613111,0.0252061,5,5.43e+08
-0.00217953,0.000616167,0.025261,5,5.44e+08
-0.00329903,0.00069694,0.0268053,5,5.71e+08
-0.00330245,0.00069913,0.0268649,5,5.72e+08
-0.00349257,0.000715842,0.027967,5,5.9e+08
-0.00351378,0.000715321,0.0280297,5,5.91e+08
-0.00360056,0.00071281,0.0282184,5,5.94e+08
-0.00389983,0.000679337,0.0291789,5,6.09e+08
-0.00391205,0.000675888,0.029244,5,6.1e+08
-0.00372557,0.000637714,0.0298357,5,6.19e+08
-0.0030023,0.00058508,0.0304421,5,6.28e+08
-0.00288693,0.00057816,0.0305107,5,6.29e+08
-0.00195174,0.000495706,0.0312099,5,6.39e+08
-0.00104384,0.000412313,0.0317882,5,6.47e+08
-0.000936469,0.000400813,0.0318618,5,6.48e+08
0.000425034,0.000231686,0.0328429,5,6.61e+08
0.000899622,0.000128434,0.0333904,5,6.68e+08
0.000977438,0.000113212,0.0334697,5,6.69e+08
0.00159233,-1.16112e-05,0.0341133,5,6.77e+08
0.00196728,-0.000170916,0.0349418,5,6.87e+08
0.00194651,-0.000186715,0.0350261,5,6.88e+08
0.00135948,-0.000445989,0.0365829,5,7.06e+08
0.00133328,-0.000458406,0.0366714,5,7.07e+08
0.00118052,-0.000596124,0.0378391,5,7.2e+08
0.000963788,-0.000637126,0.038297,5,7.25e+08
0.000895707,-0.000644499,0.0383892,5,7.26e+08
0.000377927,-0.000693118,0.0391345,5,7.34e+08
-0.000162546,-0.000734244,0.0403744,5,7.47e+08
-0.000196761,-0.000735623,0.0404712,5,7.48e+08
-0.000236564,-0.000739158,0.0411538,5,7.55e+08
3.71584e-05,-0.000727294,0.0422457,5,7.66e+08
0.000125847,-0.0007255,0.0423461,5,7.67e+08
0.0015055,-0.000686802,0.0443881,5,7.87e+08
0.00155093,-0.000685106,0.0444916,5,7.88e+08
0.00200634,-0.000668865,0.0456383,5,7.99e+08
0.00242253,-0.000659249,0.0464824,5,8.07e+08
0.00246794,-0.000658151,0.0465885,5,8.08e+08
0.00330096,-0.000639799,0.0485229,5,8.26e+08
0.00331612,-0.000638714,0.0486318,5,8.27e+08
0.00277644,-0.00060689,0.0506195,5,8.45e+08
0.00273202,-0.000603937,0.0507316,5,8.46e+08
0.0022048,-0.000569442,0.0517488,5,8.55e+08
0.00150609,-0.000518808,0.0527811,5,8.64e+08
0.0014597,-0.000512134,0.0528967,5,8.65e+08
0.000265429,-0.000359519,0.0550062,5,8.83e+08
0.000237561,-0.000349373,0.0551252,5,8.84e+08
0.000248495,-0.000151376,0.0572942,5,9.02e+08
0.00025304,-0.000140067,0.0574162,5,9.03e+08
-0.000220954,5.68105e-05,0.0596381,5,9.21e+08
-0.000298671,6.72227e-05,0.0597628,5,9.22e+08
-0.000376463,7.75823e-05,0.0598876,5,9.23e+08
-0.0015581,0.000255854,0.0621516,5,9.41e+08
-0.00163249,0.000265286,0.0622782,5,9.42e+08
-0.00170393,0.000274672,0.0624049,5,9.43e+08
-0.00236604,0.000330144,0.0631664,5,9.49e+08
-0.00306743,0.000437465,0.0646975,5,9.61e+08
-0.0031054,0.00044605,0.0648256,5,9.62e+08
-0.00329887,0.000541217,0.0663698,5,9.74e+08
-0.00339557,0.000581185,0.0671472,5,9.8e+08
-0.00340573,0.000587245,0.0672771,5,9.81e+08
-0.00326247,0.000640479,0.0687129,5,9.92e+08
-0.00304449,0.000661883,0.0697648,6,0
-0.00300781,0.000663441,0.0698968,6,1e+06
-0.00282499,0.000645753,0.0724234,6,2e+07
-0.00280401,0.000642545,0.0725573,6,2.1e+07
-0.00261147,0.000538337,0.0752578,6,4.1e+07
-0.00258286,0.000531388,0.0753939,6,4.2e+07
-0.00302408,0.000385794,0.0778564,6,6e+07
-0.00304436,0.000376958,0.0779936,6,6.1e+07
-0.00333931,0.000304712,0.0790935,6,6.9e+07
-0.00439719,0.000213837,0.080468,6,7.9e+07
-0.0045218,0.00020497,0.0806052,6,8e+07
-0.00555156,0.000104313,0.0822477,6,9.2e+07
-0.00599419,4.97031e-05,0.0832074,6,9.9e+07
-0.00608275,4.20808e-05,0.0833446,6,1e+08
-0.00797387,-9.38739e-05,0.0859458,6,1.19e+08
-0.00805064,-0.000100757,0.0860825,6,1.2e+08
-0.0085336,-0.000170979,0.0874509,6,1.3e+08
-0.00859713,-0.000233287,0.0885539,6,1.38e+08
-0.00864388,-0.000250264,0.088831,6,1.4e+08
-0.00864382,-0.000324969,0.0899438,6,1.48e+08
-0.00853719,-0.000448913,0.0914868,6,1.59e+08
-0.00851995,-0.000461502,0.0916276,6,1.6e+08
-0.00805286,-0.000744486,0.0943188,6,1.79e+08
-0.00800402,-0.000761711,0.0944617,6,1.8e+08
-0.00710503,-0.00115291,0.0973486,6,2e+08
-0.00704163,-0.00117459,0.0974946,6,2.01e+08
-0.00592896,-0.00161767,0.100305,6,2.2e+08
-0.00587262,-0.00164228,0.100454,6,2.21e+08
-0.00472274,-0.00209723,0.103171,6,2.39e+08
-0.00465443,-0.00212291,0.103324,6,2.4e+08
-0.00375395,-0.0023801,0.104863,6,2.5e+08
-0.00310877,-0.00258487,0.10611,6,2.58e+08
-0.00299239,-0.00261026,0.106267,6,2.59e+08
-0.00231519,-0.00276148,0.107214,6,2.65e+08
-0.00111936,-0.00310198,0.109454,6,2.79e+08
-1.00395e-05,-0.00349591,0.112382,6,2.97e+08
1.31281e-05,-0.00351584,0.112546,6,2.98e+08
0.000861087,-0.00385847,0.11584,6,3.18e+08
0.000914606,-0.00387252,0.116006,6,3.19e+08
0.00176429,-0.00404568,0.1185,6,3.34e+08
0.00195653,-0.00407179,0.119001,6,3.37e+08
0.00202863,-0.00407987,0.119168,6,3.38e+08
0.00336352,-0.00417783,0.122534,6,3.58e+08
0.00343065,-0.00417969,0.122704,6,3.59e+08
0.00399698,-0.00418491,0.124061,6,3.67e+08
0.0047737,-0.00416855,0.125765,6,3.77e+08
0.00484221,-0.00416557,0.125936,6,3.78e+08
0.00548663,-0.00412798,0.127477,6,3.87e+08
0.00634635,-0.00407098,0.129023,6,3.96e+08
0.0064957,-0.00406349,0.129196,6,3.97e+08
0.00823281,-0.00387946,0.132483,6,4.16e+08
0.00830478,-0.00386751,0.132657,6,4.17e+08
0.00917532,-0.00370565,0.134746,6,4.29e+08
0.00960591,-0.00359517,0.13597,6,4.36e+08
0.00965878,-0.00357839,0.136145,6,4.37e+08
0.0101839,-0.00337684,0.138073,6,4.48e+08
0.0107762,-0.00321062,0.139478,6,4.56e+08
0.0108924,-0.00318873,0.139654,6,4.57e+08
0.0120739,-0.00288399,0.141932,6,4.7e+08
0.0123326,-0.00273093,0.142981,6,4.76e+08
0.012373,-0.00270462,0.143156,6,4.77e+08
0.0126035,-0.00215882,0.14648,6,4.96e+08
0.0125765,-0.00212754,0.146656,6,4.97e+08
0.0119936,-0.00151641,0.14983,6,5.15e+08
0.0119575,-0.00147985,0.150007,6,5.16e+08
0.0118196,-0.00129326,0.150894,6,5.21e+08
0.0105504,-0.000696985,0.153579,6,5.36e+08
0.0104681,-0.000655298,0.15376,6,5.37e+08
0.00885936,0.000170388,0.157237,6,5.56e+08
0.00875777,0.000215196,0.157422,6,5.57e+08
0.0065208,0.00103375,0.16081,6,5.75e+08
0.00641695,0.00107961,0.161001,6,5.76e+08
0.00470185,0.00193873,0.164679,6,5.95e+08
0.00450861,0.00206953,0.165267,6,5.98e+08
0.0036946,0.00287136,0.169221,6,6.18e+08
0.00363117,0.00290743,0.16942,6,6.19e+08
0.00220228,0.0035638,0.173622,6,6.4e+08
0.000816534,0.00397874,0.177255,6,6.58e+08
0.000756393,0.00399787,0.177457,6,6.59e+08
0.000516962,0.00405275,0.178064,6,6.62e+08
-0.000565085,0.00426932,0.181103,6,6.77e+08
-0.000579423,0.00428032,0.181305,6,6.78e+08
-0.000477828,0.00440038,0.185156,6,6.97e+08
-0.000444695,0.00440176,0.185359,6,6.98e+08
-0.000261928,0.0044021,0.18617,6,7.02e+08
0.000297948,0.00432123,0.18942,6,7.18e+08
0.000351877,0.00431196,0.189623,6,7.19e+08
0.000593763,0.0041939,0.191659,6,7.29e+08
0.000947307,0.00405181,0.193496,6,7.38e+08
0.000987284,0.00403411,0.1937,6,7.39e+08
0.00153484,0.00365961,0.197391,6,7.57e+08
0.00155409,0.00363622,0.197596,6,7.58e+08
0.00148525,0.00318794,0.201305,6,7.76e+08
0.0015232,0.00316197,0.201511,6,7.77e+08
0.00157186,0.00313592,0.201718,6,7.78e+08
0.00161017,0.00310978,0.201924,6,7.79e+08
0.00166937,0.0030309,0.202543,6,7.82e+08
0.00195462,0.00262945,0.205644,6,7.97e+08
0.00195759,0.0026025,0.20585,6,7.98e+08
0.0017639,0.0022021,0.208952,6,8.13e+08
0.00168888,0.00209788,0.209779,6,8.17e+08
0.00165045,0.00207207,0.209986,6,8.18e+08
0.00139901,0.00165113,0.213501,6,8.35e+08
0.00144594,0.00153426,0.214535,6,8.4e+08
0.0014769,0.00151125,0.214742,6,8.41e+08
0.00181722,0.001265,0.217018,6,8.52e+08
0.00194648,0.00111438,0.218466,6,8.59e+08
0.00196514,0.00109325,0.218673,6,8.6e+08
0.00222392,0.00070972,0.222601,6,8.79e+08
0.00218616,0.000690637,0.222808,6,8.8e+08
0.00173358,0.000491356,0.22508,6,8.91e+08
0.00151773,0.000376056,0.226524,6,8.98e+08
0.00147944,0.000360361,0.22673,6,8.99e+08
1.48515e-05,0.000102962,0.230643,6,9.18e+08
-6.41562e-05,9.17328e-05,0.230849,6,9.19e+08
-0.00192082,-7.65808e-05,0.234754,6,9.38e+08
-0.00203283,-8.32029e-05,0.234959,6,9.39e+08
-0.00311542,-0.000128818,0.236601,6,9.47e+08
-0.00419483,-0.00016959,0.238649,6,9.57e+08
-0.00426833,-0.000172922,0.238854,6,9.58e+08
-0.00574568,-0.000223395,0.242537,6,9.76e+08
-0.00582489,-0.000226123,0.242742,6,9.77e+08
-0.00670176,-0.000296711,0.246829,6,9.97e+08
-0.00672358,-0.00030162,0.247034,6,9.98e+08
-0.00693228,-0.000354883,0.248874,7,7e+06
-0.00688814,-0.000436308,0.250917,7,1.7e+07
-0.00690904,-0.000445931,0.251121,7,1.8e+07
-0.00635863,-0.000684084,0.254999,7,3.7e+07
-0.00629112,-0.000699689,0.255203,7,3.8e+07
-0.00501699,-0.00103585,0.258916,7,5.6e+07
-0.0049507,-0.00105741,0.259123,7,5.7e+07
-0.00450382,-0.00123949,0.260784,7,6.5e+07
-0.00399472,-0.00151291,0.263074,7,7.6e+07
-0.00395562,-0.00153882,0.263283,7,7.7e+07
-0.00323082,-0.00204969,0.267241,7,9.6e+07
-0.00322481,-0.00207715,0.26745,7,9.7e+07
-0.00213466,-0.00264884,0.271816,7,1.18e+08
-0.00196859,-0.0027026,0.272233,7,1.2e+08
-0.0018899,-0.00272943,0.272441,7,1.21e+08
-0.000513421,-0.00325517,0.276621,7,1.41e+08
-0.000433501,-0.00328069,0.276831,7,1.42e+08
0.000138201,-0.0034566,0.278297,7,1.49e+08
0.00137667,-0.00374559,0.280819,7,1.61e+08
0.00149751,-0.00376891,0.28103,7,1.62e+08
0.00234805,-0.00390632,0.282302,7,1.68e+08
0.00499205,-0.00419096,0.285095,7,1.81e+08
0.00521179,-0.00421223,0.285313,7,1.82e+08
0.00541972,-0.00423341,0.285531,7,1.83e+08
0.0102068,-0.00460176,0.289535,7,2.01e+08
0.0104974,-0.0046215,0.289762,7,2.02e+08
0.0149423,-0.00500061,0.294609,7,2.23e+08
0.0155361,-0.0050966,0.296239,7,2.3e+08
0.0156008,-0.0051083,0.296472,7,2.31e+08
0.016578,-0.00520944,0.300887,7,2.5e+08
0.0166071,-0.00520784,0.301118,7,2.51e+08
0.0167755,-0.00505088,0.305261,7,2.69e+08
0.0167575,-0.00503489,0.30549,7,2.7e+08
0.0160042,-0.00457802,0.309856,7,2.89e+08
0.0159817,-0.00454597,0.310086,7,2.9e+08
0.0159746,-0.00384669,0.314231,7,3.08e+08
0.0159865,-0.00380173,0.314461,7,3.09e+08
0.0156104,-0.00327089,0.316993,7,3.2e+08
0.0153985,-0.00245354,0.320456,7,3.35e+08
0.0153821,-0.00239598,0.320686,7,3.36e+08
0.0151044,-0.00186382,0.322761,7,3.45e+08
0.0148075,-0.00130958,0.324837,7,3.54e+08
0.014792,-0.0012469,0.325068,7,3.55e+08
0.0144969,-0.000739376,0.326913,7,3.63e+08
0.0140982,-9.40909e-05,0.329222,7,3.73e+08
0.0140716,-2.91615e-05,0.329452,7,3.74e+08
0.0138218,0.000361137,0.330839,7,3.8e+08
0.0134539,0.00113978,0.333609,7,3.92e+08
0.0134215,0.00120426,0.33384,7,3.93e+08
0.0130443,0.00178006,0.335917,7,4.02e+08
0.0126379,0.00234557,0.337994,7,4.11e+08
0.0125925,0.00240763,0.338225,7,4.12e+08
0.0122404,0.00313722,0.340991,7,4.24e+08
0.0123028,0.00348891,0.342369,7,4.3e+08
0.0123309,0.00354649,0.342598,7,4.31e+08
0.0120177,0.00452609,0.346701,7,4.49e+08
0.0119562,0.00462808,0.347156,7,4.51e+08
0.0110581,0.00543962,0.351013,7,4.68e+08
0.0109831,0.0054844,0.35124,7,4.69e+08
0.0108914,0.00552887,0.351467,7,4.7e+08
0.00943087,0.00604072,0.354207,7,4.82e+08
0.00857264,0.00628292,0.355589,7,4.88e+08
0.0084433,0.00632245,0.35582,7,4.89e+08
0.00744695,0.00662993,0.357675,7,4.97e+08
0.00654011,0.00698894,0.360007,7,5.07e+08
0.0064643,0.00702305,0.360241,7,5.08e+08
0.00495798,0.007623,0.364929,7,5.28e+08
0.00487461,0.00764857,0.365164,7,5.29e+08
0.00377097,0.00803163,0.369409,7,5.47e+08
0.00370185,0.00804849,0.369644,7,5.48e+08
0.00236916,0.00827033,0.373896,7,5.66e+08
0.00227321,0.00827816,0.374132,7,5.67e+08
0.000880221,0.00834051,0.378396,7,5.85e+08
0.000847245,0.00833969,0.378633,7,5.86e+08
-7.47877e-05,0.00826484,0.382417,7,6.02e+08
-0.000355729,0.00823846,0.383127,7,6.05e+08
-0.000439497,0.00822887,0.383364,7,6.06e+08
-0.00108279,0.00815107,0.385021,7,6.13e+08
-0.00209816,0.00797715,0.387864,7,6.25e+08
-0.00218966,0.00796047,0.3881,7,6.26e+08
-0.00227795,0.00794345,0.388337,7,6.27e+08
-0.00294399,0.00773484,0.390943,7,6.38e+08
-0.00333576,0.00758106,0.3926,7,6.45e+08
-0.0034208,0.00755774,0.392837,7,6.46e+08
-0.00569609,0.00702934,0.397568,7,6.66e+08
-0.00584051,0.0070002,0.397805,7,6.67e+08
-0.00676337,0.00679036,0.399459,7,6.74e+08
-0.00789465,0.00640844,0.402292,7,6.86e+08
-0.00794982,0.00637533,0.402528,7,6.87e+08
-0.00940727,0.00581703,0.406301,7,7.03e+08
-0.00965102,0.00570619,0.407007,7,7.06e+08
-0.00973109,0.00566879,0.407243,7,7.07e+08
-0.0103531,0.00495199,0.41147,7,7.25e+08
-0.0103372,0.00490946,0.411705,7,7.26e+08
-0.0102282,0.00446681,0.414056,7,7.36e+08
-0.00998748,0.0039436,0.416644,7,7.47e+08
-0.00996554,0.00389422,0.41688,7,7.48e+08
-0.00975903,0.0034889,0.418763,7,7.56e+08
-0.00909248,0.00295771,0.421125,7,7.66e+08
-0.00903716,0.00290315,0.421362,7,7.67e+08
-0.00829294,0.00223163,0.42421,7,7.79e+08
-0.00802222,0.0018866,0.425639,7,7.85e+08
-0.00797857,0.0018287,0.425878,7,7.86e+08
-0.00678248,0.000603228,0.430904,7,8.07e+08
-0.00671699,0.0005451,0.431144,7,8.08e+08
-0.00575455,-0.000536144,0.43571,7,8.27e+08
-0.00565484,-0.00059143,0.43595,7,8.28e+08
-0.00557352,-0.000646541,0.436191,7,8.29e+08
-0.00461736,-0.00113394,0.438365,7,8.38e+08
-0.00365487,-0.00160509,0.440551,7,8.47e+08
-0.00359392,-0.0016563,0.440795,7,8.48e+08
-0.00326126,-0.00256761,0.445411,7,8.67e+08
-0.00326325,-0.00261167,0.445653,7,8.68e+08
-0.00312497,-0.00298786,0.447829,7,8.77e+08
-0.00291918,-0.00339656,0.450482,7,8.88e+08
-0.00292717,-0.00343089,0.450723,7,8.89e+08
-0.00273058,-0.00365799,0.452407,7,8.96e+08
-0.00218068,-0.00396997,0.455051,7,9.07e+08
-0.00212777,-0.00399574,0.455291,7,9.08e+08
-0.00120484,-0.00425249,0.457938,7,9.19e+08
-0.000425245,-0.00439246,0.459627,7,9.26e+08
-0.000306049,-0.00441109,0.459868,7,9.27e+08
0.000638089,-0.0046089,0.462771,7,9.39e+08
0.0010511,-0.00468967,0.464223,7,9.45e+08
0.00112096,-0.00470194,0.464465,7,9.46e+08
0.00273124,-0.00488889,0.47003,7,9.69e+08
0.00284051,-0.00489288,0.470272,7,9.7e+08
0.00504184,-0.00491005,0.47464,7,9.88e+08
0.00516165,-0.00490804,0.474883,7,9.89e+08
0.00638879,-0.00488101,0.47683,7,9.97e+08
0.00803865,-0.0048205,0.47927,8,7e+06
0.00821567,-0.00481285,0.479514,8,8e+06
0.0105148,-0.00466347,0.483182,8,2.3e+07
0.0109362,-0.00462566,0.483916,8,2.6e+07
0.0110858,-0.00461245,0.484161,8,2.7e+07
0.0134949,-0.00431961,0.48857,8,4.5e+07
0.013606,-0.00430003,0.488814,8,4.6e+07
0.0143826,-0.00415182,0.490525,8,5.3e+07
0.01528,-0.00387502,0.493205,8,6.4e+07
0.0153231,-0.00384696,0.493448,8,6.5e+07
0.0152208,-0.00324564,0.497824,8,8.3e+07
0.0152583,-0.00320672,0.498067,8,8.4e+07
0.0153212,-0.00291898,0.499766,8,9.1e+07
0.0151872,-0.00236531,0.502672,8,1.03e+08
0.0152023,-0.0023159,0.502914,8,1.04e+08
0.0148061,-0.00129674,0.507484,8,1.23e+08
0.0147362,-0.00123899,0.507725,8,1.24e+08
0.0142759,-0.000763074,0.509653,8,1.32e+08
0.0137287,-7.45115e-05,0.512304,8,1.43e+08
0.013694,-1.03024e-05,0.512545,8,1.44e+08
0.0123727,0.00124295,0.517117,8,1.63e+08
0.0122179,0.00131036,0.517359,8,1.64e+08
0.0101109,0.00220036,0.520536,8,1.77e+08
0.00924193,0.00261749,0.522021,8,1.83e+08
0.00889913,0.00275697,0.522518,8,1.85e+08
0.00641843,0.00400758,0.527049,8,2.03e+08
0.0063016,0.00407586,0.527303,8,2.04e+08
0.00525061,0.00525262,0.531886,8,2.22e+08
0.00523511,0.00531414,0.53214,8,2.23e+08
0.00395045,0.00633302,0.536716,8,2.41e+08
0.00382906,0.00638457,0.536971,8,2.42e+08
0.00241683,0.00721997,0.541577,8,2.6e+08
0.00236263,0.00726092,0.541833,8,2.61e+08
0.00198082,0.00779969,0.545657,8,2.76e+08
0.00189955,0.00791869,0.546672,8,2.8e+08
0.00187422,0.00794679,0.546925,8,2.81e+08
0.00142975,0.00834301,0.551465,8,2.99e+08
0.00140687,0.00835913,0.551716,8,3e+08
0.00138815,0.00837465,0.551967,8,3.01e+08
0.0012804,0.00841768,0.55272,8,3.04e+08
0.00062204,0.00855189,0.556225,8,3.18e+08
0.000544302,0.00855755,0.556475,8,3.19e+08
0.000471915,0.00856272,0.556725,8,3.2e+08
-0.0010596,0.00858052,0.561232,8,3.38e+08
-0.00113832,0.00857768,0.561482,8,3.39e+08
-0.00188438,0.00854174,0.563487,8,3.47e+08
-0.00296,0.008466,0.565998,8,3.57e+08
-0.00308096,0.00845667,0.566249,8,3.58e+08
-0.00408285,0.00837154,0.568263,8,3.66e+08
-0.00499839,0.0082254,0.571039,8,3.77e+08
-0.00507203,0.00821044,0.571292,8,3.78e+08
-0.00570381,0.0080804,0.573312,8,3.86e+08
-0.00619968,0.00787027,0.576091,8,3.97e+08
-0.00622558,0.00784923,0.576343,8,3.98e+08
-0.0066735,0.00756931,0.579367,8,4.1e+08
-0.00703903,0.00732645,0.581631,8,4.19e+08
-0.00708537,0.00729777,0.581882,8,4.2e+08
-0.00729811,0.00672826,0.586394,8,4.38e+08
-0.00729215,0.00669377,0.586643,8,4.39e+08
-0.00671096,0.00598627,0.591374,8,4.58e+08
-0.00666217,0.00594645,0.591622,8,4.59e+08
-0.00575848,0.00514877,0.596316,8,4.78e+08
-0.00576236,0.00510508,0.596563,8,4.79e+08
-0.00553218,0.00431052,0.600992,8,4.97e+08
-0.00550776,0.00426641,0.601237,8,4.98e+08
-0.00526278,0.00395916,0.602956,8,5.05e+08
-0.00462073,0.00348407,0.605647,8,5.16e+08
-0.00458495,0.00344145,0.605891,8,5.17e+08
-0.00476934,0.00266407,0.610513,8,5.36e+08
-0.00479032,0.00258719,0.610999,8,5.38e+08
-0.00515573,0.00215172,0.613908,8,5.5e+08
-0.00534481,0.00192031,0.615602,8,5.57e+08
-0.00535421,0.00188868,0.615843,8,5.58e+08
-0.00518715,0.00137796,0.620176,8,5.76e+08
-0.00517492,0.00135265,0.620416,8,5.77e+08
-0.00492822,0.00109332,0.623042,8,5.88e+08
-0.00471073,0.000925712,0.624941,8,5.96e+08
-0.00464493,0.000905947,0.625178,8,5.97e+08
-0.00376138,0.000590402,0.629401,8,6.15e+08
-0.00373551,0.000575119,0.629633,8,6.16e+08
-0.0038503,0.000346593,0.633803,8,6.34e+08
-0.0038127,0.000336711,0.634034,8,6.35e+08
-0.00349405,0.000222437,0.637473,8,6.5e+08
-0.00356511,0.00020719,0.638157,8,6.53e+08
-0.00358897,0.000202693,0.638385,8,6.54e+08
-0.00360827,0.000173793,0.642689,8,6.73e+08
-0.00357319,0.000175111,0.642914,8,6.74e+08
-0.0030904,0.000234565,0.646696,8,6.91e+08
-0.00309414,0.000240159,0.646916,8,6.92e+08
-0.00378133,0.000372965,0.650651,8,7.09e+08
-0.00380786,0.000383101,0.65087,8,7.1e+08
-0.00383107,0.00039349,0.651089,8,7.11e+08
-0.00424071,0.000577683,0.654359,8,7.26e+08
-0.00442762,0.000620542,0.65501,8,7.29e+08
-0.00451839,0.000635275,0.655227,8,7.3e+08
-0.0066955,0.000941133,0.659147,8,7.48e+08
-0.00684342,0.000960526,0.659367,8,7.49e+08
-0.00764751,0.001103,0.660906,8,7.56e+08
-0.00888982,0.00134595,0.663336,8,7.67e+08
-0.0090022,0.00136891,0.663557,8,7.68e+08
-0.0102195,0.00160376,0.66578,8,7.78e+08
-0.0114593,0.00179641,0.667573,8,7.86e+08
-0.0116175,0.00182069,0.667797,8,7.87e+08
-0.012895,0.00201558,0.669603,8,7.95e+08
-0.0141606,0.0022809,0.672105,8,8.06e+08
-0.0142499,0.00230443,0.672333,8,8.07e+08
-0.0152511,0.00263131,0.675762,8,8.22e+08
-0.015586,0.00277644,0.677595,8,8.3e+08
-0.0156115,0.00279278,0.677825,8,8.31e+08
-0.0156209,0.0028087,0.678054,8,8.32e+08
-0.0160997,0.00297464,0.681036,8,8.45e+08
-0.0162149,0.00301806,0.682183,8,8.5e+08
-0.0162148,0.00302538,0.682413,8,8.51e+08
-0.0161615,0.00303862,0.682871,8,8.53e+08
-0.015364,0.00306945,0.686999,8,8.71e+08
-0.0153261,0.00306638,0.687229,8,8.72e+08
-0.0152063,0.00303757,0.688605,8,8.78e+08
-0.0147589,0.0029414,0.691127,8,8.89e+08
-0.0147219,0.00293002,0.691357,8,8.9e+08
-0.0146971,0.00291824,0.691586,8,8.91e+08
-0.014276,0.00264336,0.695717,8,9.09e+08
-0.0142764,0.00262515,0.695947,8,9.1e+08
-0.0142927,0.00224089,0.700304,8,9.29e+08
-0.0142759,0.00221913,0.700533,8,9.3e+08
-0.0138702,0.00204075,0.702364,8,9.38e+08
-0.0135043,0.00180828,0.704645,8,9.48e+08
-0.0134703,0.00178458,0.704873,8,9.49e+08
-0.0132743,0.00159303,0.706691,8,9.57e+08
-0.0130461,0.00135144,0.708957,8,9.67e+08
-0.0130495,0.00132732,0.709183,8,9.68e+08
-0.013145,0.00113616,0.710988,8,9.76e+08
-0.0129515,0.000881103,0.713461,8,9.87e+08
-0.0129358,0.000858444,0.713685,8,9.88e+08
-0.0126425,0.000408817,0.718369,9,9e+06
-0.0125826,0.000388767,0.718591,9,1e+07
-0.0119629,4.63903e-05,0.722559,9,2.8e+07
-0.0119664,2.85684e-05,0.722778,9,2.9e+07
-0.0122586,-0.000107817,0.724529,9,3.7e+07
-0.0129906,-0.00027317,0.726928,9,4.8e+07
-0.0130775,-0.000286728,0.727145,9,4.9e+07
-0.0153002,-0.000454707,0.730408,9,6.4e+07
-0.0158575,-0.000479215,0.731061,9,6.7e+07
-0.0160281,-0.000486644,0.731278,9,6.8e+07
-0.0170152,-0.000523406,0.732584,9,7.4e+07
-0.0191202,-0.000559032,0.7352,9,8.6e+07
-0.0193017,-0.000559905,0.735418,9,8.7e+07
-0.0221752,-0.000534228,0.739788,9,1.07e+08
-0.0222691,-0.000531833,0.740007,9,1.08e+08
-0.0227934,-0.000515824,0.74154,9,1.15e+08
-0.0232281,-0.000501297,0.743956,9,1.26e+08
-0.0232775,-0.000501063,0.744176,9,1.27e+08
-0.0248201,-0.000540257,0.74834,9,1.46e+08
-0.0248993,-0.000544719,0.748557,9,1.47e+08
-0.0268295,-0.000678713,0.75262,9,1.66e+08
-0.0269139,-0.000688493,0.75283,9,1.67e+08
-0.0280063,-0.000815918,0.755111,9,1.78e+08
-0.0287875,-0.000915153,0.756527,9,1.85e+08
-0.0288704,-0.000930454,0.756727,9,1.86e+08
-0.0289629,-0.000946045,0.756927,9,1.87e+08
-0.0299157,-0.00127796,0.760433,9,2.05e+08
-0.0299351,-0.00132143,0.760814,9,2.07e+08
-0.0299473,-0.00134371,0.761005,9,2.08e+08
-0.0293146,-0.00193565,0.765137,9,2.3e+08
-0.0292439,-0.00196769,0.765324,9,2.31e+08
-0.0286768,-0.00231444,0.767189,9,2.41e+08
-0.0286577,-0.00235159,0.767374,9,2.42e+08
-0.0286215,-0.00238915,0.76756,9,2.43e+08
-0.0276021,-0.00312941,0.77086,9,2.61e+08
-0.0274812,-0.00317386,0.771043,9,2.62e+08
-0.0247783,-0.00408323,0.774573,9,2.81e+08
-0.02444,-0.00418548,0.774951,9,2.83e+08
-0.0222193,-0.00487445,0.777449,9,2.96e+08
-0.0220204,-0.00492895,0.777644,9,2.97e+08
-0.0218414,-0.00498364,0.77784,9,2.98e+08
-0.0194912,-0.00559503,0.780036,9,3.09e+08
-0.017129,-0.00627223,0.782521,9,3.21e+08
-0.0168111,-0.00638453,0.782942,9,3.23e+08
-0.0166666,-0.0064405,0.783152,9,3.24e+08
-0.014984,-0.00730341,0.786536,9,3.4e+08
-0.014761,-0.00740527,0.786961,9,3.42e+08
-0.0132467,-0.00806833,0.78995,9,3.56e+08
-0.0126822,-0.00828141,0.791024,9,3.61e+08
-0.0125504,-0.00832241,0.791239,9,3.62e+08
-0.0124232,-0.00836287,0.791455,9,3.63e+08
-0.0112985,-0.00877039,0.793833,9,3.74e+08
-0.0106071,-0.009021,0.795567,9,3.82e+08
-0.0104703,-0.00907734,0.796001,9,3.84e+08
-0.00939903,-0.00934116,0.798389,9,3.95e+08
-0.00878535,-0.00946885,0.799913,9,4.02e+08
-0.00870688,-0.00948457,0.800131,9,4.03e+08
-0.00795465,-0.00957726,0.801658,9,4.1e+08
-0.00595666,-0.00966908,0.804293,9,4.22e+08
-0.00572835,-0.00967321,0.804514,9,4.23e+08
-0.00276357,-0.0096783,0.807872,9,4.38e+08
-0.00261261,-0.00967494,0.808098,9,4.39e+08
-0.0024609,-0.00967111,0.808324,9,4.4e+08
-0.00228169,-0.00966681,0.80855,9,4.41e+08
0.000680212,-0.00949114,0.812875,9,4.6e+08
0.000805165,-0.0094767,0.813104,9,4.61e+08
0.00154746,-0.0093604,0.814711,9,4.68e+08
0.00251788,-0.00907073,0.817703,9,4.81e+08
0.00254318,-0.00904435,0.817934,9,4.82e+08
0.00244089,-0.00842263,0.822317,9,5.01e+08
0.00244589,-0.00838332,0.822548,9,5.02e+08
0.00244479,-0.00834335,0.822779,9,5.03e+08
0.00211895,-0.00761622,0.826472,9,5.19e+08
0.00212598,-0.00741015,0.827396,9,5.23e+08
0.00214171,-0.00735728,0.827627,9,5.24e+08
0.00245462,-0.00632865,0.831784,9,5.42e+08
0.00249208,-0.006268,0.832015,9,5.43e+08
0.00251326,-0.00620706,0.832245,9,5.44e+08
0.00276967,-0.00571083,0.834092,9,5.52e+08
0.00329842,-0.00501064,0.836628,9,5.63e+08
0.00335134,-0.00494641,0.836858,9,5.64e+08
0.00428159,-0.00372458,0.841218,9,5.83e+08
0.00432758,-0.00366056,0.841447,9,5.84e+08
0.00559467,-0.00252334,0.84554,9,6.02e+08
0.00570562,-0.00246132,0.845766,9,6.03e+08
0.00681767,-0.00137524,0.849807,9,6.21e+08
0.00687296,-0.00131656,0.85003,9,6.22e+08
0.00740865,-0.000288451,0.854033,9,6.4e+08
0.00740651,-0.000232698,0.854254,9,6.41e+08
0.00705255,0.000756331,0.858232,9,6.59e+08
0.00702061,0.000810713,0.858452,9,6.6e+08
0.00582057,0.00178355,0.862425,9,6.78e+08
0.00575623,0.00183732,0.862646,9,6.79e+08
0.00528441,0.00226533,0.864415,9,6.87e+08
0.00421091,0.0028464,0.866856,9,6.98e+08
0.0040968,0.00289874,0.867078,9,6.99e+08
0.00196772,0.00387146,0.871334,9,7.18e+08
0.00183714,0.00392123,0.87156,9,7.19e+08
0.00127476,0.00416735,0.872691,9,7.24e+08
0.000416533,0.0047337,0.875416,9,7.36e+08
0.000375988,0.00477895,0.875643,9,7.37e+08
6.97578e-05,0.00521054,0.877911,9,7.47e+08
7.54162e-05,0.00548756,0.879493,9,7.54e+08
9.23421e-05,0.00552526,0.879718,9,7.55e+08
0.000550019,0.00611434,0.883734,9,7.73e+08
0.000581104,0.00614187,0.883954,9,7.74e+08
0.000597802,0.00616885,0.884175,9,7.75e+08
0.00014616,0.00656444,0.888122,9,7.93e+08
9.27827e-05,0.00658183,0.888341,9,7.94e+08
-0.000805263,0.00684553,0.892704,9,8.14e+08
-0.000876898,0.00685493,0.892921,9,8.15e+08
-0.00386187,0.00701831,0.899685,9,8.46e+08
-0.00396869,0.00702008,0.899903,9,8.47e+08
-0.0040832,0.00702167,0.900121,9,8.48e+08
-0.00618761,0.00701941,0.904066,9,8.66e+08
-0.00631289,0.00701745,0.904286,9,8.67e+08
-0.00890537,0.00692717,0.908931,9,8.88e+08
-0.00902075,0.0069204,0.909153,9,8.89e+08
-0.00976883,0.00686615,0.910711,9,8.96e+08
-0.0114363,0.0067567,0.913169,9,9.07e+08
-0.0116035,0.00674533,0.913393,9,9.08e+08
-0.0143723,0.0064657,0.917893,9,9.28e+08
-0.014517,0.0064487,0.918119,9,9.29e+08
-0.0166286,0.00608386,0.922176,9,9.47e+08
-0.0167171,0.00606014,0.922401,9,9.48e+08
-0.0178657,0.00553497,0.92667,9,9.67e+08
-0.0179226,0.00550328,0.926894,9,9.68e+08
-0.0179877,0.00547119,0.927118,9,9.69e+08
-0.0187606,0.00509161,0.929574,9,9.8e+08
-0.0189817,0.0049801,0.93024,9,9.83e+08
-0.0190475,0.00494219,0.930461,9,9.84e+08
-0.0191753,0.00486528,0.930904,9,9.86e+08
-0.020448,0.00415426,0.934632,10,3e+06
-0.0206675,0.00406445,0.935065,10,5e+06
-0.0208629,0.00397355,0.935497,10,7e+06
-0.0218457,0.00355194,0.937417,10,1.6e+07
-0.0223274,0.00330984,0.938469,10,2.1e+07
-0.022426,0.00326081,0.938678,10,2.2e+07
-0.0236825,0.00224246,0.942772,10,4.2e+07
-0.0236991,0.0021896,0.942973,10,4.3e+07
-0.0239754,0.00120298,0.94655,10,6.1e+07
-0.0239655,0.00114618,0.946746,10,6.2e+07
-0.0237359,0.000326164,0.949472,10,7.6e+07
-0.0238315,2.34766e-05,0.950431,10,8.1e+07
-0.0238583,-3.75169e-05,0.950622,10,8.2e+07
-0.0232462,-0.00128264,0.954362,10,1.02e+08
-0.0232189,-0.00134628,0.954548,10,1.03e+08
-0.0223837,-0.00243804,0.957672,10,1.2e+08
-0.0223008,-0.00250273,0.957855,10,1.21e+08
-0.0203148,-0.00360774,0.960967,10,1.38e+08
-0.0198788,-0.00373862,0.961339,10,1.4e+08
-0.0177693,-0.00433257,0.963051,10,1.49e+08
-0.0163992,-0.0048648,0.964619,10,1.57e+08
-0.0162393,-0.00493121,0.964817,10,1.58e+08
-0.0146671,-0.00558931,0.966808,10,1.68e+08
-0.0133931,-0.00616535,0.968625,10,1.77e+08
-0.0132272,-0.006228,0.968829,10,1.78e+08
-0.0101626,-0.0070722,0.971729,10,1.92e+08
-0.00991766,-0.00713005,0.971941,10,1.93e+08
-0.00966481,-0.00718755,0.972154,10,1.94e+08
-0.00643716,-0.00795194,0.975208,10,2.08e+08
-0.00619775,-0.00800326,0.97543,10,2.09e+08
-0.00594635,-0.00805411,0.975653,10,2.1e+08
-0.00225315,-0.00875271,0.979062,10,2.25e+08
-0.00200234,-0.00879466,0.979293,10,2.26e+08
-0.00177209,-0.00883599,0.979525,10,2.27e+08
0.001471,-0.00946397,0.983715,10,2.45e+08
0.00160907,-0.00949191,0.983948,10,2.46e+08
0.00368563,-0.009813,0.987417,10,2.61e+08
0.00406126,-0.00985429,0.988105,10,2.64e+08
0.00418946,-0.00986629,0.988334,10,2.65e+08
0.00540697,-0.00991958,0.992627,10,2.84e+08
0.00541188,-0.00991274,0.99285,10,2.85e+08
0.00588691,-0.00969014,0.996153,10,3e+08
0.0059331,-0.00966739,0.996371,10,3.01e+08
0.00597008,-0.00964367,0.996589,10,3.02e+08
0.00643082,-0.00905802,1.00049,10,3.2e+08
0.00647255,-0.00901702,1.00071,10,3.21e+08
0.00651947,-0.00897519,1.00092,10,3.22e+08
0.00724016,-0.00851374,1.00307,10,3.32e+08
0.00736787,-0.00841267,1.0035,10,3.34e+08
0.00741958,-0.00836111,1.00372,10,3.35e+08
0.00745508,-0.00830887,1.00393,10,3.36e+08
0.0075012,-0.00825596,1.00414,10,3.37e+08
0.00777121,-0.00769161,1.00628,10,3.47e+08
0.00779624,-0.00763178,1.0065,10,3.48e+08
0.00784334,-0.00757137,1.00671,10,3.49e+08
0.00851281,-0.00660312,1.0099,10,3.64e+08
0.00852717,-0.00653481,1.01011,10,3.65e+08
0.00852882,-0.00646606,1.01032,10,3.66e+08
0.00831922,-0.00597273,1.01181,10,3.73e+08
0.00814777,-0.00477488,1.01519,10,3.89e+08
0.00815969,-0.00469734,1.01541,10,3.9e+08
0.00857342,-0.00318931,1.0194,10,4.09e+08
0.00856103,-0.0031087,1.01961,10,4.1e+08
0.00860538,-0.00262348,1.02086,10,4.16e+08
0.00838044,-0.00164946,1.02337,10,4.28e+08
0.00833403,-0.00156822,1.02358,10,4.29e+08
0.00711513,-2.78709e-05,1.02755,10,4.48e+08
0.00704332,5.26932e-05,1.02775,10,4.49e+08
0.00573883,0.00148219,1.03153,10,4.67e+08
0.00563424,0.00156007,1.03174,10,4.68e+08
0.00520195,0.00194651,1.03279,10,4.73e+08
0.0036506,0.00292462,1.03555,10,4.86e+08
0.00352426,0.00299814,1.03576,10,4.87e+08
0.00259551,0.00350483,1.03725,10,4.94e+08
0.000850719,0.00427072,1.03963,10,5.05e+08
0.000723189,0.00433831,1.03984,10,5.06e+08
-5.99976e-05,0.00486459,1.04158,10,5.14e+08
-0.000527875,0.0054795,1.04376,10,5.24e+08
-0.000527851,0.00553791,1.04398,10,5.25e+08
-0.000159653,0.00647341,1.04788,10,5.43e+08
-8.23009e-05,0.00651837,1.0481,10,5.44e+08
-2.46569e-05,0.00656253,1.04831,10,5.45e+08
0.00095436,0.00724895,1.05239,10,5.64e+08
0.00102269,0.00727715,1.0526,10,5.65e+08
0.00107401,0.00730456,1.05281,10,5.66e+08
0.00236734,0.00768484,1.05683,10,5.85e+08
0.00242392,0.00769781,1.05704,10,5.86e+08
0.00245692,0.00771012,1.05725,10,5.87e+08
0.00291895,0.00783195,1.06101,10,6.05e+08
0.00296629,0.00783386,1.06121,10,6.06e+08
0.00300371,0.00783532,1.06142,10,6.07e+08
0.00256876,0.00779988,1.06515,10,6.25e+08
0.00251686,0.00779531,1.06535,10,6.26e+08
0.00182483,0.00768708,1.06907,10,6.44e+08
0.00175848,0.00767998,1.06928,10,6.45e+08
0.000796778,0.0075496,1.07278,10,6.62e+08
0.000694373,0.0075334,1.07319,10,6.64e+08
0.00061695,0.00752526,1.0734,10,6.65e+08
0.00025784,0.00748416,1.07442,10,6.7e+08
-0.000604925,0.00737534,1.07709,10,6.83e+08
-0.000671485,0.00736684,1.0773,10,6.84e+08
-0.00187882,0.00719991,1.0812,10,7.03e+08
-0.00192249,0.00719072,1.0814,10,7.04e+08
-0.00193006,0.00698981,1.08547,10,7.24e+08
-0.00190362,0.00697854,1.08567,10,7.25e+08
-0.00177489,0.00673442,1.08944,10,7.44e+08
-0.00180587,0.00672015,1.08964,10,7.45e+08
-0.00266542,0.00643503,1.09337,10,7.64e+08
-0.00268676,0.00641963,1.09357,10,7.65e+08
-0.00359645,0.00614233,1.09707,10,7.83e+08
-0.00364636,0.00612711,1.09726,10,7.84e+08
-0.00501336,0.00584709,1.10093,10,8.03e+08
-0.0052705,0.00579132,1.1017,10,8.07e+08
-0.00532536,0.00577756,1.10189,10,8.08e+08
-0.00613098,0.00560519,1.10438,10,8.21e+08
-0.00616205,0.00559235,1.10457,10,8.22e+08
-0.00619198,0.00557954,1.10476,10,8.23e+08
-0.0063509,0.00554133,1.10534,10,8.26e+08
-0.00652231,0.00550339,1.10591,10,8.29e+08
-0.00657502,0.00549078,1.1061,10,8.3e+08
-0.00661611,0.0054782,1.10629,10,8.31e+08
-0.00696823,0.00524859,1.10969,10,8.49e+08
-0.00700735,0.00523547,1.10988,10,8.5e+08
-0.00711191,0.00497606,1.11343,10,8.69e+08
-0.00710081,0.00496174,1.11361,10,8.7e+08
-0.00706189,0.00466214,1.11729,10,8.9e+08
-0.00696658,0.0046308,1.11765,10,8.92e+08
-0.00678983,0.00426812,1.12162,10,9.14e+08
-0.00677212,0.00425124,1.1218,10,9.15e+08
-0.00658043,0.0041499,1.12287,10,9.21e+08
-0.00652491,0.00413299,1.12305,10,9.22e+08
-0.00646523,0.00411608,1.12323,10,9.23e+08
-0.00556239,0.00377803,1.12676,10,9.43e+08
-0.00552643,0.00376122,1.12693,10,9.44e+08
-0.00535565,0.00348379,1.12988,10,9.61e+08
-0.00535012,0.00346822,1.13005,10,9.62e+08
-0.00527766,0.00333332,1.1316,10,9.71e+08
-0.00509101,0.00319604,1.13331,10,9.81e+08
-0.0050848,0.00317031,1.13365,10,9.83e+08
-0.00511769,0.00314521,1.13398,10,9.85e+08
-0.00480684,0.00294915,1.137,11,3e+06
-0.00478097,0.00293983,1.13717,11,4e+06
-0.00434337,0.00279874,1.14011,11,2.2e+07
-0.00431407,0.00279241,1.14027,11,2.3e+07
-0.00403513,0.00270318,1.14331,11,4.2e+07
-0.00399335,0.00270014,1.14346,11,4.3e+07
-0.00361799,0.00267476,1.14549,11,5.6e+07
-0.00336912,0.00267165,1.14625,11,6.1e+07
-0.00334377,0.00267143,1.14641,11,6.2e+07
-0.00343641,0.00271291,1.15001,11,8.6e+07
-0.00341942,0.00271676,1.15016,11,8.7e+07
-0.0041619,0.00282301,1.15295,11,1.06e+08
-0.00424468,0.00283057,1.15309,11,1.07e+08
-0.00516781,0.00290891,1.15441,11,1.16e+08
-0.00639546,0.00301932,1.15589,11,1.26e+08
-0.00648477,0.00303173,1.15603,11,1.27e+08
-0.00809326,0.00328926,1.15871,11,1.45e+08
-0.00816095,0.0033051,1.15886,11,1.46e+08
-0.00886897,0.0034353,1.16006,11,1.54e+08
-0.0102954,0.00360433,1.16156,11,1.64e+08
-0.0104549,0.00362154,1.16172,11,1.65e+08
-0.0119069,0.00393108,1.16446,11,1.83e+08
-0.0119652,0.00394754,1.16462,11,1.84e+08
-0.0133452,0.00421385,1.16738,11,2.02e+08
-0.0133998,0.00422673,1.16753,11,2.03e+08
-0.0134576,0.00423937,1.16768,11,2.04e+08
-0.0140432,0.00442193,1.17044,11,2.22e+08
-0.014033,0.00442928,1.17059,11,2.23e+08
-0.013053,0.00449737,1.17377,11,2.44e+08
-0.0130543,0.00449619,1.17392,11,2.45e+08
-0.0125803,0.00440401,1.17676,11,2.64e+08
-0.0125444,0.00439572,1.17691,11,2.65e+08
-0.0124571,0.00418672,1.17975,11,2.84e+08
-0.0124469,0.00417354,1.17989,11,2.85e+08
-0.0124431,0.00416019,1.18004,11,2.86e+08
-0.0124195,0.00389758,1.18272,11,3.04e+08
-0.012378,0.00386646,1.18301,11,3.06e+08
-0.0120423,0.00365758,1.18493,11,3.19e+08
-0.0119417,0.00352497,1.18609,11,3.27e+08
-0.0119303,0.00350828,1.18624,11,3.28e+08
-0.0124645,0.00319362,1.18899,11,3.47e+08
-0.0124976,0.00317758,1.18913,11,3.48e+08
-0.0128152,0.00296289,1.19113,11,3.62e+08
-0.0127299,0.00289067,1.19184,11,3.67e+08
-0.0126754,0.00287646,1.19198,11,3.68e+08
-0.0125395,0.00268355,1.19396,11,3.82e+08
-0.012913,0.00260472,1.1948,11,3.88e+08
-0.0129569,0.00259191,1.19494,11,3.89e+08
-0.0139622,0.00235953,1.19771,11,4.09e+08
-0.0140162,0.00234914,1.19785,11,4.1e+08
-0.0149891,0.00217431,1.20046,11,4.29e+08
-0.015055,0.0021662,1.2006,11,4.3e+08
-0.0159359,0.00202091,1.20331,11,4.5e+08
-0.0159682,0.00201429,1.20345,11,4.51e+08
-0.0162664,0.00194979,1.20479,11,4.61e+08
-0.0168812,0.00188646,1.20613,11,4.71e+08
-0.01695,0.00188019,1.20626,11,4.72e+08
-0.0173544,0.00182407,1.20746,11,4.81e+08
-0.0175275,0.00177347,1.20851,11,4.89e+08
-0.0175481,0.00176701,1.20864,11,4.9e+08
-0.0175751,0.00176052,1.20877,11,4.91e+08
-0.0173587,0.00163209,1.21112,11,5.09e+08
-0.0173653,0.0016241,1.21125,11,5.1e+08
-0.0173476,0.00161601,1.21138,11,5.11e+08
-0.0175301,0.00145391,1.21368,11,5.29e+08
-0.0175589,0.00144408,1.21381,11,5.3e+08
-0.017875,0.00136336,1.21482,11,5.38e+08
-0.0182067,0.00123767,1.21632,11,5.5e+08
-0.0182116,0.00122702,1.21645,11,5.51e+08
-0.0193179,0.0010229,1.21878,11,5.7e+08
-0.0193602,0.00101236,1.2189,11,5.71e+08
-0.0195999,0.000825215,1.22105,11,5.89e+08
-0.0195902,0.00081471,1.22117,11,5.9e+08
-0.0192083,0.000717392,1.22223,11,5.99e+08
-0.0183537,0.000574517,1.22365,11,6.11e+08
-0.0174832,0.000324503,1.22577,11,6.29e+08
-0.0174363,0.000309531,1.22589,11,6.3e+08
-0.015796,-9.61705e-06,1.22825,11,6.5e+08
-0.0157009,-2.63927e-05,1.22837,11,6.51e+08
-0.0143972,-0.00034964,1.23064,11,6.7e+08
-0.0142666,-0.000383309,1.23088,11,6.72e+08
-0.013708,-0.000685488,1.23315,11,6.91e+08
-0.0136778,-0.000699963,1.23326,11,6.92e+08
-0.0125642,-0.000960239,1.23576,11,7.13e+08
-0.0125313,-0.000970492,1.23588,11,7.14e+08
-0.0121688,-0.00104501,1.23682,11,7.22e+08
-0.011803,-0.00113178,1.23823,11,7.34e+08
-0.0118009,-0.00113759,1.23835,11,7.35e+08
-0.0117097,-0.0011911,1.23985,11,7.48e+08
-0.0116487,-0.00120174,1.24054,11,7.54e+08
-0.0116181,-0.00120265,1.24066,11,7.55e+08
-0.0108377,-0.00118113,1.24271,11,7.73e+08
-0.0107246,-0.00117481,1.24294,11,7.75e+08
-0.0106897,-0.00115174,1.24361,11,7.81e+08
-0.0107843,-0.00107914,1.24507,11,7.94e+08
-0.0107948,-0.00107223,1.24518,11,7.95e+08
-0.0103674,-0.000908179,1.24728,11,8.14e+08
-0.0103146,-0.00089806,1.24739,11,8.15e+08
-0.00994485,-0.000687002,1.24945,11,8.34e+08
-0.0099497,-0.000674901,1.24955,11,8.35e+08
-0.0100032,-0.00057431,1.25041,11,8.43e+08
-0.00999713,-0.000548122,1.25063,11,8.45e+08
-0.0100455,-0.000508082,1.25094,11,8.48e+08
-0.0101816,-0.000382589,1.2519,11,8.57e+08
-0.0103494,-0.000264376,1.25274,11,8.65e+08
-0.0103594,-0.000249182,1.25284,11,8.66e+08
-0.0103942,-0.000140479,1.25357,11,8.73e+08
-0.0103449,3.61293e-05,1.25471,11,8.84e+08
-0.0103599,5.24194e-05,1.25482,11,8.85e+08
-0.00937019,0.000378079,1.25686,11,9.05e+08
-0.00930793,0.000393847,1.25696,11,9.06e+08
-0.00889581,0.00053179,1.25786,11,9.15e+08
-0.00847125,0.000690431,1.25895,11,9.26e+08
-0.00841849,0.000704345,1.25904,11,9.27e+08
-0.00730457,0.000952589,1.26089,11,9.46e+08
-0.00727507,0.00096485,1.26099,11,9.47e+08
-0.00725713,0.00108481,1.26195,11,9.57e+08
-0.00753754,0.00116852,1.26262,11,9.64e+08
-0.00757994,0.00118063,1.26271,11,9.65e+08
-0.00831345,0.00131857,1.26377,11,9.76e+08
-0.0092387,0.00141341,1.26444,11,9.83e+08
-0.00935322,0.00142759,1.26454,11,9.84e+08
-0.0102656,0.00153157,1.26522,11,9.91e+08
-0.0116728,0.00172971,1.26641,12,3e+06
-0.0117619,0.00174722,1.26651,12,4e+06
-0.0129123,0.00207662,1.26832,12,2.2e+07
-0.0129256,0.00209508,1.26842,12,2.3e+07
-0.0128855,0.00225713,1.26933,12,3.2e+07
-0.0129235,0.0024221,1.27034,12,4.2e+07
-0.0129495,0.00243745,1.27044,12,4.3e+07
-0.0137469,0.00267482,1.27227,12,6.1e+07
-0.0137775,0.00268586,1.27237,12,6.2e+07
-0.0141295,0.0027837,1.27338,12,7.2e+07
-0.0143643,0.00285897,1.27439,12,8.2e+07
-0.0143566,0.00286523,1.27449,12,8.3e+07
-0.0143534,0.00290232,1.27519,12,9e+07
-0.0145557,0.00293491,1.27618,12,1e+08
-0.0145729,0.0029369,1.27628,12,1.01e+08
-0.0150106,0.00293559,1.27805,12,1.19e+08
-0.0150762,0.00293364,1.27815,12,1.2e+08
-0.0153807,0.00290525,1.27912,12,1.3e+08
-0.01558,0.00287117,1.27989,12,1.38e+08
-0.015615,0.00286624,1.27998,12,1.39e+08
-0.0155302,0.00274569,1.28179,12,1.58e+08
-0.0155051,0.00273779,1.28188,12,1.59e+08
-0.0154876,0.00272151,1.28207,12,1.61e+08
-0.0152025,0.00256955,1.28356,12,1.77e+08
-0.0151425,0.00255878,1.28365,12,1.78e+08
-0.0141664,0.00233776,1.28531,12,1.96e+08
-0.0141344,0.00232405,1.2854,12,1.97e+08
-0.0138525,0.00219548,1.28622,12,2.06e+08
-0.0135256,0.0020593,1.28704,12,2.15e+08
-0.0134981,0.00204382,1.28713,12,2.16e+08
-0.0129898,0.00175966,1.28876,12,2.34e+08
-0.012972,0.00174382,1.28885,12,2.35e+08
-0.0122209,0.00148027,1.29037,12,2.52e+08
-0.0121597,0.00146519,1.29046,12,2.53e+08
-0.012088,0.00145015,1.29055,12,2.54e+08
-0.0109917,0.0011887,1.29213,12,2.72e+08
-0.0109696,0.00117481,1.29222,12,2.73e+08
-0.0114472,0.000936421,1.29387,12,2.92e+08
-0.0115032,0.000925684,1.29395,12,2.93e+08
-0.0118613,0.000866075,1.29447,12,2.99e+08
-0.0124769,0.000774243,1.2955,12,3.11e+08
-0.0125076,0.000768268,1.29558,12,3.12e+08
-0.0128509,0.000725492,1.29635,12,3.21e+08
-0.0133769,0.000701387,1.29712,12,3.3e+08
-0.0134656,0.000699807,1.29721,12,3.31e+08
-0.0146189,0.000697727,1.29823,12,3.43e+08
-0.0153314,0.000708092,1.29874,12,3.49e+08
-0.0154222,0.000710537,1.29883,12,3.5e+08
-0.0162526,0.000779839,1.30036,12,3.68e+08
-0.0162725,0.000784544,1.30044,12,3.69e+08
-0.0166542,0.000885633,1.30241,12,3.92e+08
-0.01668,0.000889199,1.30249,12,3.93e+08
-0.0173045,0.000938115,1.30418,12,4.13e+08
-0.0173727,0.000939418,1.30426,12,4.14e+08
-0.017957,0.000946909,1.305,12,4.23e+08
-0.0184675,0.00094791,1.30573,12,4.32e+08
-0.0185053,0.000947644,1.30581,12,4.33e+08
-0.0187953,0.000939218,1.30669,12,4.44e+08
-0.0191151,0.000925447,1.30731,12,4.52e+08
-0.0192116,0.000923256,1.30739,12,4.53e+08
-0.0205841,0.000891909,1.3083,12,4.65e+08
-0.0213367,0.000874181,1.30873,12,4.71e+08
-0.0214673,0.00087117,1.3088,12,4.72e+08
-0.0222131,0.000846628,1.30936,12,4.8e+08
-0.0226743,0.000812228,1.31003,12,4.9e+08
-0.0227076,0.000808356,1.3101,12,4.91e+08
-0.0229358,0.000773285,1.31063,12,4.99e+08
-0.0230238,0.000722564,1.31122,12,5.08e+08
-0.0230216,0.000716012,1.31128,12,5.09e+08
-0.0233419,0.000582436,1.31231,12,5.25e+08
-0.0233577,0.000572333,1.31237,12,5.26e+08
-0.0233849,0.000562023,1.31243,12,5.27e+08
-0.0235814,0.000299963,1.31371,12,5.48e+08
-0.0231759,2.63528e-05,1.3147,12,5.65e+08
-0.0231559,8.56227e-06,1.31476,12,5.66e+08
-0.0231247,-9.40544e-06,1.31481,12,5.67e+08
-0.0215296,-0.000366371,1.31587,12,5.85e+08
-0.0214326,-0.00038822,1.31593,12,5.86e+08
-0.0205653,-0.000617124,1.31655,12,5.96e+08
-0.0196559,-0.000812212,1.31706,12,6.04e+08
-0.0195227,-0.000837243,1.31713,12,6.05e+08
-0.0184847,-0.00109375,1.31779,12,6.15e+08
-0.0176387,-0.00133042,1.3184,12,6.24e+08
-0.017542,-0.00135683,1.31847,12,6.25e+08
-0.0159338,-0.00182422,1.31974,12,6.43e+08
-0.0158118,-0.00184936,1.31981,12,6.44e+08
-0.0136932,-0.00227785,1.32114,12,6.62e+08
-0.013561,-0.00230009,1.32122,12,6.63e+08
-0.0115135,-0.00266459,1.32262,12,6.81e+08
-0.0113866,-0.00268255,1.3227,12,6.82e+08
-0.0103119,-0.00281656,1.32334,12,6.9e+08
-0.00919854,-0.00294636,1.32407,12,6.99e+08
-0.0090839,-0.00295935,1.32415,12,7e+08
-0.00798978,-0.00312994,1.32555,12,7.17e+08
-0.0079675,-0.0031367,1.32563,12,7.18e+08
-0.0072334,-0.00318524,1.3272,12,7.37e+08
-0.00721289,-0.00318344,1.32729,12,7.38e+08
-0.0066849,-0.00314731,1.32803,12,7.47e+08
-0.00589057,-0.00306776,1.32885,12,7.57e+08
-0.00581371,-0.00305773,1.32894,12,7.58e+08
-0.0037408,-0.00283866,1.33033,12,7.75e+08
-0.0036243,-0.00282339,1.33041,12,7.76e+08
-0.00300566,-0.00269302,1.33106,12,7.84e+08
-0.00266156,-0.00252792,1.33179,12,7.93e+08
-0.00261951,-0.00250829,1.33187,12,7.94e+08
-0.00217028,-0.00229733,1.33267,12,8.04e+08
-0.00156302,-0.00206061,1.33347,12,8.14e+08
-0.00148961,-0.00203562,1.33355,12,8.15e+08
-0.00117029,-0.00190732,1.33394,12,8.2e+08
-0.000493496,-0.00149096,1.3351,12,8.35e+08
-0.000469502,-0.00146157,1.33518,12,8.36e+08
-0.000217373,-0.00115663,1.33593,12,8.46e+08
-0.000207101,-0.000898435,1.33654,12,8.54e+08
-0.000216885,-0.000865274,1.33661,12,8.55e+08
-0.000397926,-0.000272598,1.33788,12,8.72e+08
-0.000419747,-0.000236152,1.33796,12,8.73e+08
-0.000426268,-0.000199542,1.33803,12,8.74e+08
-0.00069891,0.000212596,1.33885,12,8.85e+08
-0.00104055,0.00052232,1.33945,12,8.93e+08
-0.00107968,0.000561533,1.33952,12,8.94e+08
-0.00184351,0.00127933,1.34087,12,9.12e+08
-0.00190941,0.00131968,1.34094,12,9.13e+08
-0.00235916,0.00168397,1.34162,12,9.22e+08
-0.0027477,0.00200721,1.34222,12,9.3e+08
-0.00283666,0.00204745,1.3423,12,9.31e+08
-0.00337422,0.00240719,1.34299,12,9.4e+08
-0.00360963,0.00272041,1.3436,12,9.48e+08
-0.00361715,0.00275892,1.34368,12,9.49e+08
-0.00479195,0.00342023,1.34505,12,9.67e+08
-0.00490311,0.00345514,1.34513,12,9.68e+08
-0.00561334,0.00369444,1.34568,12,9.75e+08
-0.00601296,0.00405023,1.34653,12,9.86e+08
-0.00604827,0.00408115,1.34661,12,9.87e+08
-0.00614201,0.00434714,1.34731,12,9.96e+08
-0.00638922,0.00461346,1.34807,13,6e+06
-0.00642109,0.0046383,1.34815,13,7e+06
-0.00709258,0.00495063,1.34921,13,2.1e+07
-0.00726865,0.00502804,1.34952,13,2.5e+07
-0.00729426,0.00504658,1.34959,13,2.6e+07
-0.00742155,0.00511751,1.34989,13,3e+07
-0.00779115,0.00532453,1.35095,13,4.4e+07
-0.0078363,0.00533688,1.35102,13,4.5e+07
-0.0087505,0.00551613,1.35243,13,6.4e+07
-0.00877669,0.00552282,1.35251,13,6.5e+07
-0.00913613,0.00558254,1.35339,13,7.7e+07
-0.00957496,0.0056018,1.35398,13,8.5e+07
-0.00962367,0.00560311,1.35405,13,8.6e+07
-0.00987167,0.00560511,1.35463,13,9.4e+07
-0.0103259,0.00558603,1.35535,13,1.04e+08
-0.0104109,0.00558287,1.35542,13,1.05e+08
-0.0127022,0.00549909,1.35671,13,1.23e+08
-0.0127861,0.00549333,1.35678,13,1.24e+08
-0.0142564,0.00537081,1.35807,13,1.42e+08
-0.0143526,0.00536289,1.35814,13,1.43e+08
-0.014438,0.00535484,1.35821,13,1.44e+08
-0.0155865,0.00521699,1.35929,13,1.59e+08
-0.0156929,0.00518512,1.3595,13,1.62e+08
-0.0157103,0.00517411,1.35957,13,1.63e+08
-0.0158946,0.00493741,1.36085,13,1.81e+08
-0.0158821,0.00492194,1.36092,13,1.82e+08
-0.0155627,0.0045981,1.3622,13,2e+08
-0.0155286,0.00457755,1.36227,13,2.01e+08
-0.0155018,0.00455672,1.36235,13,2.02e+08
-0.0152631,0.00411378,1.3637,13,2.21e+08
-0.0152573,0.00408833,1.36377,13,2.22e+08
-0.0153342,0.00382568,1.36448,13,2.32e+08
-0.0153114,0.00360771,1.36504,13,2.4e+08
-0.0153035,0.00358011,1.36511,13,2.41e+08
-0.0150225,0.00304718,1.36644,13,2.6e+08
-0.0150028,0.00301887,1.36651,13,2.61e+08
-0.0151653,0.00248645,1.36782,13,2.8e+08
-0.0151522,0.002459,1.36789,13,2.81e+08
-0.0151324,0.00243162,1.36796,13,2.82e+08
-0.0152455,0.00197866,1.36911,13,2.99e+08
-0.0152761,0.00195297,1.36917,13,3e+08
-0.0152877,0.00192743,1.36924,13,3.01e+08
-0.0153311,0.0016794,1.3699,13,3.11e+08
-0.0154415,0.00149085,1.37042,13,3.19e+08
-0.0154679,0.00146793,1.37048,13,3.2e+08
-0.0158392,0.00122619,1.37118,13,3.31e+08
-0.0160917,0.00104299,1.37174,13,3.4e+08
-0.0161615,0.00102345,1.3718,13,3.41e+08
-0.0162326,0.00100409,1.37186,13,3.42e+08
-0.0179006,0.000689613,1.37292,13,3.6e+08
-0.0179877,0.000674217,1.37297,13,3.61e+08
-0.0182832,0.000415283,1.37402,13,3.8e+08
-0.0182772,0.000402861,1.37408,13,3.81e+08
-0.018032,0.000269482,1.37468,13,3.92e+08
-0.017845,0.000185519,1.37507,13,3.99e+08
-0.0178123,0.000173482,1.37512,13,4e+08
-0.0176876,0.000137215,1.37528,13,4.03e+08
-0.0164745,-6.41582e-05,1.37617,13,4.19e+08
-0.0163932,-7.74505e-05,1.37623,13,4.2e+08
-0.0152693,-0.000316858,1.37721,13,4.37e+08
-0.0152183,-0.00033152,1.37727,13,4.38e+08
-0.0151571,-0.000346214,1.37733,13,4.39e+08
-0.014739,-0.00059594,1.37833,13,4.56e+08
-0.0147444,-0.000610211,1.37839,13,4.57e+08
-0.0147379,-0.000624388,1.37845,13,4.58e+08
-0.0147243,-0.000847991,1.37943,13,4.75e+08
-0.0147607,-0.000859874,1.37949,13,4.76e+08
-0.0148009,-0.000871578,1.37955,13,4.77e+08
-0.0153512,-0.00102281,1.38037,13,4.92e+08
-0.0155555,-0.00106229,1.38064,13,4.97e+08
-0.0155683,-0.0010695,1.38069,13,4.98e+08
-0.015481,-0.0011251,1.38116,13,5.07e+08
-0.0156348,-0.00116593,1.38163,13,5.16e+08
-0.015645,-0.00116963,1.38168,13,5.17e+08
-0.015667,-0.00117316,1.38173,13,5.18e+08
-0.0153328,-0.00121499,1.38268,13,5.37e+08
-0.0152582,-0.00121623,1.38273,13,5.38e+08
-0.0139178,-0.00123652,1.38365,13,5.56e+08
-0.0138287,-0.00123781,1.3837,13,5.57e+08
-0.0111342,-0.00127487,1.38472,13,5.76e+08
-0.0109968,-0.00127774,1.38478,13,5.77e+08
-0.0108608,-0.00128071,1.38483,13,5.78e+08
-0.00964768,-0.00131134,1.38535,13,5.87e+08
-0.00867789,-0.00134256,1.38582,13,5.95e+08
-0.00854581,-0.00134659,1.38588,13,5.96e+08
-0.00841294,-0.00135064,1.38594,13,5.97e+08
-0.00653944,-0.00142315,1.38712,13,6.16e+08
-0.00646808,-0.00142627,1.38718,13,6.17e+08
-0.00595735,-0.00144938,1.38783,13,6.27e+08
-0.00547236,-0.00145273,1.38841,13,6.36e+08
-0.00539532,-0.00145187,1.38847,13,6.37e+08
-0.00447999,-0.00138959,1.38965,13,6.55e+08
-0.00446913,-0.00138338,1.38972,13,6.56e+08
-0.00428955,-0.00121879,1.3909,13,6.74e+08
-0.00428795,-0.00120669,1.39096,13,6.75e+08
-0.00377866,-0.000792955,1.39266,13,7.01e+08
-0.00374632,-0.000773768,1.39273,13,7.02e+08
-0.00371698,-0.000754387,1.39279,13,7.03e+08
-0.00314893,-0.00037696,1.39396,13,7.21e+08
-0.00305723,-0.000332307,1.39408,13,7.23e+08
-0.00262662,-0.000173209,1.39453,13,7.3e+08
-0.00235151,0.000154117,1.3954,13,7.44e+08
-0.00239113,0.000590732,1.39651,13,7.62e+08
-0.00235313,0.000615517,1.39657,13,7.63e+08
-0.0013362,0.00101388,1.39753,13,7.79e+08
-0.00119495,0.00106313,1.39764,13,7.81e+08
-0.00113228,0.00108767,1.3977,13,7.82e+08
-0.00131681,0.00152274,1.39873,13,8e+08
-0.00133796,0.00154681,1.39879,13,8.01e+08
-0.00180992,0.00200671,1.39986,13,8.2e+08
-0.00183291,0.0020311,1.39992,13,8.21e+08
-0.00158159,0.00246908,1.40092,13,8.39e+08
-0.00153336,0.00249303,1.40097,13,8.4e+08
-0.000452159,0.00290402,1.40191,13,8.58e+08
-0.000426488,0.0029255,1.40196,13,8.59e+08
-0.00016875,0.00309198,1.40236,13,8.67e+08
-0.000335927,0.00328825,1.40285,13,8.77e+08
-0.000339304,0.00330732,1.4029,13,8.78e+08
-0.000377571,0.00347513,1.40334,13,8.87e+08
-0.000481079,0.00365436,1.40382,13,8.97e+08
-0.000535813,0.00367195,1.40386,13,8.98e+08
-0.000903535,0.00381137,1.40424,13,9.06e+08
-0.00175491,0.00398466,1.40472,13,9.16e+08
-0.00183789,0.00400207,1.40477,13,9.17e+08
-0.00298821,0.00431847,1.40565,13,9.35e+08
-0.00303176,0.004336,1.4057,13,9.36e+08
-0.00375013,0.00449208,1.40614,13,9.45e+08
-0.00469461,0.00464556,1.4066,13,9.54e+08
-0.00479586,0.00466246,1.40665,13,9.55e+08
-0.00614598,0.00495724,1.40759,13,9.73e+08
-0.00622511,0.00497276,1.40764,13,9.74e+08
-0.00785712,0.00522692,1.4086,13,9.92e+08
-0.0079908,0.00523944,1.40866,13,9.93e+08
-0.00896216,0.00542979,1.40964,14,1.1e+07
-0.00898403,0.0054381,1.40969,14,1.2e+07
-0.00895016,0.00550028,1.41019,14,2.1e+07
-0.0090098,0.00554,1.41073,14,3.1e+07
-0.008991,0.00554221,1.41079,14,3.2e+07
-0.00857406,0.00551964,1.41181,14,5.1e+07
-0.00859145,0.00551501,1.41186,14,5.2e+07
-0.00878496,0.0054187,1.41261,14,6.6e+07
-0.00878569,0.00536146,1.41294,14,7.2e+07
-0.00880819,0.0053511,1.41299,14,7.3e+07
-0.00937893,0.00524916,1.41347,14,8.2e+07
-0.0094845,0.00512242,1.414,14,9.2e+07
-0.00946273,0.00510907,1.41405,14,9.3e+07
-0.0092096,0.00484724,1.415,14,1.11e+08
-0.00923231,0.00483162,1.41505,14,1.12e+08
-0.00943681,0.0045889,1.41582,14,1.27e+08
-0.00938206,0.00453895,1.41597,14,1.3e+08
-0.00936619,0.00452221,1.41602,14,1.31e+08
-0.00967856,0.00418156,1.41702,14,1.51e+08
-0.00968665,0.00416449,1.41707,14,1.52e+08
-0.00974562,0.00382724,1.41804,14,1.72e+08
-0.00976641,0.00381058,1.41809,14,1.73e+08
-0.00978227,0.00379395,1.41814,14,1.74e+08
-0.0102053,0.00350305,1.41897,14,1.92e+08
-0.0102308,0.00348741,1.41902,14,1.93e+08
-0.010537,0.00327514,1.41965,14,2.07e+08
-0.0105375,0.00321679,1.41982,14,2.11e+08
-0.01052,0.00320233,1.41987,14,2.12e+08
-0.00981057,0.00294666,1.42065,14,2.3e+08
-0.00975126,0.00293253,1.4207,14,2.31e+08
-0.00894793,0.00276152,1.42121,14,2.43e+08
-0.00862961,0.00267423,1.42147,14,2.49e+08
-0.00859869,0.00265958,1.42151,14,2.5e+08
-0.00793643,0.00239692,1.42227,14,2.68e+08
-0.00783866,0.00238263,1.42231,14,2.69e+08
-0.00713067,0.0021872,1.4229,14,2.83e+08
-0.0070815,0.0021339,1.42307,14,2.87e+08
-0.00708406,0.00212083,1.42311,14,2.88e+08
-0.00641323,0.00190495,1.42387,14,3.06e+08
-0.0063997,0.00189407,1.42391,14,3.07e+08
-0.00689555,0.00172715,1.42465,14,3.25e+08
-0.00695708,0.00171982,1.42469,14,3.26e+08
-0.00787517,0.00162821,1.42544,14,3.45e+08
-0.00789437,0.00162592,1.42548,14,3.46e+08
-0.00832634,0.00161591,1.42584,14,3.55e+08
-0.0087985,0.00162378,1.42619,14,3.64e+08
-0.00886068,0.00162567,1.42622,14,3.65e+08
-0.00928143,0.00164103,1.42646,14,3.71e+08
-0.0105582,0.00170314,1.42699,14,3.85e+08
-0.0106297,0.00170889,1.42703,14,3.86e+08
-0.0116028,0.00178086,1.42745,14,3.97e+08
-0.0121948,0.00182565,1.42767,14,4.03e+08
-0.0122838,0.00183339,1.42771,14,4.04e+08
-0.0132345,0.00191358,1.42807,14,4.14e+08
-0.0137772,0.00197872,1.42836,14,4.22e+08
-0.0138329,0.00198674,1.4284,14,4.23e+08
-0.0141093,0.00204868,1.42868,14,4.31e+08
-0.0143529,0.00211688,1.42903,14,4.41e+08
-0.0143804,0.00212297,1.42907,14,4.42e+08
-0.0145709,0.00217075,1.42938,14,4.51e+08
-0.0140326,0.00220232,1.4297,14,4.6e+08
-0.0139951,0.00220453,1.42973,14,4.61e+08
-0.0132852,0.00219847,1.43035,14,4.78e+08
-0.0132465,0.0021955,1.43038,14,4.79e+08
-0.0121609,0.00212451,1.43091,14,4.93e+08
-0.0117129,0.00209421,1.43107,14,4.97e+08
-0.0116259,0.00208594,1.43111,14,4.98e+08
-0.0112684,0.00204071,1.43131,14,5.03e+08
-0.0100793,0.00189602,1.43185,14,5.16e+08
-0.009998,0.00188344,1.43189,14,5.17e+08
-0.00925864,0.00167807,1.43254,14,5.32e+08
-0.00920263,0.00164938,1.43263,14,5.34e+08
-0.00917858,0.00163502,1.43268,14,5.35e+08
-0.00911318,0.00153504,1.43299,14,5.42e+08
-0.00900409,0.00138571,1.43347,14,5.53e+08
-0.00898763,0.00137284,1.43351,14,5.54e+08
-0.008393,0.0011746,1.43426,14,5.71e+08
-0.00836935,0.00116419,1.43431,14,5.72e+08
-0.00815789,0.00109555,1.43461,14,5.79e+08
-0.00804052,0.00101006,1.43505,14,5.89e+08
-0.00802278,0.00100237,1.43509,14,5.9e+08
-0.00827379,0.000907715,1.43573,14,6.05e+08
-0.00827156,0.000885628,1.43594,14,6.1e+08
-0.00825968,0.000881778,1.43598,14,6.11e+08
-0.00785454,0.000840603,1.43673,14,6.29e+08
-0.00782275,0.00083814,1.43685,14,6.32e+08
-0.00807484,0.000837873,1.43726,14,6.42e+08
-0.00809328,0.000847121,1.43758,14,6.5e+08
-0.00810612,0.000848832,1.43762,14,6.51e+08
-0.00869781,0.000899806,1.43831,14,6.69e+08
-0.00878761,0.000903787,1.43835,14,6.7e+08
-0.00963359,0.00094098,1.43864,14,6.78e+08
-0.0100669,0.0010008,1.43899,14,6.88e+08
-0.0101167,0.00100743,1.43902,14,6.89e+08
-0.0104791,0.00106381,1.43929,14,6.97e+08
-0.0107979,0.00114021,1.43962,14,7.07e+08
-0.0108125,0.00114805,1.43966,14,7.08e+08
-0.0107196,0.00128764,1.44024,14,7.26e+08
-0.010688,0.00129494,1.44027,14,7.27e+08
-0.010245,0.00140123,1.44081,14,7.44e+08
-0.0102367,0.00140627,1.44085,14,7.45e+08
-0.00998048,0.00144142,1.4411,14,7.53e+08
-0.0093528,0.00146883,1.44139,14,7.62e+08
-0.00929711,0.00147102,1.44142,14,7.63e+08
-0.00862682,0.00148269,1.44201,14,7.81e+08
-0.00861497,0.00148205,1.44204,14,7.82e+08
-0.00836226,0.00145708,1.44262,14,8e+08
-0.00832317,0.00145518,1.44265,14,8.01e+08
-0.00767845,0.00143619,1.44294,14,8.1e+08
-0.00697738,0.00141024,1.44327,14,8.2e+08
-0.00691228,0.00140739,1.4433,14,8.21e+08
-0.00603232,0.00135531,1.44386,14,8.38e+08
-0.00602285,0.0013522,1.44389,14,8.39e+08
-0.00598755,0.00134911,1.44393,14,8.4e+08
-0.00431805,0.00128538,1.44465,14,8.62e+08
-0.00426762,0.0012826,1.44468,14,8.63e+08
-0.00368611,0.00123873,1.4453,14,8.82e+08
-0.0037326,0.00123727,1.44533,14,8.83e+08
-0.00281552,0.00123697,1.44591,14,9.01e+08
-0.00271329,0.00123827,1.44594,14,9.02e+08
-0.00261094,0.00123968,1.44597,14,9.03e+08
-0.00113432,0.00128358,1.44656,14,9.22e+08
-0.00107811,0.00128671,1.44659,14,9.23e+08
0.000570055,0.00136384,1.44719,14,9.43e+08
0.000615943,0.00136839,1.44722,14,9.44e+08
0.00108919,0.00143767,1.4476,14,9.57e+08
0.00132698,0.00147039,1.44774,14,9.62e+08
0.001384,0.00147739,1.44777,14,9.63e+08
0.00171123,0.0015307,1.44796,14,9.7e+08
0.00199247,0.00163048,1.44826,14,9.81e+08
0.00202477,0.00164055,1.44829,14,9.82e+08
