-1.16469e-05,-3.61676e-05,-0.000714674,5,1.22e+08
1.83883e-12,7.78702e-13,-0.000735529,5,1.27e+08
-1.16609e-05,-1.7289e-05,-0.000735529,5,1.3e+08
1.15337e-05,3.00183e-05,-0.000735529,5,1.4e+08
-1.56723e-12,-2.17863e-12,-0.000757015,5,1.53e+08
9.71437e-13,1.25978e-12,-0.000757015,5,1.55e+08
7.11292e-06,-2.37329e-06,-0.000570175,5,1.71e+08
3.37544e-08,-6.11329e-06,-0.000559626,5,1.73e+08
-9.79803e-06,-3.17169e-05,-0.000556673,5,1.74e+08
2.38979e-06,-4.23802e-06,-0.000354988,5,1.82e+08
-0.00011861,-0.000314561,-1.97041e-05,5,1.92e+08
-0.000138299,-0.000383862,2.08281e-05,5,1.93e+08
-0.00112022,-0.00318706,0.000818902,5,2.12e+08
-0.00117751,-0.00333942,0.000854096,5,2.13e+08
-0.00164311,-0.00484466,0.0012341,5,2.26e+08
-0.00165764,-0.00492787,0.00125788,5,2.27e+08
-0.00166931,-0.00501283,0.00128096,5,2.28e+08
-0.00167943,-0.00509427,0.00130335,5,2.29e+08
-0.00172095,-0.00578177,0.0014767,5,2.38e+08
-0.001739,-0.0065578,0.0016194,5,2.48e+08
-0.00174462,-0.00663138,0.00163126,5,2.49e+08
-0.00176791,-0.00757061,0.00176025,5,2.63e+08
-0.00177192,-0.00815011,0.00181477,5,2.72e+08
-0.00177325,-0.00820839,0.00181976,5,2.73e+08
-0.00179721,-0.00872255,0.00184981,5,2.8e+08
-0.00181454,-0.00883444,0.00185355,5,2.81e+08
-0.00215517,-0.0102008,0.00188471,5,2.91e+08
-0.00221598,-0.0104116,0.00188743,5,2.92e+08
-0.00338405,-0.0136699,0.00192192,5,3.09e+08
-0.00351055,-0.0140715,0.00192494,5,3.11e+08
-0.00357597,-0.0142767,0.00192642,5,3.12e+08
-0.00516208,-0.0187852,0.00195474,5,3.31e+08
-0.00523702,-0.018982,0.00195589,5,3.32e+08
-0.00622347,-0.021852,0.00197008,5,3.5e+08
-0.0062675,-0.0219732,0.00197059,5,3.51e+08
-0.00619808,-0.0226545,0.0019645,5,3.69e+08
-0.00618981,-0.0227269,0.00196438,5,3.7e+08
-0.00692565,-0.0257973,0.00197834,5,3.89e+08
-0.00699253,-0.0260029,0.00197948,5,3.9e+08
-0.00772593,-0.028526,0.00198917,5,4.08e+08
-0.00773178,-0.0285927,0.00198896,5,4.09e+08
-0.0075749,-0.0288519,0.00198247,5,4.19e+08
-0.00706414,-0.0282069,0.00196938,5,4.27e+08
-0.00696575,-0.0280424,0.00196707,5,4.28e+08
-0.00585705,-0.0262006,0.00194534,5,4.36e+08
-0.00426447,-0.0237011,0.0019191,5,4.46e+08
-0.00412137,-0.0234815,0.00191667,5,4.47e+08
-0.00292734,-0.0216522,0.00189555,5,4.56e+08
-0.0020066,-0.0203966,0.00187463,5,4.65e+08
-0.00191493,-0.0202838,0.00187233,5,4.66e+08
-0.00147461,-0.0197192,0.00186092,5,4.71e+08
-0.00017247,-0.0177958,0.00183675,5,4.84e+08
-5.45116e-05,-0.0176322,0.0018354,5,4.85e+08
0.00188005,-0.0150673,0.00181422,5,5.04e+08
0.00197637,-0.0148974,0.00181358,5,5.05e+08
0.00349229,-0.0118991,0.00181968,5,5.16e+08
0.00510571,-0.0086701,0.0018407,5,5.24e+08
0.00531718,-0.0082622,0.00184391,5,5.25e+08
0.00862527,-0.00112344,0.00191525,5,5.39e+08
0.0098603,0.00155924,0.00195142,5,5.43e+08
0.0101888,0.00226822,0.00196174,5,5.44e+08
0.0195388,0.0219867,0.00235194,5,5.71e+08
0.0198348,0.0226418,0.00236763,5,5.72e+08
0.0239651,0.0328753,0.00262235,5,5.9e+08
0.0241407,0.0333712,0.00263537,5,5.91e+08
0.0246465,0.0348439,0.00267476,5,5.94e+08
0.0267639,0.0413363,0.00286033,5,6.09e+08
0.0268823,0.0417176,0.00287177,5,6.1e+08
0.0276369,0.044339,0.00294917,5,6.19e+08
0.0275198,0.0449948,0.00295834,5,6.28e+08
0.0274167,0.0448803,0.00295265,5,6.29e+08
0.0254901,0.0422243,0.002845,5,6.39e+08
0.0229193,0.037904,0.00270277,5,6.47e+08
0.0225325,0.0372272,0.00268255,5,6.48e+08
0.0164557,0.0260233,0.00240899,5,6.61e+08
0.0127371,0.019151,0.00228512,5,6.68e+08
0.0121882,0.018129,0.00226954,5,6.69e+08
0.00763196,0.00973207,0.00216965,5,6.77e+08
0.00184824,-0.000289572,0.00210689,5,6.87e+08
0.00129551,-0.00117933,0.00210318,5,6.88e+08
-0.0061937,-0.0122543,0.00199298,5,7.06e+08
-0.00648162,-0.0126347,0.00198384,5,7.07e+08
-0.00930561,-0.0159714,0.00184559,5,7.2e+08
-0.0100037,-0.0163524,0.00178281,5,7.25e+08
-0.0101079,-0.0163349,0.00176866,5,7.26e+08
-0.0104548,-0.0151798,0.00163493,5,7.34e+08
-0.00977269,-0.0109429,0.00139012,5,7.47e+08
-0.00967111,-0.0105305,0.00137128,5,7.48e+08
-0.00890211,-0.00772948,0.00124791,5,7.55e+08
-0.00771299,-0.00380004,0.00108349,5,7.66e+08
-0.00765195,-0.00358838,0.00107116,5,7.67e+08
-0.00885069,-0.00437341,0.000896556,5,7.87e+08
-0.00899771,-0.0046179,0.000891049,5,7.88e+08
-0.0109193,-0.00830132,0.000851118,5,7.99e+08
-0.0125812,-0.0119936,0.000848358,5,8.07e+08
-0.0128053,-0.0125017,0.000849647,5,8.08e+08
-0.0172805,-0.0229613,0.000937991,5,8.26e+08
-0.017544,-0.0235669,0.000946029,5,8.27e+08
-0.0209205,-0.0318525,0.00105187,5,8.45e+08
-0.0209925,-0.0321148,0.00105289,5,8.46e+08
-0.0211129,-0.0334247,0.00103379,5,8.55e+08
-0.0201307,-0.0324023,0.000952494,5,8.64e+08
-0.0199648,-0.0321914,0.00094113,5,8.65e+08
-0.0154785,-0.0249355,0.000687981,5,8.83e+08
-0.015151,-0.0244079,0.00067345,5,8.84e+08
-0.0095594,-0.0160699,0.000455594,5,9.02e+08
-0.00929712,-0.0157065,0.000445208,5,9.03e+08
-0.00492563,-0.00937859,0.000285993,5,9.21e+08
-0.00468453,-0.00898419,0.000279074,5,9.22e+08
-0.00443717,-0.0085763,0.000272544,5,9.23e+08
0.000794983,0.000335751,0.000219946,5,9.41e+08
0.00112441,0.000918787,0.000220721,5,9.42e+08
0.00145942,0.00150993,0.000221957,5,9.43e+08
0.0036384,0.00555496,0.000242047,5,9.49e+08
0.00874492,0.0144774,0.000345703,5,9.61e+08
0.00917484,0.0152061,0.000356587,5,9.62e+08
0.0140461,0.0232745,0.000495205,5,9.74e+08
0.016144,0.0268123,0.000562531,5,9.8e+08
0.0164736,0.0273729,0.000573659,5,9.81e+08
0.0194876,0.0324365,0.000670349,5,9.92e+08
0.0209677,0.0348625,0.000705348,6,0
0.0211038,0.0350681,0.000706589,6,1e+06
0.022338,0.0368099,0.000662305,6,2e+07
0.0223647,0.0368277,0.00065837,6,2.1e+07
0.0220624,0.0362106,0.000555892,6,4.1e+07
0.0220135,0.0361302,0.000549834,6,4.2e+07
0.0212028,0.0360285,0.000476446,6,6e+07
0.0211954,0.0361246,0.000474952,6,6.1e+07
0.0212115,0.0373088,0.000472914,6,6.9e+07
0.0219765,0.0412696,0.000528386,6,7.9e+07
0.0221265,0.0418568,0.00053863,6,8e+07
0.0248027,0.050594,0.000716589,6,9.2e+07
0.0267061,0.0564022,0.000857498,6,9.9e+07
0.0269965,0.0572933,0.000880745,6,1e+08
0.0340611,0.0779493,0.00154758,6,1.19e+08
0.0344774,0.079162,0.00159374,6,1.2e+08
0.0385877,0.0914122,0.00209756,6,1.3e+08
0.0413407,0.100385,0.00249923,6,1.38e+08
0.0419436,0.102519,0.00259808,6,1.4e+08
0.0440384,0.11031,0.00297093,6,1.48e+08
0.0459283,0.118842,0.0033943,6,1.59e+08
0.0460489,0.119499,0.00342774,6,1.6e+08
0.0466653,0.128567,0.00389601,6,1.79e+08
0.0465965,0.12884,0.00390998,6,1.8e+08
0.0434309,0.131077,0.0040172,6,2e+08
0.0431886,0.131013,0.00401392,6,2.01e+08
0.0371188,0.127005,0.00383719,6,2.2e+08
0.0367459,0.126702,0.00382487,6,2.21e+08
0.0291725,0.119914,0.00358537,6,2.39e+08
0.0287042,0.119467,0.00357212,6,2.4e+08
0.0237203,0.114345,0.00344287,6,2.5e+08
0.0193782,0.109584,0.0033574,6,2.58e+08
0.018824,0.108929,0.00334761,6,2.59e+08
0.0153503,0.104655,0.00329934,6,2.65e+08
0.00686098,0.0937004,0.0032629,6,2.79e+08
-0.00408923,0.0795659,0.0033635,6,2.97e+08
-0.00467236,0.0788733,0.00337195,6,2.98e+08
-0.0153454,0.0666848,0.00356816,6,3.18e+08
-0.015821,0.0661569,0.00357899,6,3.19e+08
-0.0225203,0.0584017,0.00378146,6,3.34e+08
-0.0237599,0.056857,0.00383063,6,3.37e+08
-0.0241689,0.0563304,0.00384811,6,3.38e+08
-0.0319514,0.045447,0.00428152,6,3.58e+08
-0.0323396,0.0448551,0.00430889,6,3.59e+08
-0.0354338,0.0399921,0.00454508,6,3.67e+08
-0.0394095,0.0333365,0.00490134,6,3.77e+08
-0.0398099,0.0326484,0.00494021,6,3.78e+08
-0.0434041,0.0261745,0.00532076,6,3.87e+08
-0.046944,0.018991,0.00576883,6,3.96e+08
-0.0473478,0.0180835,0.00582687,6,3.97e+08
-0.0552562,-0.000886223,0.00714283,6,4.16e+08
-0.0556601,-0.0019441,0.00722064,6,4.17e+08
-0.0603469,-0.0147865,0.00819924,6,4.29e+08
-0.0629204,-0.0221305,0.00878955,6,4.36e+08
-0.063274,-0.0231551,0.00887378,6,4.37e+08
-0.0667987,-0.0338881,0.00978181,6,4.48e+08
-0.0690699,-0.0416386,0.0104634,6,4.56e+08
-0.0693477,-0.0426552,0.010554,6,4.57e+08
-0.07306,-0.0565862,0.0118349,6,4.7e+08
-0.0746406,-0.0630901,0.0124544,6,4.76e+08
-0.0748818,-0.0641614,0.0125574,6,4.77e+08
-0.0779981,-0.0824036,0.0143603,6,4.96e+08
-0.0780617,-0.0831742,0.0144395,6,4.97e+08
-0.0769106,-0.0930091,0.0154946,6,5.15e+08
-0.0767338,-0.0933696,0.0155359,6,5.16e+08
-0.0756931,-0.0949683,0.0157226,6,5.21e+08
-0.0706495,-0.096102,0.0159705,6,5.36e+08
-0.0701841,-0.0959561,0.0159697,6,5.37e+08
-0.0595526,-0.0897013,0.0157271,6,5.56e+08
-0.0588923,-0.0891651,0.0157036,6,5.57e+08
-0.0450324,-0.0758417,0.0151939,6,5.75e+08
-0.0441428,-0.074926,0.015166,6,5.76e+08
-0.0263937,-0.0565956,0.0147629,6,5.95e+08
-0.0235946,-0.0537323,0.0147253,6,5.98e+08
-0.00673811,-0.0371525,0.0145878,6,6.18e+08
-0.00599201,-0.0364394,0.0145838,6,6.19e+08
0.00875475,-0.0229057,0.0146215,6,6.4e+08
0.0215725,-0.010675,0.0149659,6,6.58e+08
0.0222725,-0.00999702,0.0149921,6,6.59e+08
0.0243595,-0.00790353,0.0150762,6,6.62e+08
0.0342787,0.00283963,0.0155965,6,6.77e+08
0.034914,0.00355777,0.0156373,6,6.78e+08
0.0446991,0.0146285,0.0162848,6,6.97e+08
0.0450663,0.0149876,0.0163044,6,6.98e+08
0.0463759,0.0161388,0.0163636,6,7.02e+08
0.0493031,0.0174301,0.0163575,6,7.18e+08
0.0493784,0.0173531,0.0163465,6,7.19e+08
0.0494856,0.0160425,0.0161972,6,7.29e+08
0.0488202,0.0140231,0.0160149,6,7.38e+08
0.048692,0.013736,0.0159911,6,7.39e+08
0.0450414,0.00725554,0.0155044,6,7.57e+08
0.0448015,0.0068917,0.0154782,6,7.58e+08
0.0405426,0.00217283,0.0151034,6,7.76e+08
0.0402981,0.0019474,0.015085,6,7.77e+08
0.0400474,0.00171112,0.0150663,6,7.78e+08
0.0397892,0.00147745,0.015048,6,7.79e+08
0.0389892,0.000823222,0.0149958,6,7.82e+08
0.034555,-0.00224425,0.0147664,6,7.97e+08
0.0342441,-0.00241631,0.0147538,6,7.98e+08
0.0299339,-0.00371637,0.0146136,6,8.13e+08
0.0289084,-0.00369666,0.0145895,6,8.17e+08
0.0286627,-0.0036491,0.0145847,6,8.18e+08
0.024983,-0.00174778,0.0145348,6,8.35e+08
0.0239966,-0.000965611,0.0145286,6,8.4e+08
0.0237909,-0.000837445,0.0145272,6,8.41e+08
0.0211854,-2.45552e-05,0.0145138,6,8.52e+08
0.019329,0.000206364,0.0145084,6,8.59e+08
0.0190515,0.000215834,0.0145077,6,8.6e+08
0.0133075,-0.000692802,0.0144975,6,8.79e+08
0.0130221,-0.000700167,0.0144975,6,8.8e+08
0.0104168,5.1772e-05,0.0144944,6,8.91e+08
0.00919258,0.00116375,0.0144884,6,8.98e+08
0.00904262,0.00136972,0.0144873,6,8.99e+08
0.00807857,0.00917887,0.0144561,6,9.18e+08
0.00814491,0.0097925,0.0144541,6,9.19e+08
0.0116922,0.0253547,0.0144611,6,9.38e+08
0.0119897,0.0263661,0.0144659,6,9.39e+08
0.014848,0.0354964,0.0145365,6,9.47e+08
0.0193717,0.0487891,0.0147231,6,9.57e+08
0.0198491,0.0501673,0.0147477,6,9.58e+08
0.0288234,0.0761612,0.0153866,6,9.76e+08
0.0293356,0.0776118,0.0154319,6,9.77e+08
0.0394358,0.104427,0.0164599,6,9.97e+08
0.0398897,0.105593,0.0165121,6,9.98e+08
0.0436375,0.115374,0.0169738,7,7e+06
0.0469999,0.124617,0.0174513,7,1.7e+07
0.0472775,0.125464,0.0174965,7,1.8e+07
0.0506627,0.137626,0.0181689,7,3.7e+07
0.0507227,0.138016,0.01819,7,3.8e+07
0.0494228,0.140358,0.0182766,7,5.6e+07
0.049246,0.140298,0.0182702,7,5.7e+07
0.0475014,0.139334,0.018193,7,6.5e+07
0.0445098,0.137246,0.0180509,7,7.6e+07
0.044212,0.13703,0.018037,7,7.7e+07
0.0383548,0.133014,0.0177854,7,9.6e+07
0.0380374,0.132834,0.0177739,7,9.7e+07
0.0313992,0.129153,0.0175483,7,1.18e+08
0.0306647,0.128644,0.0175265,7,1.2e+08
0.0302878,0.12838,0.0175158,7,1.21e+08
0.0218594,0.122277,0.0173335,7,1.41e+08
0.021404,0.121927,0.017326,7,1.42e+08
0.0181316,0.119324,0.0172797,7,1.49e+08
0.0120615,0.113672,0.0172299,7,1.61e+08
0.0115131,0.113088,0.0172284,7,1.62e+08
0.0080624,0.109091,0.0172312,7,1.68e+08
-0.00105077,0.0960532,0.017374,7,1.81e+08
-0.0018724,0.0947727,0.017397,7,1.82e+08
-0.002712,0.0934633,0.0174222,7,1.83e+08
-0.0215172,0.0619625,0.0184327,7,2.01e+08
-0.0227824,0.0597897,0.0185302,7,2.02e+08
-0.0527477,0.00826246,0.0218016,7,2.23e+08
-0.0624187,-0.0087416,0.0232284,7,2.3e+08
-0.0637333,-0.0110883,0.0234364,7,2.31e+08
-0.0853163,-0.0506106,0.0273277,7,2.5e+08
-0.0863137,-0.0524269,0.0275273,7,2.51e+08
-0.10158,-0.0790851,0.0306783,7,2.69e+08
-0.102271,-0.0802323,0.0308239,7,2.7e+08
-0.110937,-0.0948653,0.0327216,7,2.89e+08
-0.111175,-0.0953526,0.0327855,7,2.9e+08
-0.113006,-0.10202,0.0336859,7,3.08e+08
-0.11301,-0.102338,0.03373,7,3.09e+08
-0.112313,-0.104922,0.0340999,7,3.2e+08
-0.109221,-0.107131,0.0344076,7,3.35e+08
-0.108954,-0.107273,0.0344264,7,3.36e+08
-0.106163,-0.108362,0.0345706,7,3.45e+08
-0.102616,-0.109134,0.0346694,7,3.54e+08
-0.102186,-0.109229,0.0346807,7,3.55e+08
-0.098528,-0.109865,0.0347545,7,3.63e+08
-0.0934555,-0.110582,0.0348327,7,3.73e+08
-0.0929193,-0.110656,0.0348406,7,3.74e+08
-0.0895936,-0.110991,0.0348783,7,3.8e+08
-0.0826808,-0.112015,0.034977,7,3.92e+08
-0.0820867,-0.112108,0.0349857,7,3.93e+08
-0.0765931,-0.1129,0.0350596,7,4.02e+08
-0.0707712,-0.113521,0.0351273,7,4.11e+08
-0.0701077,-0.113583,0.0351347,7,4.12e+08
-0.0620656,-0.114533,0.0352369,7,4.24e+08
-0.058242,-0.115581,0.0353095,7,4.3e+08
-0.0576339,-0.11582,0.0353235,7,4.31e+08
-0.047491,-0.120859,0.0355691,7,4.49e+08
-0.0464218,-0.121473,0.0355971,7,4.51e+08
-0.0372589,-0.125781,0.0358154,7,4.68e+08
-0.0366894,-0.12593,0.0358268,7,4.69e+08
-0.0361141,-0.126053,0.0358375,7,4.7e+08
-0.0283663,-0.125446,0.0359555,7,4.82e+08
-0.0238439,-0.123653,0.0360184,7,4.88e+08
-0.0230479,-0.123267,0.0360302,7,4.89e+08
-0.0163773,-0.119377,0.036139,7,4.97e+08
-0.00790055,-0.113545,0.0363092,7,5.07e+08
-0.00706131,-0.112922,0.0363283,7,5.08e+08
0.00864205,-0.100203,0.0367466,7,5.28e+08
0.00939134,-0.09954,0.036771,7,5.29e+08
0.0221712,-0.088383,0.0372352,7,5.47e+08
0.0228269,-0.0878155,0.0372608,7,5.48e+08
0.0338529,-0.077806,0.0377689,7,5.66e+08
0.0344313,-0.0772151,0.0378026,7,5.67e+08
0.0441723,-0.0661131,0.0385077,7,5.85e+08
0.0446653,-0.0655112,0.0385494,7,5.86e+08
0.0514401,-0.0564609,0.0391885,7,6.02e+08
0.0526457,-0.0546012,0.0393265,7,6.05e+08
0.0530501,-0.0539716,0.0393741,7,6.06e+08
0.0559031,-0.0493162,0.0397347,7,6.13e+08
0.0608326,-0.0406277,0.0404449,7,6.25e+08
0.0612393,-0.0398587,0.0405094,7,6.26e+08
0.061646,-0.0390834,0.0405747,7,6.27e+08
0.0658784,-0.0305271,0.041316,7,6.38e+08
0.0681207,-0.0251933,0.0417896,7,6.45e+08
0.06842,-0.024402,0.0418602,7,6.46e+08
0.0747195,-0.00537509,0.0436079,7,6.66e+08
0.0750784,-0.0042278,0.0437162,7,6.67e+08
0.0777837,0.00424945,0.0445294,7,6.74e+08
0.0828966,0.0197181,0.0460798,7,6.86e+08
0.0833203,0.0209956,0.0462121,7,6.87e+08
0.0899425,0.0422785,0.0484896,7,7.03e+08
0.0911236,0.0463708,0.0489458,7,7.06e+08
0.091508,0.0477388,0.0490995,7,7.07e+08
0.0970124,0.0710938,0.0518223,7,7.25e+08
0.0971965,0.0722202,0.0519584,7,7.26e+08
0.0982975,0.0824201,0.053208,7,7.36e+08
0.0979735,0.0910336,0.0542982,7,7.47e+08
0.0978662,0.091687,0.0543828,7,7.48e+08
0.0965574,0.0961858,0.0549781,7,7.56e+08
0.0935988,0.0995553,0.0554727,7,7.66e+08
0.0932186,0.0997769,0.0555093,7,7.67e+08
0.0877222,0.101037,0.0557982,7,7.79e+08
0.0844619,0.100981,0.055869,7,7.85e+08
0.0838999,0.100946,0.0558777,7,7.86e+08
0.0707705,0.0979421,0.0558533,7,8.07e+08
0.0700989,0.0977294,0.055846,7,8.08e+08
0.0569993,0.0938757,0.0557054,7,8.27e+08
0.0562731,0.0936096,0.0556953,7,8.28e+08
0.0555388,0.0933451,0.0556859,7,8.29e+08
0.0486165,0.0903668,0.0555926,7,8.38e+08
0.0409964,0.0861816,0.0555079,7,8.47e+08
0.0401278,0.0856962,0.0555011,7,8.48e+08
0.0250388,0.0787006,0.0554106,7,8.67e+08
0.0243505,0.0784981,0.0554052,7,8.68e+08
0.0185348,0.0771423,0.0553492,7,8.77e+08
0.012214,0.0766388,0.055272,7,8.88e+08
0.0116805,0.0766688,0.0552648,7,8.89e+08
0.00812941,0.0769316,0.0552101,7,8.96e+08
0.00277372,0.0771632,0.0551432,7,9.07e+08
0.00229148,0.0771586,0.055139,7,9.08e+08
-0.0031069,0.0762676,0.0551246,7,9.19e+08
-0.00688041,0.0744657,0.0551665,7,9.26e+08
-0.00744572,0.0741167,0.0551764,7,9.27e+08
-0.0144038,0.0691447,0.0553481,7,9.39e+08
-0.0178612,0.0662347,0.0554599,7,9.45e+08
-0.0184345,0.0657268,0.0554801,7,9.46e+08
-0.0312781,0.0529179,0.0560561,7,9.69e+08
-0.0318398,0.0522561,0.0560895,7,9.7e+08
-0.0427475,0.0373235,0.0569564,7,9.88e+08
-0.0433893,0.0363288,0.0570205,7,9.89e+08
-0.0487055,0.0273828,0.0576228,7,9.97e+08
-0.0559674,0.0138549,0.0586284,8,7e+06
-0.0567343,0.0123585,0.0587459,8,8e+06
-0.0690361,-0.0119726,0.060836,8,2.3e+07
-0.0716679,-0.0171686,0.0613259,8,2.6e+07
-0.0725567,-0.0189264,0.0614949,8,2.7e+07
-0.0890589,-0.0515264,0.0649574,8,4.5e+07
-0.0899757,-0.0533733,0.0651725,8,4.6e+07
-0.0962318,-0.0663455,0.0667358,8,5.3e+07
-0.105062,-0.0861776,0.0692958,8,6.4e+07
-0.105792,-0.0879139,0.0695297,8,6.5e+07
-0.11535,-0.113889,0.073163,8,8.3e+07
-0.115709,-0.115108,0.0733385,8,8.4e+07
-0.117886,-0.122976,0.0744937,8,9.1e+07
-0.120033,-0.133873,0.0761438,8,1.03e+08
-0.120124,-0.134676,0.0762669,8,1.04e+08
-0.119914,-0.147553,0.0782797,8,1.23e+08
-0.119745,-0.148024,0.0783561,8,1.24e+08
-0.1178,-0.151191,0.0788774,8,1.32e+08
-0.113896,-0.154308,0.0794032,8,1.43e+08
-0.113485,-0.154545,0.0794433,8,1.44e+08
-0.104135,-0.15719,0.0799433,8,1.63e+08
-0.103514,-0.157119,0.0799459,8,1.64e+08
-0.0933263,-0.153259,0.0797297,8,1.77e+08
-0.0875726,-0.150144,0.0795377,8,1.83e+08
-0.0855282,-0.148899,0.0794619,8,1.85e+08
-0.0649869,-0.134682,0.078735,8,2.03e+08
-0.0638094,-0.133827,0.0786981,8,2.04e+08
-0.0433838,-0.120206,0.0781831,8,2.22e+08
-0.0423485,-0.119653,0.0781602,8,2.23e+08
-0.0248029,-0.111249,0.0778007,8,2.41e+08
-0.0238407,-0.110784,0.077787,8,2.42e+08
-0.00666031,-0.102685,0.0777106,8,2.6e+08
-0.00578552,-0.102329,0.0777097,8,2.61e+08
0.00590077,-0.0987547,0.0776838,8,2.76e+08
0.00850705,-0.0983952,0.0776602,8,2.8e+08
0.00912895,-0.098335,0.0776534,8,2.81e+08
0.0186908,-0.0988316,0.077485,8,2.99e+08
0.019142,-0.0989236,0.0774738,8,3e+08
0.0195846,-0.0990241,0.0774624,8,3.01e+08
0.0208687,-0.0993113,0.0774282,8,3.04e+08
0.0261974,-0.100554,0.0772855,8,3.18e+08
0.026564,-0.100576,0.0772794,8,3.19e+08
0.0269315,-0.10059,0.077274,8,3.2e+08
0.0338868,-0.0983287,0.0773364,8,3.38e+08
0.0342837,-0.0980792,0.0773481,8,3.39e+08
0.0374993,-0.095478,0.0774775,8,3.47e+08
0.0417599,-0.0906139,0.0777465,8,3.57e+08
0.0422076,-0.090018,0.0777809,8,3.58e+08
0.0460286,-0.0844625,0.0781166,8,3.66e+08
0.0515499,-0.0758446,0.0786808,8,3.77e+08
0.0520461,-0.0750342,0.0787359,8,3.78e+08
0.0559517,-0.0683583,0.0792018,8,3.86e+08
0.060747,-0.05943,0.079861,8,3.97e+08
0.0611124,-0.0586824,0.0799175,8,3.98e+08
0.0646225,-0.0502471,0.0805641,8,4.1e+08
0.0663836,-0.0444823,0.0810205,8,4.19e+08
0.0665387,-0.0438673,0.0810698,8,4.2e+08
0.0678528,-0.0347926,0.0818177,8,4.38e+08
0.0678237,-0.0344326,0.081848,8,4.39e+08
0.0647604,-0.0312314,0.0821385,8,4.58e+08
0.064459,-0.0312575,0.0821391,8,4.59e+08
0.0560345,-0.0354527,0.0819125,8,4.78e+08
0.0555108,-0.0357512,0.0818961,8,4.79e+08
0.0458725,-0.0413455,0.081588,8,4.97e+08
0.045315,-0.0416749,0.0815705,8,4.98e+08
0.0412781,-0.0441509,0.0814455,8,5.05e+08
0.0342416,-0.0489606,0.0812502,8,5.16e+08
0.0335565,-0.0494346,0.0812341,8,5.17e+08
0.0212396,-0.0565499,0.080986,8,5.36e+08
0.020101,-0.0570517,0.0809625,8,5.38e+08
0.0139725,-0.0588428,0.0808267,8,5.5e+08
0.0110205,-0.0589214,0.0807434,8,5.57e+08
0.0106293,-0.0588953,0.0807312,8,5.58e+08
0.00385854,-0.0583858,0.0805443,8,5.76e+08
0.00347432,-0.0583912,0.0805365,8,5.77e+08
-0.000958087,-0.0590555,0.0804735,8,5.88e+08
-0.00430444,-0.0600297,0.0804496,8,5.96e+08
-0.00473921,-0.0602207,0.0804485,8,5.97e+08
-0.0135943,-0.0660891,0.0805405,8,6.15e+08
-0.0141028,-0.0664957,0.0805504,8,6.16e+08
-0.0222567,-0.0730269,0.0807197,8,6.34e+08
-0.0226516,-0.073382,0.0807287,8,6.35e+08
-0.0286618,-0.0792436,0.0809159,8,6.5e+08
-0.0297741,-0.0802913,0.0809528,8,6.53e+08
-0.0301294,-0.0806241,0.0809644,8,6.54e+08
-0.0357251,-0.0862835,0.0811598,8,6.73e+08
-0.0359924,-0.0866146,0.0811726,8,6.74e+08
-0.0406885,-0.0934566,0.0814814,8,6.91e+08
-0.0409471,-0.0938739,0.0815017,8,6.92e+08
-0.0439686,-0.0991182,0.0817506,8,7.09e+08
-0.0440558,-0.0993247,0.0817593,8,7.1e+08
-0.0441368,-0.0995265,0.0817677,8,7.11e+08
-0.0446975,-0.101874,0.0818578,8,7.26e+08
-0.0446168,-0.102068,0.0818609,8,7.29e+08
-0.0445639,-0.102082,0.0818593,8,7.3e+08
-0.0407747,-0.0981782,0.0816242,8,7.48e+08
-0.0403695,-0.097661,0.0815981,8,7.49e+08
-0.0371329,-0.0935431,0.0814013,8,7.56e+08
-0.031063,-0.0853919,0.0810699,8,7.67e+08
-0.0304572,-0.0845592,0.0810401,8,7.68e+08
-0.023935,-0.0754733,0.0807609,8,7.78e+08
-0.0178091,-0.0667585,0.08058,8,7.86e+08
-0.0169787,-0.0655834,0.0805619,8,7.87e+08
-0.00982914,-0.0555482,0.0804655,8,7.95e+08
0.00103935,-0.040769,0.0805026,8,8.06e+08
0.00202572,-0.0394464,0.0805143,8,8.07e+08
0.0159848,-0.0207186,0.0808095,8,8.22e+08
0.0223084,-0.0122076,0.0810026,8,8.3e+08
0.0230418,-0.0112308,0.0810268,8,8.31e+08
0.0237599,-0.0102876,0.0810503,8,8.32e+08
0.0319243,0.000366041,0.0813185,8,8.45e+08
0.0347272,0.00383162,0.0814194,8,8.5e+08
0.0352592,0.004458,0.0814377,8,8.51e+08
0.0362785,0.00559782,0.0814694,8,8.53e+08
0.04223,0.0105419,0.0814475,8,8.71e+08
0.0423895,0.0105692,0.0814314,8,8.72e+08
0.0430719,0.0104355,0.0813195,8,8.78e+08
0.0431942,0.00859093,0.08104,8,8.89e+08
0.0431291,0.0083256,0.0810099,8,8.9e+08
0.0430547,0.00805689,0.0809796,8,8.91e+08
0.0403978,0.00172909,0.0803928,8,9.09e+08
0.0402198,0.00138925,0.0803627,8,9.1e+08
0.0367018,-0.00393122,0.0798767,8,9.29e+08
0.0365066,-0.00416419,0.0798547,8,9.3e+08
0.0346625,-0.00638818,0.0796745,8,9.38e+08
0.0317502,-0.00948068,0.0794636,8,9.48e+08
0.0314293,-0.00980715,0.0794436,8,9.49e+08
0.0287763,-0.012366,0.0792949,8,9.57e+08
0.0252699,-0.0155797,0.0791321,8,9.67e+08
0.0249247,-0.0158594,0.0791179,8,9.68e+08
0.0223351,-0.017647,0.0790168,8,9.76e+08
0.0188517,-0.0198526,0.0788978,8,9.87e+08
0.018533,-0.0200353,0.0788883,8,9.88e+08
0.0120052,-0.0229976,0.0787293,9,9e+06
0.011672,-0.0231839,0.0787233,9,1e+07
0.00474454,-0.0277761,0.0786641,9,2.8e+07
0.004372,-0.0280038,0.0786623,9,2.9e+07
0.0016797,-0.0292546,0.0786459,9,3.7e+07
-0.000819565,-0.0288857,0.0785941,9,4.8e+07
-0.000963881,-0.028702,0.0785868,9,4.9e+07
-0.000604216,-0.0212032,0.0784032,9,6.4e+07
0.000193388,-0.0184893,0.0783519,9,6.7e+07
0.000515677,-0.0175101,0.0783345,9,6.8e+07
0.00299415,-0.0108562,0.0782334,9,7.4e+07
0.0103251,0.00605487,0.0781308,9,8.6e+07
0.0110729,0.00768463,0.0781326,9,8.7e+07
0.027823,0.0437722,0.0786501,9,1.07e+08
0.0286962,0.0456636,0.0787016,9,1.08e+08
0.0346422,0.0585976,0.0791065,9,1.15e+08
0.0432977,0.0772155,0.0798387,9,1.26e+08
0.0440319,0.0787844,0.0799075,9,1.27e+08
0.0577502,0.107021,0.0814367,9,1.46e+08
0.0584791,0.108453,0.0815315,9,1.47e+08
0.0724837,0.136178,0.0837154,9,1.66e+08
0.0732108,0.137644,0.0838486,9,1.67e+08
0.081028,0.15397,0.0854315,9,1.78e+08
0.0861114,0.164925,0.0865987,9,1.85e+08
0.0868439,0.166498,0.0867732,9,1.86e+08
0.0875754,0.16808,0.08695,9,1.87e+08
0.100257,0.195687,0.0902751,9,2.05e+08
0.101512,0.198483,0.0906356,9,2.07e+08
0.10212,0.199856,0.090814,9,2.08e+08
0.111473,0.224114,0.0941273,9,2.3e+08
0.11166,0.22488,0.0942363,9,2.31e+08
0.112341,0.231119,0.0951283,9,2.41e+08
0.112322,0.231663,0.0952057,9,2.42e+08
0.112292,0.232184,0.0952803,9,2.43e+08
0.109796,0.239132,0.0962814,9,2.61e+08
0.109523,0.239312,0.0963096,9,2.62e+08
0.100373,0.237003,0.0961684,9,2.81e+08
0.0989813,0.236143,0.0960887,9,2.83e+08
0.0880823,0.2281,0.0953824,9,2.96e+08
0.0871101,0.227286,0.0953162,9,2.97e+08
0.0861195,0.22646,0.0952501,9,2.98e+08
0.0740032,0.215394,0.0944607,9,3.09e+08
0.0586074,0.19996,0.0936417,9,3.21e+08
0.0559256,0.197211,0.0935245,9,3.23e+08
0.0545819,0.195837,0.0934687,9,3.24e+08
0.0338331,0.175234,0.0927989,9,3.4e+08
0.0313523,0.172836,0.0927409,9,3.42e+08
0.0146906,0.157453,0.092487,9,3.56e+08
0.00901904,0.152466,0.0924588,9,3.61e+08
0.00789815,0.151479,0.0924572,9,3.62e+08
0.00678054,0.150499,0.0924573,9,3.63e+08
-0.00504702,0.140479,0.092537,9,3.74e+08
-0.0129022,0.134126,0.0926514,9,3.82e+08
-0.0147615,0.132671,0.0926853,9,3.84e+08
-0.0243603,0.125028,0.092914,9,3.95e+08
-0.0300892,0.120434,0.0931065,9,4.02e+08
-0.0308786,0.119805,0.0931355,9,4.03e+08
-0.0362902,0.115277,0.0933638,9,4.1e+08
-0.0458498,0.105852,0.093971,9,4.22e+08
-0.0467223,0.10486,0.0940445,9,4.23e+08
-0.0613031,0.0866638,0.095621,9,4.38e+08
-0.0623244,0.0853008,0.0957524,9,4.39e+08
-0.0633443,0.0839245,0.0958863,9,4.4e+08
-0.0643649,0.0825144,0.0960241,9,4.41e+08
-0.083482,0.0535004,0.0991662,9,4.6e+08
-0.0844571,0.0518999,0.0993559,9,4.61e+08
-0.0910521,0.0408326,0.100707,9,4.68e+08
-0.101985,0.0215562,0.103213,9,4.81e+08
-0.102734,0.0202017,0.103396,9,4.82e+08
-0.112578,1.46746e-05,0.106197,9,5.01e+08
-0.112846,-0.000767138,0.106307,9,5.02e+08
-0.113091,-0.00152185,0.106413,9,5.03e+08
-0.113862,-0.00996229,0.107608,9,5.19e+08
-0.113267,-0.0112886,0.107794,9,5.23e+08
-0.113089,-0.0116047,0.107838,9,5.24e+08
-0.108401,-0.0163973,0.108485,9,5.42e+08
-0.108091,-0.0166703,0.108519,9,5.43e+08
-0.107778,-0.0169364,0.108552,9,5.44e+08
-0.105253,-0.0193463,0.108834,9,5.52e+08
-0.101844,-0.0235596,0.10928,9,5.63e+08
-0.101554,-0.0240152,0.109326,9,5.64e+08
-0.0967582,-0.0351871,0.11039,9,5.83e+08
-0.0965219,-0.0358824,0.110454,9,5.84e+08
-0.0929272,-0.0510717,0.111833,9,6.02e+08
-0.0927932,-0.0521051,0.111925,9,6.03e+08
-0.0915591,-0.0722587,0.113729,9,6.21e+08
-0.0915218,-0.0734161,0.113834,9,6.22e+08
-0.0909151,-0.09388,0.115757,9,6.4e+08
-0.0908467,-0.094949,0.11586,9,6.41e+08
-0.0878953,-0.111765,0.117555,9,6.59e+08
-0.0876252,-0.112545,0.117636,9,6.6e+08
-0.0806264,-0.122577,0.118776,9,6.78e+08
-0.0801132,-0.122906,0.118821,9,6.79e+08
-0.0757434,-0.124963,0.119127,9,6.87e+08
-0.0686181,-0.125332,0.119363,9,6.98e+08
-0.0678909,-0.125211,0.119375,9,6.99e+08
-0.0520807,-0.119273,0.119421,9,7.18e+08
-0.0511412,-0.11875,0.119417,9,7.19e+08
-0.0463377,-0.115952,0.119397,9,7.24e+08
-0.0347856,-0.108938,0.119364,9,7.36e+08
-0.0338569,-0.108392,0.119362,9,7.37e+08
-0.0251426,-0.103641,0.119338,9,7.47e+08
-0.0196426,-0.10118,0.119314,9,7.54e+08
-0.0189215,-0.100925,0.119308,9,7.55e+08
-0.00897532,-0.100444,0.119095,9,7.73e+08
-0.00858843,-0.100635,0.119077,9,7.74e+08
-0.00821768,-0.100837,0.119059,9,7.75e+08
-0.00286687,-0.105463,0.118729,9,7.93e+08
-0.00259909,-0.105715,0.118713,9,7.94e+08
0.00260065,-0.110019,0.118446,9,8.14e+08
0.00286642,-0.110139,0.118436,9,8.15e+08
0.0148944,-0.103711,0.118426,9,8.46e+08
0.0153978,-0.103196,0.118436,9,8.47e+08
0.0159096,-0.102655,0.118448,9,8.48e+08
0.0264935,-0.089168,0.118848,9,8.66e+08
0.0271105,-0.0882722,0.11888,9,8.67e+08
0.0412218,-0.065735,0.119902,9,8.88e+08
0.0419229,-0.0645528,0.119965,9,8.89e+08
0.0468688,-0.0561511,0.120441,9,8.96e+08
0.0552982,-0.0413735,0.121398,9,9.07e+08
0.0561197,-0.03992,0.121501,9,9.08e+08
0.0734473,-0.00859332,0.12409,9,9.28e+08
0.0742891,-0.00697384,0.124241,9,9.29e+08
0.0887384,0.0222431,0.127246,9,9.47e+08
0.0894945,0.0238398,0.127425,9,9.48e+08
0.102334,0.0520406,0.130807,9,9.67e+08
0.102913,0.0533913,0.130979,9,9.68e+08
0.103484,0.0547373,0.131151,9,9.69e+08
0.109269,0.0689605,0.133027,9,9.8e+08
0.110769,0.0727888,0.13355,9,9.83e+08
0.111256,0.07405,0.133725,9,9.84e+08
0.112208,0.0765535,0.134073,9,9.86e+08
0.119155,0.0973064,0.137062,10,3e+06
0.119922,0.0998563,0.137438,10,5e+06
0.120694,0.10243,0.137821,10,7e+06
0.124254,0.114612,0.139655,10,1.6e+07
0.126296,0.121701,0.140742,10,2.1e+07
0.126712,0.123151,0.140965,10,2.2e+07
0.135046,0.152723,0.145666,10,4.2e+07
0.135409,0.154131,0.145897,10,4.3e+07
0.140206,0.177589,0.149863,10,6.1e+07
0.14036,0.17876,0.150067,10,6.2e+07
0.140778,0.193274,0.152639,10,7.6e+07
0.140419,0.1981,0.153496,10,8.1e+07
0.140335,0.199066,0.153667,10,8.2e+07
0.136988,0.216166,0.156707,10,1.02e+08
0.136682,0.216852,0.156832,10,1.03e+08
0.13016,0.226657,0.158614,10,1.2e+08
0.129672,0.227084,0.158695,10,1.21e+08
0.119037,0.231122,0.159615,10,1.38e+08
0.117372,0.230954,0.159646,10,1.4e+08
0.108268,0.227889,0.159569,10,1.49e+08
0.0986022,0.223049,0.159344,10,1.57e+08
0.0973461,0.222359,0.15931,10,1.58e+08
0.0843053,0.214486,0.158936,10,1.68e+08
0.0721213,0.206475,0.158603,10,1.77e+08
0.0707502,0.205533,0.158567,10,1.78e+08
0.050273,0.19001,0.158146,10,1.92e+08
0.0486824,0.188702,0.158129,10,1.93e+08
0.0470742,0.187363,0.158113,10,1.94e+08
0.0232613,0.166697,0.158202,10,2.08e+08
0.0214959,0.16509,0.158232,10,2.09e+08
0.0197205,0.163455,0.158265,10,2.1e+08
-0.00787274,0.136661,0.159278,10,2.25e+08
-0.00977139,0.134718,0.159383,10,2.26e+08
-0.0116757,0.132771,0.159494,10,2.27e+08
-0.0458587,0.0971671,0.162181,10,2.45e+08
-0.0477141,0.0952229,0.162361,10,2.46e+08
-0.0744659,0.0669507,0.165359,10,2.61e+08
-0.0795823,0.0614786,0.16603,10,2.64e+08
-0.0812622,0.0596723,0.166257,10,2.65e+08
-0.109422,0.029422,0.170547,10,2.84e+08
-0.110625,0.028145,0.170745,10,2.85e+08
-0.125702,0.0116456,0.173414,10,3e+08
-0.12653,0.0106984,0.173573,10,3.01e+08
-0.12734,0.00977199,0.17373,10,3.02e+08
-0.138607,-0.00431753,0.1762,10,3.2e+08
-0.139048,-0.00498022,0.176319,10,3.21e+08
-0.139476,-0.00564062,0.176437,10,3.22e+08
-0.14331,-0.0125169,0.177677,10,3.32e+08
-0.143989,-0.0139287,0.177934,10,3.34e+08
-0.144316,-0.0146315,0.178063,10,3.35e+08
-0.14463,-0.015323,0.17819,10,3.36e+08
-0.144932,-0.0160198,0.178317,10,3.37e+08
-0.147255,-0.0227736,0.179555,10,3.47e+08
-0.147406,-0.0234232,0.179674,10,3.48e+08
-0.147547,-0.0240871,0.179794,10,3.49e+08
-0.148902,-0.0347419,0.181704,10,3.64e+08
-0.148919,-0.035448,0.181829,10,3.65e+08
-0.148923,-0.036143,0.181953,10,3.66e+08
-0.14845,-0.0405614,0.182742,10,3.73e+08
-0.14477,-0.0493122,0.18429,10,3.89e+08
-0.144454,-0.0498359,0.184382,10,3.9e+08
-0.137955,-0.0609177,0.186216,10,4.09e+08
-0.137566,-0.0615125,0.186311,10,4.1e+08
-0.135112,-0.0651921,0.186886,10,4.16e+08
-0.129477,-0.0723865,0.187981,10,4.28e+08
-0.128943,-0.0729367,0.188065,10,4.29e+08
-0.116256,-0.080691,0.189321,10,4.48e+08
-0.115472,-0.0809589,0.189371,10,4.49e+08
-0.0996543,-0.0834185,0.190016,10,4.67e+08
-0.0986829,-0.0834081,0.190037,10,4.68e+08
-0.0936652,-0.0831881,0.190133,10,4.73e+08
-0.0792692,-0.080599,0.190257,10,4.86e+08
-0.0780671,-0.0802706,0.190262,10,4.87e+08
-0.0693437,-0.0775081,0.190286,10,4.94e+08
-0.0542675,-0.0709471,0.19032,10,5.05e+08
-0.0528311,-0.0702548,0.190327,10,5.06e+08
-0.0412781,-0.0645401,0.190403,10,5.14e+08
-0.0273505,-0.0577032,0.190521,10,5.24e+08
-0.0260432,-0.0571148,0.190531,10,5.25e+08
-0.00642458,-0.0506504,0.190524,10,5.43e+08
-0.00558717,-0.0505965,0.19051,10,5.44e+08
-0.0047806,-0.050567,0.190494,10,5.45e+08
0.00576498,-0.0554317,0.189892,10,5.64e+08
0.00609081,-0.0559561,0.189848,10,5.65e+08
0.00639563,-0.0564931,0.189802,10,5.66e+08
0.00837908,-0.070574,0.188823,10,5.85e+08
0.00828068,-0.0714893,0.188768,10,5.86e+08
0.00816911,-0.0723987,0.188714,10,5.87e+08
0.00473425,-0.0889136,0.187859,10,6.05e+08
0.00446638,-0.0898547,0.187819,10,6.06e+08
0.00419112,-0.090791,0.187779,10,6.07e+08
-2.99126e-05,-0.10465,0.187207,10,6.25e+08
-0.000176636,-0.105211,0.187182,10,6.26e+08
-0.00148397,-0.112145,0.186796,10,6.44e+08
-0.00149376,-0.112345,0.186778,10,6.45e+08
-0.000522374,-0.113019,0.186495,10,6.62e+08
-0.000285446,-0.112794,0.186465,10,6.64e+08
-0.0001558,-0.112642,0.18645,10,6.65e+08
0.000615591,-0.111633,0.18638,10,6.7e+08
0.00339535,-0.107337,0.186224,10,6.83e+08
0.00363825,-0.10693,0.186214,10,6.84e+08
0.00875885,-0.0977231,0.186078,10,7.03e+08
0.00902762,-0.0972117,0.186073,10,7.04e+08
0.0127849,-0.0890775,0.185991,10,7.24e+08
0.0128356,-0.0888495,0.185985,10,7.25e+08
0.0113134,-0.0875462,0.185819,10,7.44e+08
0.0111894,-0.0875177,0.18581,10,7.45e+08
0.0093591,-0.0860999,0.185659,10,7.64e+08
0.00928812,-0.0859986,0.185651,10,7.65e+08
0.00857574,-0.0829512,0.18552,10,7.83e+08
0.00858594,-0.0827078,0.185513,10,7.84e+08
0.0100075,-0.0760906,0.185409,10,8.03e+08
0.0107146,-0.0741479,0.185395,10,8.07e+08
0.0109031,-0.0736495,0.185392,10,8.08e+08
0.0138463,-0.0663594,0.185379,10,8.21e+08
0.0140848,-0.0657901,0.185379,10,8.22e+08
0.0143196,-0.0652248,0.18538,10,8.23e+08
0.0150217,-0.0634849,0.185383,10,8.26e+08
0.0157363,-0.0617097,0.185389,10,8.29e+08
0.0159746,-0.0611177,0.185392,10,8.3e+08
0.0162109,-0.0605336,0.185394,10,8.31e+08
0.0192002,-0.0517407,0.185432,10,8.49e+08
0.0193247,-0.0512928,0.185435,10,8.5e+08
0.0205638,-0.0447222,0.185457,10,8.69e+08
0.0205584,-0.0444872,0.185456,10,8.7e+08
0.0195036,-0.0411269,0.185414,10,8.9e+08
0.0192108,-0.0410994,0.185404,10,8.92e+08
0.0140469,-0.0429335,0.185247,10,9.14e+08
0.0138043,-0.0430348,0.185239,10,9.15e+08
0.0122347,-0.0438371,0.18519,10,9.21e+08
0.011943,-0.0440235,0.185182,10,9.22e+08
0.0116404,-0.0442267,0.185173,10,9.23e+08
0.0041196,-0.0501669,0.185018,10,9.43e+08
0.00366573,-0.0505705,0.185011,10,9.44e+08
-0.00376217,-0.0569643,0.18492,10,9.61e+08
-0.00418523,-0.0573252,0.184916,10,9.62e+08
-0.0078098,-0.0603571,0.184876,10,9.71e+08
-0.0116722,-0.0635796,0.184843,10,9.81e+08
-0.0124183,-0.0641755,0.184837,10,9.83e+08
-0.0131385,-0.0647174,0.184831,10,9.85e+08
-0.0192121,-0.0696076,0.184795,11,3e+06
-0.0195463,-0.0698952,0.184795,11,4e+06
-0.0257696,-0.0757158,0.184849,11,2.2e+07
-0.0261112,-0.0760591,0.184854,11,2.3e+07
-0.0321665,-0.0822854,0.18497,11,4.2e+07
-0.0324739,-0.082635,0.184978,11,4.3e+07
-0.036518,-0.0873647,0.185112,11,5.6e+07
-0.0381602,-0.0894754,0.185185,11,6.1e+07
-0.0384957,-0.0899015,0.185201,11,6.2e+07
-0.0449634,-0.0986349,0.185524,11,8.6e+07
-0.0451731,-0.0989701,0.185537,11,8.7e+07
-0.0475154,-0.103122,0.185661,11,1.06e+08
-0.0474938,-0.103152,0.185656,11,1.07e+08
-0.0464268,-0.10227,0.18555,11,1.16e+08
-0.043159,-0.0986283,0.185292,11,1.26e+08
-0.0427333,-0.0981608,0.185261,11,1.27e+08
-0.0330888,-0.0872292,0.184661,11,1.45e+08
-0.032472,-0.0865284,0.184628,11,1.46e+08
-0.027294,-0.0805004,0.18437,11,1.54e+08
-0.0198174,-0.0713327,0.184082,11,1.64e+08
-0.01898,-0.0702877,0.184057,11,1.65e+08
-0.00333756,-0.0515253,0.183807,11,1.83e+08
-0.00253459,-0.0505873,0.183801,11,1.84e+08
0.011377,-0.0343869,0.183827,11,2.02e+08
0.012123,-0.0335366,0.183836,11,2.03e+08
0.0128632,-0.0326912,0.183846,11,2.04e+08
0.0248175,-0.0192744,0.184067,11,2.22e+08
0.0253719,-0.0186793,0.184078,11,2.23e+08
0.0318186,-0.0131329,0.183993,11,2.44e+08
0.0319033,-0.0131241,0.183976,11,2.45e+08
0.0314426,-0.0156826,0.183564,11,2.64e+08
0.0312979,-0.0159599,0.183537,11,2.65e+08
0.0277229,-0.0214384,0.18304,11,2.84e+08
0.0275214,-0.0217161,0.183015,11,2.85e+08
0.0273182,-0.0219885,0.182991,11,2.86e+08
0.0237786,-0.0260581,0.182603,11,3.04e+08
0.0233596,-0.0264848,0.182563,11,3.06e+08
0.0202485,-0.0293941,0.182322,11,3.19e+08
0.0181677,-0.0310083,0.182193,11,3.27e+08
0.0179005,-0.0312015,0.182178,11,3.28e+08
0.013674,-0.0327577,0.181942,11,3.47e+08
0.0135357,-0.0327028,0.181931,11,3.48e+08
0.0122302,-0.0309795,0.181795,11,3.62e+08
0.0118225,-0.0303219,0.18175,11,3.67e+08
0.0117218,-0.0302329,0.181741,11,3.68e+08
0.00977642,-0.0292538,0.18163,11,3.82e+08
0.00915327,-0.0282761,0.181589,11,3.88e+08
0.00908849,-0.0280701,0.181582,11,3.89e+08
0.00947799,-0.0215641,0.181459,11,4.09e+08
0.00955944,-0.0211541,0.181454,11,4.1e+08
0.012565,-0.0115645,0.18139,11,4.29e+08
0.0127698,-0.0109945,0.181388,11,4.3e+08
0.0175092,0.000865244,0.181408,11,4.5e+08
0.0177642,0.00146693,0.181411,11,4.51e+08
0.0202391,0.00731742,0.181453,11,4.61e+08
0.0227324,0.0132694,0.181518,11,4.71e+08
0.0230107,0.0139008,0.181527,11,4.72e+08
0.0256199,0.0195675,0.181621,11,4.81e+08
0.0277801,0.0242651,0.18171,11,4.89e+08
0.0280394,0.024836,0.181722,11,4.9e+08
0.0282964,0.0254072,0.181733,11,4.91e+08
0.0313823,0.0331496,0.181881,11,5.09e+08
0.0314792,0.0334832,0.181887,11,5.1e+08
0.0315676,0.0337907,0.181892,11,5.11e+08
0.0323762,0.0384547,0.181952,11,5.29e+08
0.0324093,0.0387054,0.181955,11,5.3e+08
0.0327923,0.0409194,0.181988,11,5.38e+08
0.0336943,0.044655,0.182054,11,5.5e+08
0.0337749,0.0449661,0.182059,11,5.51e+08
0.0363797,0.0530855,0.182249,11,5.7e+08
0.0366087,0.0536393,0.182264,11,5.71e+08
0.040668,0.0635181,0.182564,11,5.89e+08
0.040844,0.0640016,0.18258,11,5.9e+08
0.041838,0.0674613,0.182678,11,5.99e+08
0.0410923,0.069282,0.182685,11,6.11e+08
0.036592,0.0677649,0.182507,11,6.29e+08
0.0362635,0.0675676,0.182493,11,6.3e+08
0.0270936,0.0594649,0.182112,11,6.5e+08
0.0265337,0.058904,0.182091,11,6.51e+08
0.0148967,0.0471421,0.181752,11,6.7e+08
0.0136186,0.0458377,0.181724,11,6.72e+08
0.00207965,0.0344827,0.18154,11,6.91e+08
0.00156182,0.0339876,0.181532,11,6.92e+08
-0.00905164,0.0232676,0.181446,11,7.13e+08
-0.00953957,0.0227707,0.181447,11,7.14e+08
-0.0133057,0.0188578,0.181458,11,7.22e+08
-0.0186689,0.0132905,0.181511,11,7.34e+08
-0.0190653,0.0129,0.181515,11,7.35e+08
-0.0234056,0.0087033,0.181547,11,7.48e+08
-0.0249457,0.00724243,0.18155,11,7.54e+08
-0.0251848,0.00700108,0.181551,11,7.55e+08
-0.0293004,0.00224032,0.181599,11,7.73e+08
-0.0297952,0.00157601,0.181612,11,7.75e+08
-0.0312117,-0.000250584,0.181649,11,7.81e+08
-0.0333161,-0.00327748,0.181692,11,7.94e+08
-0.0334142,-0.00344565,0.181692,11,7.95e+08
-0.0347993,-0.00691102,0.181717,11,8.14e+08
-0.0348727,-0.00714182,0.18172,11,8.15e+08
-0.036657,-0.0123017,0.181823,11,8.34e+08
-0.0367022,-0.0125303,0.181826,11,8.35e+08
-0.0368838,-0.0142187,0.181852,11,8.43e+08
-0.0368791,-0.0146122,0.181857,11,8.45e+08
-0.0368279,-0.0151285,0.181862,11,8.48e+08
-0.0363667,-0.0163895,0.181867,11,8.57e+08
-0.0354761,-0.0169722,0.18185,11,8.65e+08
-0.0353418,-0.0170289,0.181847,11,8.66e+08
-0.0342716,-0.0173248,0.181824,11,8.73e+08
-0.0325931,-0.0180367,0.181791,11,8.84e+08
-0.0324303,-0.0180883,0.181788,11,8.85e+08
-0.0303475,-0.0216509,0.18177,11,9.05e+08
-0.0303638,-0.0220044,0.181773,11,9.06e+08
-0.0308388,-0.0256063,0.181809,11,9.15e+08
-0.0320126,-0.0309261,0.181883,11,9.26e+08
-0.0321463,-0.0314624,0.181892,11,9.27e+08
-0.0358292,-0.0434461,0.182146,11,9.46e+08
-0.0360683,-0.0441278,0.182163,11,9.47e+08
-0.0382301,-0.0505177,0.18233,11,9.57e+08
-0.0390493,-0.0539465,0.182415,11,9.64e+08
-0.0391128,-0.0543655,0.182424,11,9.65e+08
-0.0387927,-0.057452,0.182469,11,9.76e+08
-0.0371639,-0.0571959,0.182407,11,9.83e+08
-0.0368271,-0.0570215,0.182393,11,9.84e+08
-0.0337972,-0.0547428,0.18226,11,9.91e+08
-0.0261384,-0.0472152,0.181953,12,3e+06
-0.025407,-0.0464586,0.181928,12,4e+06
-0.0112642,-0.0315388,0.181552,12,2.2e+07
-0.0105064,-0.0307665,0.181537,12,2.3e+07
-0.00424984,-0.0245849,0.18141,12,3.2e+07
0.00144953,-0.0191232,0.181274,12,4.2e+07
0.00196104,-0.0186284,0.181261,12,4.3e+07
0.0104616,-0.0100944,0.181085,12,6.1e+07
0.0109106,-0.00963985,0.181079,12,6.2e+07
0.015153,-0.00531859,0.181037,12,7.2e+07
0.0190717,-0.00139585,0.181021,12,8.2e+07
0.019419,-0.00107523,0.181019,12,8.3e+07
0.0215752,0.000870878,0.180997,12,9e+07
0.0241599,0.00325757,0.180963,12,1e+08
0.024398,0.00348004,0.18096,12,1.01e+08
0.0280024,0.00720557,0.180915,12,1.19e+08
0.0282052,0.0074722,0.180916,12,1.2e+08
0.030343,0.010296,0.180939,12,1.3e+08
0.031842,0.0125143,0.180962,12,1.38e+08
0.0320321,0.0128159,0.180966,12,1.39e+08
0.0347638,0.017546,0.181026,12,1.58e+08
0.0348202,0.0176976,0.181025,12,1.59e+08
0.0349095,0.0179981,0.181024,12,1.61e+08
0.0348245,0.0196848,0.180991,12,1.77e+08
0.0347386,0.0196852,0.180985,12,1.78e+08
0.0310843,0.0172908,0.180784,12,1.96e+08
0.0307908,0.0170611,0.18077,12,1.97e+08
0.0279912,0.0148302,0.180639,12,2.06e+08
0.0247772,0.0121285,0.180501,12,2.15e+08
0.0244043,0.011821,0.180486,12,2.16e+08
0.0174032,0.00622379,0.18023,12,2.34e+08
0.0170156,0.00593534,0.180217,12,2.35e+08
0.010208,0.000552752,0.180017,12,2.52e+08
0.00977381,0.000178113,0.180008,12,2.53e+08
0.00933323,-0.000212382,0.179998,12,2.54e+08
0.000430907,-0.00873043,0.17989,12,2.72e+08
-8.05853e-05,-0.0092213,0.179887,12,2.73e+08
-0.00775457,-0.0153995,0.179804,12,2.92e+08
-0.00801025,-0.0155096,0.179795,12,2.93e+08
-0.00920313,-0.0157081,0.17973,12,2.99e+08
-0.00979306,-0.0138666,0.179536,12,3.11e+08
-0.00976547,-0.0136292,0.179518,12,3.12e+08
-0.00910494,-0.0109468,0.179348,12,3.21e+08
-0.00765841,-0.00717507,0.179168,12,3.3e+08
-0.00743568,-0.00665846,0.179148,12,3.31e+08
-0.00362356,0.0011016,0.178906,12,3.43e+08
-0.000824352,0.00623967,0.1788,12,3.49e+08
-0.000309562,0.00714172,0.178784,12,3.5e+08
0.00939864,0.0231702,0.178606,12,3.68e+08
0.00990352,0.0239773,0.178601,12,3.69e+08
0.0193744,0.0392458,0.178531,12,3.92e+08
0.0197212,0.0398176,0.17853,12,3.93e+08
0.0258128,0.0500494,0.178559,12,4.13e+08
0.0261089,0.0505622,0.178564,12,4.14e+08
0.0289323,0.0553269,0.178632,12,4.23e+08
0.0321013,0.0604393,0.178745,12,4.32e+08
0.0324612,0.061004,0.178759,12,4.33e+08
0.0363313,0.067042,0.178929,12,4.44e+08
0.0388487,0.0711965,0.179059,12,4.52e+08
0.0391765,0.071773,0.179079,12,4.53e+08
0.0440916,0.0802982,0.179433,12,4.65e+08
0.0472562,0.0857267,0.179701,12,4.71e+08
0.047833,0.0867149,0.179753,12,4.72e+08
0.0527712,0.0950284,0.180217,12,4.8e+08
0.0589763,0.105462,0.180862,12,4.9e+08
0.059566,0.106467,0.180927,12,4.91e+08
0.0640326,0.114198,0.181447,12,4.99e+08
0.0682899,0.121912,0.181993,12,5.08e+08
0.0686938,0.122684,0.182049,12,5.09e+08
0.0737211,0.133765,0.18286,12,5.25e+08
0.0739778,0.134407,0.182909,12,5.26e+08
0.0742279,0.13505,0.182958,12,5.27e+08
0.0778375,0.146819,0.18386,12,5.48e+08
0.0778407,0.152778,0.184291,12,5.65e+08
0.0777419,0.153016,0.184306,12,5.66e+08
0.0776326,0.153236,0.18432,12,5.67e+08
0.0726792,0.153108,0.184231,12,5.85e+08
0.0722117,0.152862,0.184208,12,5.86e+08
0.0668469,0.149554,0.183925,12,5.96e+08
0.0615496,0.145395,0.183621,12,6.04e+08
0.0608241,0.144773,0.183579,12,6.05e+08
0.0529658,0.137835,0.183156,12,6.15e+08
0.0452344,0.130698,0.182792,12,6.24e+08
0.0443498,0.12987,0.182754,12,6.25e+08
0.0282663,0.114949,0.182203,12,6.43e+08
0.0273414,0.114068,0.182181,12,6.44e+08
0.0102652,0.0974591,0.181977,12,6.62e+08
0.00927588,0.0964481,0.181978,12,6.63e+08
-0.00875572,0.0772321,0.18225,12,6.81e+08
-0.00975237,0.07611,0.182278,12,6.82e+08
-0.0178039,0.0668188,0.182567,12,6.9e+08
-0.0271474,0.0557513,0.183042,12,6.99e+08
-0.028177,0.0545245,0.183103,12,7e+08
-0.0443461,0.0355941,0.184201,12,7.17e+08
-0.0451755,0.0346396,0.184263,12,7.18e+08
-0.0582936,0.0187724,0.185372,12,7.37e+08
-0.0588319,0.018078,0.185423,12,7.38e+08
-0.0632371,0.0118803,0.185886,12,7.47e+08
-0.0676433,0.00486233,0.186445,12,7.57e+08
-0.0680814,0.00412919,0.186506,12,7.58e+08
-0.0762107,-0.01055,0.187807,12,7.75e+08
-0.0767644,-0.0115546,0.187902,12,7.76e+08
-0.0811648,-0.0195491,0.188682,12,7.84e+08
-0.0855544,-0.028032,0.189546,12,7.93e+08
-0.0859936,-0.0289452,0.189641,12,7.94e+08
-0.0898542,-0.0377978,0.190574,12,8.04e+08
-0.0931155,-0.0466899,0.191541,12,8.14e+08
-0.0934256,-0.0476058,0.191642,12,8.15e+08
-0.0949338,-0.0522104,0.192155,12,8.2e+08
-0.098771,-0.0658388,0.193716,12,8.35e+08
-0.0989618,-0.0666863,0.193815,12,8.36e+08
-0.100387,-0.0747262,0.194764,12,8.46e+08
-0.100744,-0.0802711,0.195429,12,8.54e+08
-0.100735,-0.080904,0.195505,12,8.55e+08
-0.0987812,-0.0898968,0.196594,12,8.72e+08
-0.0985641,-0.0903176,0.196645,12,8.73e+08
-0.098338,-0.0907379,0.196696,12,8.74e+08
-0.0952613,-0.0946147,0.197164,12,8.85e+08
-0.0921327,-0.096279,0.197377,12,8.93e+08
-0.0916986,-0.0964347,0.197397,12,8.94e+08
-0.0825514,-0.0975929,0.197593,12,9.12e+08
-0.0819468,-0.0975318,0.197593,12,9.13e+08
-0.0761182,-0.096643,0.197562,12,9.22e+08
-0.0705976,-0.095507,0.197505,12,9.3e+08
-0.0698759,-0.0953049,0.197493,12,9.31e+08
-0.063101,-0.09323,0.197388,12,9.4e+08
-0.0570948,-0.0913493,0.197294,12,9.48e+08
-0.0563679,-0.0911395,0.197283,12,9.49e+08
-0.0432741,-0.0861116,0.197048,12,9.67e+08
-0.0424965,-0.0857079,0.197034,12,9.68e+08
-0.0367529,-0.0824554,0.196949,12,9.75e+08
-0.0277536,-0.077638,0.196862,12,9.86e+08
-0.0269642,-0.0772328,0.196856,12,9.87e+08
-0.0202533,-0.0741436,0.196802,12,9.96e+08
-0.0137318,-0.0715333,0.196737,13,6e+06
-0.0131115,-0.0712852,0.196732,13,7e+06
-0.00505238,-0.0678565,0.196664,13,2.1e+07
-0.00280762,-0.0667303,0.196658,13,2.5e+07
-0.00226094,-0.0664609,0.196656,13,2.6e+07
-0.00013262,-0.0653785,0.196652,13,3e+07
0.00648032,-0.0620183,0.196638,13,4.4e+07
0.00691911,-0.0617766,0.196637,13,4.5e+07
0.015195,-0.0564788,0.196684,13,6.4e+07
0.0156197,-0.056184,0.196689,13,6.5e+07
0.0203796,-0.0526013,0.196752,13,7.7e+07
0.023389,-0.0497957,0.196817,13,8.5e+07
0.0237584,-0.049424,0.196826,13,8.6e+07
0.0266077,-0.0463916,0.19691,13,9.4e+07
0.0296711,-0.0425349,0.197022,13,1.04e+08
0.0299927,-0.042073,0.197037,13,1.05e+08
0.0381788,-0.0293403,0.197567,13,1.23e+08
0.0387461,-0.028474,0.197608,13,1.24e+08
0.0492903,-0.0118685,0.198497,13,1.42e+08
0.0498976,-0.0108686,0.198556,13,1.43e+08
0.050506,-0.00986728,0.198615,13,1.44e+08
0.0594405,0.00569981,0.199622,13,1.59e+08
0.0611135,0.00880725,0.19984,13,1.62e+08
0.0616451,0.00981461,0.199911,13,1.63e+08
0.068839,0.0256687,0.201075,13,1.81e+08
0.0691029,0.026388,0.201129,13,1.82e+08
0.0712106,0.0361113,0.201854,13,2e+08
0.0711714,0.0364594,0.201879,13,2.01e+08
0.0711162,0.0367936,0.201902,13,2.02e+08
0.0678109,0.0408462,0.202142,13,2.21e+08
0.0675714,0.0409967,0.202148,13,2.22e+08
0.0650547,0.0424907,0.202202,13,2.32e+08
0.0629537,0.0436172,0.202227,13,2.4e+08
0.0626787,0.0437456,0.202229,13,2.41e+08
0.0568423,0.0456517,0.202212,13,2.6e+08
0.0564982,0.0457213,0.202209,13,2.61e+08
0.0504872,0.0483119,0.202192,13,2.8e+08
0.0501865,0.0484693,0.202191,13,2.81e+08
0.0498837,0.0486217,0.20219,13,2.82e+08
0.0448485,0.0516404,0.202191,13,2.99e+08
0.0446094,0.051901,0.202194,13,3e+08
0.0443751,0.0521568,0.202196,13,3.01e+08
0.0421874,0.0548633,0.20222,13,3.11e+08
0.0405916,0.0572422,0.202248,13,3.19e+08
0.0404121,0.0575697,0.202252,13,3.2e+08
0.0389018,0.0617571,0.202314,13,3.31e+08
0.0381014,0.0655999,0.202374,13,3.4e+08
0.0380461,0.0660838,0.202382,13,3.41e+08
0.0380038,0.0665828,0.202391,13,3.42e+08
0.0398246,0.0787121,0.202645,13,3.6e+08
0.0400746,0.0795624,0.202665,13,3.61e+08
0.0448121,0.09507,0.203094,13,3.8e+08
0.0449973,0.0957867,0.203115,13,3.81e+08
0.0463686,0.102521,0.203316,13,3.92e+08
0.0465594,0.105695,0.203403,13,3.99e+08
0.0465451,0.106078,0.203412,13,4e+08
0.0464221,0.107091,0.203435,13,4.03e+08
0.0434356,0.108892,0.203398,13,4.19e+08
0.0430885,0.108783,0.203386,13,4.2e+08
0.0354442,0.104281,0.2031,13,4.37e+08
0.0349366,0.10391,0.203081,13,4.38e+08
0.0344242,0.103522,0.203061,13,4.39e+08
0.0257124,0.096673,0.202737,13,4.56e+08
0.0252596,0.0963413,0.20272,13,4.57e+08
0.0248142,0.0960111,0.202703,13,4.58e+08
0.0181271,0.0915269,0.202433,13,4.75e+08
0.01783,0.0914026,0.202418,13,4.76e+08
0.0175483,0.0912992,0.202404,13,4.77e+08
0.0150643,0.0917939,0.202194,13,4.92e+08
0.0148881,0.092742,0.202127,13,4.97e+08
0.0148865,0.0929567,0.202114,13,4.98e+08
0.0149852,0.0949209,0.202,13,5.07e+08
0.0153723,0.0973739,0.201902,13,5.16e+08
0.0154352,0.097666,0.201892,13,5.17e+08
0.0155029,0.0979704,0.201881,13,5.18e+08
0.0168039,0.103104,0.2017,13,5.37e+08
0.0168011,0.103233,0.201689,13,5.38e+08
0.0143976,0.102245,0.201468,13,5.56e+08
0.0141437,0.102012,0.201454,13,5.57e+08
0.00548905,0.0915573,0.201193,13,5.76e+08
0.00482231,0.0906884,0.201182,13,5.77e+08
0.00414011,0.0897931,0.201173,13,5.78e+08
-0.00265921,0.08057,0.201129,13,5.87e+08
-0.00931404,0.0712491,0.201172,13,5.95e+08
-0.0101827,0.0700133,0.201184,13,5.96e+08
-0.0110604,0.0687629,0.201198,13,5.97e+08
-0.0283357,0.0445383,0.201736,13,6.16e+08
-0.0292205,0.0433137,0.201776,13,6.17e+08
-0.0375726,0.031727,0.202208,13,6.27e+08
-0.043987,0.0223527,0.202617,13,6.36e+08
-0.0446468,0.0213392,0.202665,13,6.37e+08
-0.0549016,0.00449825,0.203579,13,6.55e+08
-0.0553518,0.00369714,0.203627,13,6.56e+08
-0.0611708,-0.00798586,0.204329,13,6.74e+08
-0.0613599,-0.00846112,0.204357,13,6.75e+08
-0.063043,-0.0174693,0.20484,13,7.01e+08
-0.063046,-0.0177765,0.204856,13,7.02e+08
-0.0630458,-0.0180815,0.204871,13,7.03e+08
-0.0626655,-0.0237406,0.205159,13,7.21e+08
-0.0626138,-0.0244482,0.205195,13,7.23e+08
-0.0625965,-0.0273193,0.205344,13,7.3e+08
-0.0626764,-0.0333471,0.205659,13,7.44e+08
-0.0614024,-0.0398189,0.205987,13,7.62e+08
-0.0612738,-0.0401493,0.206004,13,7.63e+08
-0.060036,-0.0468826,0.206347,13,7.79e+08
-0.06006,-0.0479903,0.206404,13,7.81e+08
-0.0600839,-0.0485591,0.206433,13,7.82e+08
-0.0597344,-0.0574769,0.206889,13,8e+08
-0.0596243,-0.0578601,0.206908,13,8.01e+08
-0.0559372,-0.0629721,0.207155,13,8.2e+08
-0.0556557,-0.0631265,0.207162,13,8.21e+08
-0.0505117,-0.0660134,0.207264,13,8.39e+08
-0.050266,-0.0662304,0.207271,13,8.4e+08
-0.0480063,-0.0728155,0.20746,13,8.58e+08
-0.0479652,-0.0732695,0.207473,13,8.59e+08
-0.0478394,-0.0772009,0.207586,13,8.67e+08
-0.0475371,-0.0816068,0.207709,13,8.77e+08
-0.0474724,-0.0820031,0.20772,13,8.78e+08
-0.0467452,-0.0852989,0.207808,13,8.87e+08
-0.0456485,-0.0883924,0.207884,13,8.97e+08
-0.0454989,-0.0886203,0.207888,13,8.98e+08
-0.0439157,-0.089958,0.207905,13,9.06e+08
-0.0406778,-0.0897184,0.207857,13,9.16e+08
-0.0402688,-0.0895751,0.207849,13,9.17e+08
-0.0310936,-0.084137,0.207625,13,9.35e+08
-0.0305444,-0.0837527,0.207611,13,9.36e+08
-0.0253126,-0.0795907,0.207479,13,9.45e+08
-0.0191338,-0.0739288,0.207356,13,9.54e+08
-0.0183919,-0.0732268,0.207344,13,9.55e+08
-0.00423575,-0.0596177,0.207233,13,9.73e+08
-0.00344427,-0.0588291,0.207232,13,9.74e+08
0.0107213,-0.0436574,0.207351,13,9.92e+08
0.0115343,-0.0426934,0.207368,13,9.93e+08
0.0252337,-0.0263328,0.207788,14,1.1e+07
0.0259062,-0.0255235,0.207813,14,1.2e+07
0.0312651,-0.0192328,0.208005,14,2.1e+07
0.0357414,-0.0140297,0.208144,14,3.1e+07
0.0361224,-0.0136011,0.208155,14,3.2e+07
0.0399714,-0.00907998,0.208156,14,5.1e+07
0.0400323,-0.00896057,0.208149,14,5.2e+07
0.0402651,-0.00773537,0.208037,14,6.6e+07
0.0400285,-0.00747803,0.207978,14,7.2e+07
0.0399776,-0.00742485,0.207969,14,7.3e+07
0.0397725,-0.00623891,0.207914,14,8.2e+07
0.0399659,-0.00431444,0.207882,14,9.2e+07
0.0399545,-0.00415783,0.207877,14,9.3e+07
0.0384706,-0.00222391,0.207758,14,1.11e+08
0.0383554,-0.00210603,0.207753,14,1.12e+08
0.0368193,0.0001661,0.207688,14,1.27e+08
0.0364673,0.000590361,0.207675,14,1.3e+08
0.0363404,0.000726571,0.207671,14,1.31e+08
0.033919,0.0044379,0.207625,14,1.51e+08
0.0338227,0.00467224,0.207624,14,1.52e+08
0.0318188,0.00947915,0.207621,14,1.72e+08
0.031703,0.00971784,0.207621,14,1.73e+08
0.0315891,0.00995654,0.207621,14,1.74e+08
0.0303377,0.0153643,0.207652,14,1.92e+08
0.0302812,0.0156892,0.207655,14,1.93e+08
0.0298523,0.0207482,0.207704,14,2.07e+08
0.0297331,0.0221708,0.207718,14,2.11e+08
0.0296936,0.0225038,0.207721,14,2.12e+08
0.027484,0.0261642,0.207722,14,2.3e+08
0.0272693,0.0262261,0.207719,14,2.31e+08
0.0236937,0.0255843,0.207654,14,2.43e+08
0.0212519,0.0244367,0.207609,14,2.49e+08
0.0208249,0.0242255,0.207602,14,2.5e+08
0.0129063,0.0195226,0.207455,14,2.68e+08
0.0124372,0.0191547,0.207447,14,2.69e+08
0.00541059,0.0133675,0.207354,14,2.83e+08
0.00348775,0.0118014,0.207332,14,2.87e+08
0.00302375,0.0114361,0.207327,14,2.88e+08
-0.00526979,0.004433,0.207254,14,3.06e+08
-0.0057187,0.0040682,0.207252,14,3.07e+08
-0.0116849,0.000177119,0.207155,14,3.25e+08
-0.0118622,0.000143755,0.207145,14,3.26e+08
-0.0122442,0.002791,0.206853,14,3.45e+08
-0.0121318,0.00307468,0.206834,14,3.46e+08
-0.0106633,0.0063523,0.206652,14,3.55e+08
-0.00836066,0.0106463,0.206461,14,3.64e+08
-0.00806035,0.0111757,0.20644,14,3.65e+08
-0.00601503,0.0146279,0.206317,14,3.71e+08
0.000770737,0.0249049,0.206071,14,3.85e+08
0.00133762,0.0257116,0.206057,14,3.86e+08
0.00804365,0.0352601,0.205954,14,3.97e+08
0.0121265,0.0411191,0.205947,14,4.03e+08
0.0128295,0.042131,0.205949,14,4.04e+08
0.0201027,0.0528207,0.206042,14,4.14e+08
0.0260023,0.0615722,0.206195,14,4.22e+08
0.0267247,0.0626439,0.206217,14,4.23e+08
0.0322949,0.0707981,0.206412,14,4.31e+08
0.0384838,0.0796609,0.206657,14,4.41e+08
0.0390591,0.0804737,0.206681,14,4.42e+08
0.0439191,0.0872443,0.206897,14,4.51e+08
0.0472331,0.0917158,0.207006,14,4.6e+08
0.0474808,0.0920841,0.20701,14,4.61e+08
0.0489293,0.0950638,0.206888,14,4.78e+08
0.0488665,0.0950614,0.20687,14,4.79e+08
0.0462766,0.0924983,0.206488,14,4.93e+08
0.0448461,0.0907879,0.206331,14,4.97e+08
0.0444405,0.0903138,0.20629,14,4.98e+08
0.0422152,0.0877485,0.206082,14,5.03e+08
0.0349467,0.0793145,0.205519,14,5.16e+08
0.0342986,0.0785799,0.205476,14,5.17e+08
0.0243314,0.067661,0.20492,14,5.32e+08
0.0230657,0.0663013,0.204857,14,5.34e+08
0.0224457,0.0656371,0.204827,14,5.35e+08
0.0184159,0.0613824,0.20463,14,5.42e+08
0.013263,0.0560683,0.20436,14,5.53e+08
0.0128484,0.0556504,0.204338,14,5.54e+08
0.00619157,0.0490818,0.20402,14,5.71e+08
0.00583765,0.0487685,0.204004,14,5.72e+08
0.00346318,0.046742,0.203901,14,5.79e+08
0.000359447,0.0444349,0.203772,14,5.89e+08
8.20192e-05,0.0442451,0.20376,14,5.9e+08
-0.00294551,0.042988,0.203574,14,6.05e+08
-0.00342588,0.0431231,0.203507,14,6.1e+08
-0.00351091,0.0431557,0.203494,14,6.11e+08
-0.00487784,0.0436674,0.203279,14,6.29e+08
-0.00511698,0.0437119,0.203246,14,6.32e+08
-0.00557772,0.044373,0.203136,14,6.42e+08
-0.00541682,0.0453239,0.203043,14,6.5e+08
-0.00538736,0.0454503,0.203032,14,6.51e+08
-0.0037503,0.048881,0.202825,14,6.69e+08
-0.00355709,0.049207,0.202813,14,6.7e+08
-0.00129872,0.0527255,0.202717,14,6.78e+08
0.0025138,0.0580747,0.202612,14,6.88e+08
0.00291283,0.058644,0.202603,14,6.89e+08
0.00626248,0.0634086,0.20254,14,6.97e+08
0.0105973,0.0694403,0.202487,14,7.07e+08
0.0110291,0.0700216,0.202483,14,7.08e+08
0.0179265,0.078743,0.20241,14,7.26e+08
0.0182226,0.0790858,0.202404,14,7.27e+08
0.0213699,0.082572,0.202243,14,7.44e+08
0.0214707,0.0826812,0.202231,14,7.45e+08
0.0219695,0.0830603,0.202127,14,7.53e+08
0.0214742,0.0819116,0.201967,14,7.62e+08
0.0213521,0.0816995,0.201947,14,7.63e+08
0.0177074,0.0760425,0.201561,14,7.81e+08
0.0174841,0.0757172,0.20154,14,7.82e+08
0.0136386,0.0702765,0.201202,14,8e+08
0.0134293,0.0699774,0.201185,14,8.01e+08
0.0112085,0.0667549,0.201032,14,8.1e+08
0.00792061,0.062145,0.200882,14,8.2e+08
0.00756357,0.0616431,0.200868,14,8.21e+08
0.00108472,0.0524595,0.200687,14,8.38e+08
0.000708759,0.051943,0.200678,14,8.39e+08
0.00033575,0.0514155,0.200671,14,8.4e+08
-0.00930451,0.0377956,0.200611,14,8.62e+08
-0.00980834,0.0371254,0.200614,14,8.63e+08
-0.0188877,0.0250738,0.200735,14,8.82e+08
-0.0192596,0.0245879,0.20074,14,8.83e+08
-0.0247925,0.0158493,0.200847,14,9.01e+08
-0.0251295,0.0152715,0.200859,14,9.02e+08
-0.0254746,0.0146805,0.200872,14,9.03e+08
-0.0331348,0.00198502,0.201257,14,9.22e+08
-0.0335588,0.0012985,0.201281,14,9.23e+08
-0.0432968,-0.0143265,0.201959,14,9.43e+08
-0.0438034,-0.0151308,0.202,14,9.44e+08
-0.0496438,-0.0250162,0.20252,14,9.57e+08
-0.0515775,-0.0286857,0.202726,14,9.62e+08
-0.0519471,-0.0294186,0.202768,14,9.63e+08
-0.0543657,-0.0344183,0.20306,14,9.7e+08
-0.0574768,-0.0415506,0.203496,14,9.81e+08
-0.0577196,-0.0421606,0.203534,14,9.82e+08
