4.32408e-05,7.34042e-05,5,1.22e+08
-3.50751e-05,6.03341e-05,5,1.27e+08
4.36339e-05,-0.00011432,5,1.3e+08
-3.55733e-05,0.00116497,5,1.4e+08
3.98528e-05,-0.0025716,5,1.53e+08
-3.69904e-05,0.00466064,5,1.55e+08
-2.63889e-05,0.00553026,5,1.71e+08
4.3489e-05,-0.00495724,5,1.73e+08
4.41586e-05,-0.00919571,5,1.74e+08
0.000132209,-0.00653646,5,1.82e+08
0.000276107,-0.00898005,5,1.92e+08
0.000272,-0.0123597,5,1.93e+08
0.000385665,0.000320785,5,2.12e+08
0.000382995,0.000236115,5,2.13e+08
0.000325573,-0.000300584,5,2.26e+08
0.000331098,0.00181488,5,2.27e+08
0.000332291,-7.25669e-05,5,2.28e+08
0.00033613,0.000249549,5,2.29e+08
0.000337204,0.00297178,5,2.38e+08
0.00032876,-0.00186586,5,2.48e+08
0.000336476,0.000583915,5,2.49e+08
0.000338254,-0.00140236,5,2.63e+08
0.000336554,-0.00416408,5,2.72e+08
0.000346617,-0.000738697,5,2.73e+08
0.000332642,-0.00844358,5,2.8e+08
0.000332875,-0.00935985,5,2.81e+08
0.000300398,-0.0144114,5,2.91e+08
0.000297073,-0.0153622,5,2.92e+08
0.000300877,-0.00893258,5,3.09e+08
0.000312212,-0.0051983,5,3.11e+08
0.000312891,-0.00685079,5,3.12e+08
0.000379221,-0.00192032,5,3.31e+08
0.000391687,0.00058072,5,3.32e+08
0.000540474,-0.00159191,5,3.5e+08
0.000561034,0.0025939,5,3.51e+08
0.000745956,-0.00976528,5,3.69e+08
0.000756292,-0.0123792,5,3.7e+08
0.000827399,-0.00417126,5,3.89e+08
0.000840114,-0.00336821,5,3.9e+08
0.000976886,0.00375469,5,4.08e+08
0.00099606,0.00326199,5,4.09e+08
0.00110908,0.00592363,5,4.19e+08
0.00122451,0.0121853,5,4.27e+08
0.00125774,0.0149626,5,4.28e+08
0.00135431,0.0037278,5,4.36e+08
0.00141042,-0.00372944,5,4.46e+08
0.00143418,-0.00231647,5,4.47e+08
0.00142223,-0.00255826,5,4.56e+08
0.00136411,-0.00275463,5,4.65e+08
0.00137529,-0.00292312,5,4.66e+08
0.00134806,-0.000800009,5,4.71e+08
0.00126093,0.00428026,5,4.84e+08
0.00126742,0.00154937,5,4.85e+08
0.00107499,0.00936084,5,5.04e+08
0.00108591,0.0120038,5,5.05e+08
0.00102561,0.0152198,5,5.16e+08
0.00097254,0.005477,5,5.24e+08
0.000977089,0.00352281,5,5.25e+08
0.000893975,0.0207063,5,5.39e+08
0.000879266,0.0211558,5,5.43e+08
0.000888101,0.0206956,5,5.44e+08
0.00028385,0.003976,5,5.71e+08
0.000257626,0.00119135,5,5.72e+08
-0.000463013,0.0102551,5,5.9e+08
-0.000512343,0.00500723,5,5.91e+08
-0.000634709,0.00726351,5,5.94e+08
-0.00124784,0.00821376,5,6.09e+08
-0.00130613,0.00319167,5,6.1e+08
-0.0016964,-0.00617358,5,6.19e+08
-0.00214454,-0.0268724,5,6.28e+08
-0.00221936,-0.0263365,5,6.29e+08
-0.00270035,-0.0219749,5,6.39e+08
-0.00307727,-0.0286747,5,6.47e+08
-0.00315991,-0.0261392,5,6.48e+08
-0.00354785,-0.0134527,5,6.61e+08
-0.00369123,-0.0220608,5,6.68e+08
-0.00376079,-0.020251,5,6.69e+08
-0.0037854,-0.0141506,5,6.77e+08
-0.00362362,-0.00147841,5,6.87e+08
-0.00365941,0.00186235,5,6.88e+08
-0.00277539,0.00400947,5,7.06e+08
-0.00277478,0.00388772,5,7.07e+08
-0.00199589,0.00186448,5,7.2e+08
-0.00171004,0.00958042,5,7.25e+08
-0.00168039,0.0139153,5,7.26e+08
-0.00121167,0.00956203,5,7.34e+08
-0.000518582,0.00535522,5,7.47e+08
-0.000481677,0.00697127,5,7.48e+08
-0.000200744,0.00459824,5,7.55e+08
8.18534e-05,-0.0210983,5,7.66e+08
9.85342e-05,-0.0211248,5,7.67e+08
0.000146776,-0.0135206,5,7.87e+08
0.000147274,-0.012394,5,7.88e+08
0.000139849,-0.0115659,5,7.99e+08
0.000156312,-0.0123521,5,8.07e+08
0.000158507,-0.0129807,5,8.08e+08
0.000315309,-0.00748837,5,8.26e+08
0.000328172,-0.00635421,5,8.27e+08
0.000831614,0.00896194,5,8.45e+08
0.000874875,0.00754344,5,8.46e+08
0.0012524,0.020237,5,8.55e+08
0.0016561,0.0116074,5,8.64e+08
0.00171907,0.00913945,5,8.65e+08
0.00235156,0.00674702,5,8.83e+08
0.00241605,0.00531904,5,8.84e+08
0.00256433,-0.00506669,5,9.02e+08
0.00260432,-0.00224199,5,9.03e+08
0.00236234,0.0131542,5,9.21e+08
0.00239276,0.0163744,5,9.22e+08
0.00242332,0.0167619,5,9.23e+08
0.00213944,0.0184994,5,9.41e+08
0.00216664,0.016742,5,9.42e+08
0.00219385,0.0164419,5,9.43e+08
0.0021354,0.0283344,5,9.49e+08
0.00192131,0.0098123,5,9.61e+08
0.00193937,0.00996103,5,9.62e+08
0.00154546,0.00217603,5,9.74e+08
0.00130843,0.00528714,5,9.8e+08
0.00129752,0.00376844,5,9.81e+08
0.000735381,-0.00517008,5,9.92e+08
0.000291198,-0.00915499,6,0
0.000249498,-0.00727133,6,1e+06
-0.000788374,-0.00167344,6,2e+07
-0.000838728,-0.00400015,6,2.1e+07
-0.00165001,-0.00633926,6,4.1e+07
-0.0017056,-0.00591004,6,4.2e+07
-0.00214764,0.0107145,6,6e+07
-0.00219032,0.0053047,6,6.1e+07
-0.00230975,0.0158508,6,6.9e+07
-0.00234766,0.0292283,6,7.9e+07
-0.00237504,0.029967,6,8e+07
-0.00231508,0.0128826,6,9.2e+07
-0.00234452,0.0209283,6,9.9e+07
-0.00237421,0.0231134,6,1e+08
-0.00249115,0.0201836,6,1.19e+08
-0.00252943,0.0211339,6,1.2e+08
-0.00275713,0.00377344,6,1.3e+08
-0.00309738,0.00778119,6,1.38e+08
-0.00321493,0.00887729,6,1.4e+08
-0.00362216,0.00165484,6,1.48e+08
-0.00426278,0.00192108,6,1.59e+08
-0.00436096,0.000114868,6,1.6e+08
-0.00543593,-0.00944754,6,1.79e+08
-0.00556396,-0.00738983,6,1.8e+08
-0.00655439,-0.0122842,6,2e+08
-0.00668835,-0.0111639,6,2.01e+08
-0.00732336,-0.0133245,6,2.2e+08
-0.00745577,-0.0100833,6,2.21e+08
-0.00768666,-0.0152112,6,2.39e+08
-0.00780767,-0.0131969,6,2.4e+08
-0.00786458,-0.0187812,6,2.5e+08
-0.00786373,-0.0175315,6,2.58e+08
-0.00798196,-0.0248442,6,2.59e+08
-0.00797733,-0.0219598,6,2.65e+08
-0.00763581,-0.0206048,6,2.79e+08
-0.00678945,-0.0046766,6,2.97e+08
-0.00684824,-0.00516511,6,2.98e+08
-0.00556789,-0.0108307,6,3.18e+08
-0.00559661,-0.0120916,6,3.19e+08
-0.00453828,-0.014159,6,3.34e+08
-0.00439698,-0.0161254,6,3.37e+08
-0.00440295,-0.0170483,6,3.38e+08
-0.00301108,-0.0181299,6,3.58e+08
-0.00298708,-0.0166384,6,3.59e+08
-0.00251568,-0.0192875,6,3.67e+08
-0.00192709,-0.0201059,6,3.77e+08
-0.00188563,-0.0180479,6,3.78e+08
-0.00135746,-0.0186848,6,3.87e+08
-0.000900379,-0.0303548,6,3.96e+08
-0.000905021,-0.0345036,6,3.97e+08
0.000330634,-0.0206927,6,4.16e+08
0.000390983,-0.0212286,6,4.17e+08
0.00114111,-0.0233933,6,4.29e+08
0.00164988,-0.0180786,6,4.36e+08
0.00173867,-0.0179646,6,4.37e+08
0.00250404,-0.0189401,6,4.48e+08
0.00301465,-0.0269561,6,4.56e+08
0.00307675,-0.0317279,6,4.57e+08
0.00397906,-0.024412,6,4.7e+08
0.0044542,-0.0184363,6,4.76e+08
0.00459008,-0.0175426,6,4.77e+08
0.00601666,-0.00110871,6,4.96e+08
0.00616591,-0.00239676,6,4.97e+08
0.00749416,0.00110492,6,5.15e+08
0.00766782,-8.23078e-06,6,5.16e+08
0.00806694,-0.00232343,6,5.21e+08
0.00916321,0.0162924,6,5.36e+08
0.00931661,0.0110091,6,5.37e+08
0.0101355,0.0160388,6,5.56e+08
0.010333,0.0161121,6,5.57e+08
0.0106714,0.0188983,6,5.75e+08
0.0108466,0.0175907,6,5.76e+08
0.0104444,0.0124781,6,5.95e+08
0.010424,0.00820261,6,5.98e+08
0.00897985,0.0080011,6,6.18e+08
0.00908801,0.00958159,6,6.19e+08
0.00717224,0.0120009,6,6.4e+08
0.00559978,0.0144952,6,6.58e+08
0.0055601,0.0100195,6,6.59e+08
0.0054283,0.0127756,6,6.62e+08
0.00389186,0.00558141,6,6.77e+08
0.00380887,0.000613705,6,6.78e+08
0.00153393,-0.0125757,6,6.97e+08
0.00150962,-0.0103565,6,6.98e+08
0.00103428,-0.0135961,6,7.02e+08
-0.000735941,-0.0103211,6,7.18e+08
-0.00091508,-0.015718,6,7.19e+08
-0.00175654,-0.00383432,6,7.29e+08
-0.00272903,-0.0138166,6,7.38e+08
-0.00283029,-0.0131168,6,7.39e+08
-0.003984,-0.00541128,6,7.57e+08
-0.0041438,-0.00870272,6,7.58e+08
-0.00484547,-0.0120966,6,7.76e+08
-0.00495974,-0.0130922,6,7.77e+08
-0.00509876,-0.0157028,6,7.78e+08
-0.00516872,-0.0136382,6,7.79e+08
-0.00526943,-0.0112761,6,7.82e+08
-0.00549835,-0.010779,6,7.97e+08
-0.00552468,-0.00622057,6,7.98e+08
-0.00544784,-0.00339771,6,8.13e+08
-0.00538145,0.00262716,6,8.17e+08
-0.00544441,0.00327946,6,8.18e+08
-0.00519161,-0.0018147,6,8.35e+08
-0.0053226,-0.0138304,6,8.4e+08
-0.00536337,-0.0122969,6,8.41e+08
-0.00516284,-0.00846742,6,8.52e+08
-0.00517736,-0.0136486,6,8.59e+08
-0.00519004,-0.0101163,6,8.6e+08
-0.00467408,0.00172421,6,8.79e+08
-0.00471214,0.00252309,6,8.8e+08
-0.00439945,0.00134161,6,8.91e+08
-0.00418699,0.000984616,6,8.98e+08
-0.00418288,0.00315636,6,8.99e+08
-0.00321596,0.012248,6,9.18e+08
-0.00320652,0.0130191,6,9.19e+08
-0.00221059,0.0238176,6,9.38e+08
-0.00222952,0.0215739,6,9.39e+08
-0.00184844,0.0281053,6,9.47e+08
-0.00178129,0.0156902,6,9.57e+08
-0.00178706,0.0147272,6,9.58e+08
-0.00180065,0.0153014,6,9.76e+08
-0.00179692,0.0167282,6,9.77e+08
-0.00258427,0.00430757,6,9.97e+08
-0.00263513,0.00431622,6,9.98e+08
-0.0030965,0.00716024,7,7e+06
-0.00388237,-0.0035802,7,1.7e+07
-0.00388016,0.00436965,7,1.8e+07
-0.00547299,-0.0129204,7,3.7e+07
-0.0056246,-0.0155026,7,3.8e+07
-0.00697998,-0.0156322,7,5.6e+07
-0.00712628,-0.0158405,7,5.7e+07
-0.00763551,-0.0117647,7,6.5e+07
-0.00820604,-0.0105565,7,7.6e+07
-0.0083449,-0.0102966,7,7.7e+07
-0.00875572,-0.00443998,7,9.6e+07
-0.00886515,-0.00305456,7,9.7e+07
-0.0091233,-0.0193605,7,1.18e+08
-0.00924452,-0.0198279,7,1.2e+08
-0.00936756,-0.0199233,7,1.21e+08
-0.00920569,-0.0181282,7,1.41e+08
-0.00935876,-0.0209375,7,1.42e+08
-0.00941114,-0.0261019,7,1.49e+08
-0.00936045,-0.0348057,7,1.61e+08
-0.00941432,-0.0316177,7,1.62e+08
-0.00954971,-0.0415576,7,1.68e+08
-0.00964914,-0.0409772,7,1.81e+08
-0.00974989,-0.0411148,7,1.82e+08
-0.00983744,-0.0412502,7,1.83e+08
-0.0100225,-0.0395298,7,2.01e+08
-0.010212,-0.0396007,7,2.02e+08
-0.00852402,-0.0362899,7,2.23e+08
-0.00767647,-0.0264488,7,2.3e+08
-0.0077271,-0.0280642,7,2.31e+08
-0.00473587,-0.0224052,7,2.5e+08
-0.00462251,-0.0207196,7,2.51e+08
-0.00123562,-0.0108456,7,2.69e+08
-0.00108185,-0.0104057,7,2.7e+08
0.00250142,-0.00827161,7,2.89e+08
0.00268853,-0.00937655,7,2.9e+08
0.0055408,-0.0142995,7,3.08e+08
0.00570705,-0.0173919,7,3.09e+08
0.00754006,-0.00346751,7,3.2e+08
0.00911511,-0.00890654,7,3.35e+08
0.00931453,-0.011313,7,3.36e+08
0.0102465,-0.00908604,7,3.45e+08
0.0109847,-0.0102013,7,3.54e+08
0.0112073,-0.011706,7,3.55e+08
0.0118669,-0.00822563,7,3.63e+08
0.0125095,-0.00331121,7,3.73e+08
0.0126167,-0.00923483,7,3.74e+08
0.0128366,-0.0136257,7,3.8e+08
0.0132999,-0.00494451,7,3.92e+08
0.0134591,-0.00801554,7,3.93e+08
0.0136602,-0.00490735,7,4.02e+08
0.0136655,-0.00624015,7,4.11e+08
0.0139246,-0.0049707,7,4.12e+08
0.0135243,-0.0122212,7,4.24e+08
0.0132986,-0.0176533,7,4.3e+08
0.0133766,-0.0215709,7,4.31e+08
0.0127519,-0.00986156,7,4.49e+08
0.0129108,-0.00769972,7,4.51e+08
0.0123728,0.00552169,7,4.68e+08
0.0124088,0.0017029,7,4.69e+08
0.0126872,0.00559376,7,4.7e+08
0.0124492,0.0125967,7,4.82e+08
0.0124273,0.0146166,7,4.88e+08
0.0126173,0.0154568,7,4.89e+08
0.01224,0.0105046,7,4.97e+08
0.0116699,0.00725303,7,5.07e+08
0.0117147,0.00488298,7,5.08e+08
0.01029,0.0092032,7,5.28e+08
0.0103046,0.00734923,7,5.29e+08
0.00845324,0.00255532,7,5.47e+08
0.00858796,0.00481305,7,5.48e+08
0.0069821,0.0093644,7,5.66e+08
0.00708932,0.0116274,7,5.67e+08
0.00483003,-0.000367179,7,5.85e+08
0.00475817,-0.00170365,7,5.86e+08
0.0039696,0.0172845,7,6.02e+08
0.00361365,0.0141907,7,6.05e+08
0.00343639,0.0109126,7,6.06e+08
0.00299423,0.0139676,7,6.13e+08
0.00203309,0.0137146,7,6.25e+08
0.00199603,0.0141253,7,6.26e+08
0.00192755,0.0138221,7,6.27e+08
0.000742857,0.00628619,7,6.38e+08
0.00050307,0.0139664,7,6.45e+08
0.000433939,0.0143073,7,6.46e+08
-0.000452813,0.0263179,7,6.66e+08
-0.000418429,0.0291171,7,6.67e+08
-0.000787382,0.0290446,7,6.74e+08
-0.00222173,0.0130044,7,6.86e+08
-0.00240337,0.0112284,7,6.87e+08
-0.00298159,0.0203062,7,7.03e+08
-0.00336464,0.0172952,7,7.06e+08
-0.00344727,0.0183369,7,7.07e+08
-0.00577194,-0.00352233,7,7.25e+08
-0.00590247,-0.00263096,7,7.26e+08
-0.00695584,-0.00602275,7,7.36e+08
-0.00791014,-0.00547925,7,7.47e+08
-0.00805132,-0.00407646,7,7.48e+08
-0.00886272,-0.00626211,7,7.56e+08
-0.0100489,-0.0141356,7,7.66e+08
-0.0101689,-0.0118308,7,7.67e+08
-0.0110568,-0.0134386,7,7.79e+08
-0.0112536,-0.00886596,7,7.85e+08
-0.0115177,-0.0097083,7,7.86e+08
-0.0122604,-0.0160185,7,8.07e+08
-0.0124207,-0.0150573,7,8.08e+08
-0.0126513,-0.0239712,7,8.27e+08
-0.0128131,-0.0234646,7,8.28e+08
-0.0128116,-0.019735,7,8.29e+08
-0.0134639,-0.0344639,7,8.38e+08
-0.01266,-0.0217634,7,8.47e+08
-0.0125696,-0.0167362,7,8.48e+08
-0.010436,0.00143922,7,8.67e+08
-0.0107769,-0.00281459,7,8.68e+08
-0.0102558,-0.00551068,7,8.77e+08
-0.00904617,-0.000119609,7,8.88e+08
-0.00918891,-0.00138482,7,8.89e+08
-0.00914668,-0.0104475,7,8.96e+08
-0.00854615,-0.0157737,7,9.07e+08
-0.00858252,-0.0154166,7,9.08e+08
-0.00859474,-0.0302175,7,9.19e+08
-0.00822814,-0.0308874,7,9.26e+08
-0.00833303,-0.031836,7,9.27e+08
-0.00696867,-0.0211269,7,9.39e+08
-0.0066126,-0.0209529,7,9.45e+08
-0.0067125,-0.022203,7,9.46e+08
-0.0054758,-0.0304012,7,9.69e+08
-0.00558045,-0.0321823,7,9.7e+08
-0.0045546,-0.0358009,7,9.88e+08
-0.00456016,-0.0361241,7,9.89e+08
-0.00480918,-0.0387647,7,9.97e+08
-0.00409494,-0.0381257,8,7e+06
-0.00430945,-0.0382213,8,8e+06
-0.00309189,-0.0369133,8,2.3e+07
-0.00281645,-0.0367725,8,2.6e+07
-0.00287866,-0.0368413,8,2.7e+07
-0.000928883,-0.0350142,8,4.5e+07
-0.000920802,-0.0350654,8,4.6e+07
5.15354e-06,-0.0344324,8,5.3e+07
0.00161329,-0.0325889,8,6.4e+07
0.00201388,-0.0283876,8,6.5e+07
0.00470508,-0.0254581,8,8.3e+07
0.00476784,-0.0278895,8,8.4e+07
0.00630332,-0.0193248,8,9.1e+07
0.00778502,-0.0217313,8,1.03e+08
0.00790087,-0.0238523,8,1.04e+08
0.0112373,-0.00452316,8,1.23e+08
0.0114672,-0.00522158,8,1.24e+08
0.0120327,-0.0112944,8,1.32e+08
0.0130332,-0.0121126,8,1.43e+08
0.0132613,-0.0129798,8,1.44e+08
0.0159046,0.0105898,8,1.63e+08
0.016418,0.0140715,8,1.64e+08
0.016957,0.010583,8,1.77e+08
0.0177723,0.0163461,8,1.83e+08
0.0183448,0.0200529,8,1.85e+08
0.017437,0.00383426,8,2.03e+08
0.0180438,0.00865387,8,2.04e+08
0.0157303,-0.0110127,8,2.22e+08
0.0157618,-0.0132946,8,2.23e+08
0.0156829,0.00771377,8,2.41e+08
0.016084,0.0108682,8,2.42e+08
0.0132512,-0.00223179,8,2.6e+08
0.0132976,-0.00310708,8,2.61e+08
0.0106564,-0.0134391,8,2.76e+08
0.0103841,-0.0122173,8,2.8e+08
0.0106714,-0.00929916,8,2.81e+08
0.00848194,-0.00755702,8,2.99e+08
0.00834749,-0.00951737,8,3e+08
0.00829244,-0.0104649,8,3.01e+08
0.00841793,-0.00585771,8,3.04e+08
0.00764358,0.00403246,8,3.18e+08
0.00758907,0.00330057,8,3.19e+08
0.00751802,0.00236626,8,3.2e+08
0.00604528,0.00423842,8,3.38e+08
0.0060779,0.0047104,8,3.39e+08
0.0058065,0.00860446,8,3.47e+08
0.0056347,0.0149445,8,3.57e+08
0.00568102,0.0156813,8,3.58e+08
0.00519639,0.0156097,8,3.66e+08
0.00400596,0.00941461,8,3.77e+08
0.00376703,0.00690056,8,3.78e+08
0.00320652,0.00638153,8,3.86e+08
0.0013749,-0.00587365,8,3.97e+08
0.00155573,-0.00287478,8,3.98e+08
0.000550259,-0.00276639,8,4.1e+08
0.000119414,0.00121208,8,4.19e+08
0.000108983,0.00232222,8,4.2e+08
-0.00203261,-0.00633483,8,4.38e+08
-0.00238417,-0.00901385,8,4.39e+08
-0.00441935,-0.0169532,8,4.58e+08
-0.00472899,-0.0188588,8,4.59e+08
-0.00508561,-0.0101707,8,4.78e+08
-0.00500885,-0.00746251,8,4.79e+08
-0.00592207,-0.014084,8,4.97e+08
-0.00603984,-0.0139166,8,4.98e+08
-0.00641949,-0.0173727,8,5.05e+08
-0.00659383,-0.0195363,8,5.16e+08
-0.00652449,-0.0172146,8,5.17e+08
-0.00498479,-0.0058401,8,5.36e+08
-0.00526839,-0.00900813,8,5.38e+08
-0.00384747,0.000235473,8,5.5e+08
-0.00373872,-0.00326454,8,5.57e+08
-0.00408642,-0.00698955,8,5.58e+08
-0.00339878,-0.0128745,8,5.76e+08
-0.00336555,-0.0120578,8,5.77e+08
-0.00273942,-0.0115208,8,5.88e+08
-0.00318686,-0.0218719,8,5.96e+08
-0.00343728,-0.024673,8,5.97e+08
-0.00214206,-0.0195664,8,6.15e+08
-0.00191307,-0.0165428,8,6.16e+08
-0.000688798,-0.015101,8,6.34e+08
-0.00101813,-0.0194786,8,6.35e+08
0.000981459,-0.00613508,8,6.5e+08
0.0010668,-0.00720784,8,6.53e+08
0.00119951,-0.00599893,8,6.54e+08
0.00147968,-0.0187651,8,6.73e+08
0.00149213,-0.0193276,8,6.74e+08
0.00285056,-0.0147035,8,6.91e+08
0.00319957,-0.0111009,8,6.92e+08
0.00487958,-0.00299855,8,7.09e+08
0.00475125,-0.00584143,8,7.1e+08
0.00479006,-0.00654256,8,7.11e+08
0.00624333,0.000917465,8,7.26e+08
0.00676223,0.00489059,8,7.29e+08
0.00719608,0.00907249,8,7.3e+08
0.00922198,0.0214248,8,7.48e+08
0.00948869,0.0230645,8,7.49e+08
0.009314,0.0151335,8,7.56e+08
0.0101499,0.0194725,8,7.67e+08
0.0100906,0.0170111,8,7.68e+08
0.0110351,0.0252391,8,7.78e+08
0.0113277,0.0263818,8,7.86e+08
0.0116988,0.029383,8,7.87e+08
0.0120055,0.0303977,8,7.95e+08
0.0106761,0.0156449,8,8.06e+08
0.0108287,0.0162495,8,8.07e+08
0.00923611,0.00572297,8,8.22e+08
0.00886851,0.00827923,8,8.3e+08
0.00847453,0.0030918,8,8.31e+08
0.00821931,-0.000349986,8,8.32e+08
0.00755832,0.00670072,8,8.45e+08
0.00684896,0.00322011,8,8.5e+08
0.00642762,-0.00178942,8,8.51e+08
0.00584043,-0.00746573,8,8.53e+08
0.00357992,-0.0109809,8,8.71e+08
0.00355912,-0.0104172,8,8.72e+08
0.00310654,-0.00829352,8,8.78e+08
0.00168862,-0.0122003,8,8.89e+08
0.00173952,-0.0104892,8,8.9e+08
0.00186525,-0.00784679,8,8.91e+08
0.00087665,-0.00247758,8,9.09e+08
0.000819116,-0.00210555,8,9.1e+08
-0.00053122,-0.00819708,8,9.29e+08
-0.000421515,-0.00581799,8,9.3e+08
-0.00118903,-0.0117706,8,9.38e+08
-0.00162301,-0.0135182,8,9.48e+08
-0.00143296,-0.0100743,8,9.49e+08
-0.00157673,-0.0096882,8,9.57e+08
-0.000804466,0.00142004,8,9.67e+08
-0.001132,-0.00179332,8,9.68e+08
-0.00115799,-0.00218381,8,9.76e+08
-0.00114556,-0.00328716,8,9.87e+08
-0.00140971,-0.0058913,8,9.88e+08
-0.00177017,-0.016077,9,9e+06
-0.00182096,-0.0161142,9,1e+07
-0.000433015,-0.00351097,9,2.8e+07
-0.00036966,-0.0022651,9,2.9e+07
0.000726997,0.00840252,9,3.7e+07
0.00202608,0.0185038,9,4.8e+07
0.00194222,0.0174109,9,4.9e+07
0.00476684,0.0289887,9,6.4e+07
0.00475974,0.0290121,9,6.7e+07
0.00483094,0.0291411,9,6.8e+07
0.00524425,0.0289211,9,7.4e+07
0.00637539,0.0280684,9,8.6e+07
0.00656453,0.0281489,9,8.7e+07
0.00604335,0.0261114,9,1.07e+08
0.00577032,0.0261109,9,1.08e+08
0.00559687,0.0250076,9,1.15e+08
0.00432712,0.0139724,9,1.26e+08
0.0045841,0.0175571,9,1.27e+08
0.00408256,0.0229294,9,1.46e+08
0.00396871,0.0229867,9,1.47e+08
0.00278293,0.0214279,9,1.66e+08
0.002661,0.021473,9,1.67e+08
0.0021328,0.0206046,9,1.78e+08
0.00134748,0.0200604,9,1.85e+08
0.00109956,0.0200889,9,1.86e+08
0.0011955,0.0201163,9,1.87e+08
-0.00146118,0.0183859,9,2.05e+08
-0.0021272,0.0125829,9,2.07e+08
-0.00212352,0.0147639,9,2.08e+08
-0.00568594,-0.000231361,9,2.3e+08
-0.00613118,-0.00349357,9,2.31e+08
-0.00669328,0.00626944,9,2.41e+08
-0.00681578,0.00780486,9,2.42e+08
-0.00729797,0.00428946,9,2.43e+08
-0.0101572,-0.0108539,9,2.61e+08
-0.0106629,-0.0144082,9,2.62e+08
-0.0129293,-0.0239358,9,2.81e+08
-0.0134409,-0.0263111,9,2.83e+08
-0.0147553,-0.0320919,9,2.96e+08
-0.015123,-0.0332545,9,2.97e+08
-0.0151109,-0.0295223,9,2.98e+08
-0.0166646,-0.0421734,9,3.09e+08
-0.0160671,-0.0313946,9,3.21e+08
-0.0156588,-0.0238096,9,3.23e+08
-0.0159532,-0.0243869,9,3.24e+08
-0.0145395,-0.0163075,9,3.4e+08
-0.0146827,-0.0168663,9,3.42e+08
-0.0139202,-0.0217497,9,3.56e+08
-0.0136921,-0.0229854,9,3.61e+08
-0.0138988,-0.0238517,9,3.62e+08
-0.0139687,-0.0232566,9,3.63e+08
-0.0118092,-0.0129833,9,3.74e+08
-0.0111065,-0.0152332,9,3.82e+08
-0.0105491,-0.0102733,9,3.84e+08
-0.00989135,-0.0181908,9,3.95e+08
-0.00859565,-0.0134988,9,4.02e+08
-0.00873514,-0.0147292,9,4.03e+08
-0.0089032,-0.024939,9,4.1e+08
-0.00974054,-0.0425169,9,4.22e+08
-0.0100232,-0.0426756,9,4.23e+08
-0.00749193,-0.0395646,9,4.38e+08
-0.00704186,-0.0352178,9,4.39e+08
-0.00711291,-0.0360367,9,4.4e+08
-0.00778949,-0.0420751,9,4.41e+08
-0.00495575,-0.0361189,9,4.6e+08
-0.00454217,-0.0327431,9,4.61e+08
-0.00321309,-0.0281664,9,4.68e+08
0.000209518,-0.0122892,9,4.81e+08
0.000365802,-0.0120303,9,4.82e+08
0.00391644,-0.00622892,9,5.01e+08
0.00395618,-0.00774984,9,5.02e+08
0.0042973,-0.00644985,9,5.03e+08
0.00666926,-0.00745776,9,5.19e+08
0.00700955,-0.0103017,9,5.23e+08
0.00722266,-0.0105712,9,5.24e+08
0.00872394,-0.015082,9,5.42e+08
0.00886511,-0.0160016,9,5.43e+08
0.00946458,-0.012616,9,5.44e+08
0.0102742,-0.0113315,9,5.52e+08
0.0103907,-0.0161079,9,5.63e+08
0.0101502,-0.0204454,9,5.64e+08
0.0104296,-0.0217204,9,5.83e+08
0.010854,-0.0196999,9,5.84e+08
0.00977638,-0.0301997,9,6.02e+08
0.00944138,-0.0351076,9,6.03e+08
0.0104403,-0.0235413,9,6.21e+08
0.0106055,-0.023684,9,6.22e+08
0.0118392,-0.0104784,9,6.4e+08
0.0119448,-0.0112416,9,6.41e+08
0.0132162,-0.000387601,9,6.59e+08
0.0129867,-0.00439962,9,6.6e+08
0.0143246,0.00589227,9,6.78e+08
0.014255,0.00331009,9,6.79e+08
0.0146601,0.00550004,9,6.87e+08
0.0159408,0.0162003,9,6.98e+08
0.0160625,0.0153989,9,6.99e+08
0.0164254,0.0206365,9,7.18e+08
0.0165875,0.020325,9,7.19e+08
0.0160698,0.0154821,9,7.24e+08
0.0142334,0.00366398,9,7.36e+08
0.0141544,0.00166122,9,7.37e+08
0.0137627,0.00370093,9,7.47e+08
0.0114208,-0.0120255,9,7.54e+08
0.0116575,-0.0108828,9,7.55e+08
0.00950164,-0.0126518,9,7.73e+08
0.00936734,-0.0141854,9,7.74e+08
0.00976744,-0.0112276,9,7.75e+08
0.00959505,0.00307065,9,7.93e+08
0.00982325,0.00469914,9,7.94e+08
0.00858331,0.00781386,9,8.14e+08
0.00882413,0.00960661,9,8.15e+08
0.00848039,0.0205311,9,8.46e+08
0.00831254,0.0189273,9,8.47e+08
0.00860125,0.0210931,9,8.48e+08
0.00776104,0.0204301,9,8.66e+08
0.00831189,0.0248456,9,8.67e+08
0.00706088,0.0233861,9,8.88e+08
0.00715042,0.0241959,9,8.89e+08
0.00733723,0.0288035,9,8.96e+08
0.00741917,0.0304403,9,9.07e+08
0.0078503,0.0305482,9,9.08e+08
0.00552495,0.0288199,9,9.28e+08
0.00609557,0.0289061,9,9.29e+08
0.00288347,0.0220776,9,9.47e+08
0.00303251,0.0240912,9,9.48e+08
-0.000500454,0.011387,9,9.67e+08
0.00019482,0.0180866,9,9.68e+08
0.000329656,0.0203348,9,9.69e+08
0.00019491,0.0250624,9,9.8e+08
-0.000965195,0.022301,9,9.83e+08
-0.00113627,0.0222876,9,9.84e+08
-0.0014462,0.0219671,9,9.86e+08
-0.00152857,0.0239011,10,3e+06
-0.00189993,0.0238932,10,5e+06
-0.0027029,0.0238829,10,7e+06
-0.00301684,0.0232814,10,1.6e+07
-0.00345726,0.0229885,10,2.1e+07
-0.00363582,0.0230396,10,2.2e+07
-0.00759717,0.0140235,10,4.2e+07
-0.00747947,0.0167546,10,4.3e+07
-0.00936684,0.0127731,10,6.1e+07
-0.00981317,0.0112737,10,6.2e+07
-0.0104925,0.01498,10,7.6e+07
-0.0103762,0.0190058,10,8.1e+07
-0.0106371,0.01906,10,8.2e+07
-0.0134264,0.00675594,10,1.02e+08
-0.0135109,0.0082862,10,1.03e+08
-0.0153536,-0.000585873,10,1.2e+08
-0.0160847,-0.00394401,10,1.21e+08
-0.0198391,-0.0281396,10,1.38e+08
-0.0210585,-0.034747,10,1.4e+08
-0.0213499,-0.0335784,10,1.49e+08
-0.0196707,-0.0193547,10,1.57e+08
-0.0205137,-0.0232179,10,1.58e+08
-0.0202358,-0.0210525,10,1.68e+08
-0.0199468,-0.020262,10,1.77e+08
-0.0210427,-0.0259741,10,1.78e+08
-0.0234987,-0.0456597,10,1.92e+08
-0.0234789,-0.0448855,10,1.93e+08
-0.0241221,-0.0459894,10,1.94e+08
-0.0224884,-0.0425166,10,2.08e+08
-0.0233701,-0.0450958,10,2.09e+08
-0.024139,-0.0452357,10,2.1e+08
-0.0224333,-0.0438291,10,2.25e+08
-0.0233176,-0.0439401,10,2.26e+08
-0.0229102,-0.0440502,10,2.27e+08
-0.0173701,-0.0310085,10,2.45e+08
-0.0175019,-0.0313518,10,2.46e+08
-0.0150875,-0.0328783,10,2.61e+08
-0.0141334,-0.0297534,10,2.64e+08
-0.0144602,-0.0317138,10,2.65e+08
-0.00637136,-0.00918907,10,2.84e+08
-0.00566191,-0.00580688,10,2.85e+08
-0.00324837,-0.0123223,10,3e+08
-0.00365431,-0.0156679,10,3.01e+08
-0.00316406,-0.0139124,10,3.02e+08
0.000806773,-0.0138774,10,3.2e+08
0.000668176,-0.0160044,10,3.21e+08
0.000652381,-0.0174418,10,3.22e+08
0.00199497,-0.0207805,10,3.32e+08
0.00198016,-0.023265,10,3.34e+08
0.00280133,-0.0200295,10,3.35e+08
0.00362307,-0.0168049,10,3.36e+08
0.00341666,-0.019435,10,3.37e+08
0.00667106,-0.0104804,10,3.47e+08
0.0060673,-0.0154737,10,3.48e+08
0.0054422,-0.0205924,10,3.49e+08
0.0084855,-0.0150804,10,3.64e+08
0.0089178,-0.0142751,10,3.65e+08
0.00966853,-0.0116778,10,3.66e+08
0.0114513,-0.007002,10,3.73e+08
0.0119029,-0.0138922,10,3.89e+08
0.0121084,-0.0144916,10,3.9e+08
0.0140702,-0.0102766,10,4.09e+08
0.014499,-0.00957894,10,4.1e+08
0.0141726,-0.0138823,10,4.16e+08
0.0163395,-0.00449501,10,4.28e+08
0.0170392,-0.00228919,10,4.29e+08
0.0188137,0.00568754,10,4.48e+08
0.0187819,0.00386225,10,4.49e+08
0.0191262,0.00643587,10,4.67e+08
0.0203937,0.0118019,10,4.68e+08
0.0198522,0.00822104,10,4.73e+08
0.0210305,0.0163676,10,4.86e+08
0.0216114,0.0180647,10,4.87e+08
0.0220288,0.0208869,10,4.94e+08
0.0215965,0.0210662,10,5.05e+08
0.0217088,0.0204039,10,5.06e+08
0.0194136,0.0105719,10,5.14e+08
0.0156148,-0.00466086,10,5.24e+08
0.0154236,-0.00651193,10,5.25e+08
0.010513,-0.0184285,10,5.43e+08
0.00959544,-0.0235926,10,5.44e+08
0.0104236,-0.0196809,10,5.45e+08
0.0067888,-0.0218367,10,5.64e+08
0.00672217,-0.0222564,10,5.65e+08
0.00738447,-0.0188852,10,5.66e+08
0.00335716,-0.0245178,10,5.85e+08
0.00415084,-0.0202498,10,5.86e+08
0.00505904,-0.0153837,10,5.87e+08
0.0028793,-0.0156815,10,6.05e+08
0.00232546,-0.0184163,10,6.06e+08
0.00265564,-0.016527,10,6.07e+08
0.00511685,0.00290543,10,6.25e+08
0.00522454,0.00351495,10,6.26e+08
0.00402027,9.7039e-05,10,6.44e+08
0.00538866,0.00728764,10,6.45e+08
0.00478924,0.00540522,10,6.62e+08
0.00471301,0.00501547,10,6.64e+08
0.00577808,0.0105775,10,6.65e+08
0.00570217,0.0103087,10,6.7e+08
0.00495961,0.00684379,10,6.83e+08
0.00540857,0.00915595,10,6.84e+08
0.00494164,0.00784249,10,7.03e+08
0.00435805,0.00476827,10,7.04e+08
0.000824831,-0.0110473,10,7.24e+08
0.000874672,-0.010633,10,7.25e+08
0.00330911,0.00589156,10,7.44e+08
0.00256332,0.00215087,10,7.45e+08
0.00244178,0.00311325,10,7.64e+08
0.00192349,0.000509112,10,7.65e+08
0.00354967,0.0093155,10,7.83e+08
0.0031516,0.00729037,10,7.84e+08
0.00443059,0.0132622,10,8.03e+08
0.00416412,0.0116717,10,8.07e+08
0.00373307,0.00940715,10,8.08e+08
0.00368492,0.00857984,10,8.21e+08
0.00294075,0.00467313,10,8.22e+08
0.00291186,0.00456225,10,8.23e+08
0.0043117,0.0120066,10,8.26e+08
0.00382108,0.00945256,10,8.29e+08
0.00396175,0.0102546,10,8.3e+08
0.00351473,0.00794733,10,8.31e+08
0.00312007,0.00697921,10,8.49e+08
0.00325982,0.0078642,10,8.5e+08
0.00163196,0.00108283,10,8.69e+08
0.00082927,-0.00296315,10,8.7e+08
-0.00135946,-0.0126884,10,8.9e+08
-0.0012296,-0.0116455,10,8.92e+08
-6.09706e-05,-0.00388302,10,9.14e+08
-0.000284805,-0.00484738,10,9.15e+08
-0.00168387,-0.0120596,10,9.21e+08
-0.00199379,-0.0134754,10,9.22e+08
-0.00225684,-0.0146386,10,9.23e+08
-0.00158203,-0.011208,10,9.43e+08
-0.00137548,-0.00988951,10,9.44e+08
0.000302691,-0.00243803,10,9.61e+08
0.000129771,-0.00325098,10,9.62e+08
-4.89528e-06,-0.00525206,10,9.71e+08
0.000847543,-0.002381,10,9.81e+08
0.00116879,-0.000855792,10,9.83e+08
0.00195725,0.00315302,10,9.85e+08
0.000966446,-0.00604934,11,3e+06
0.000663074,-0.00775676,11,4e+06
0.00116888,-0.00893632,11,2.2e+07
0.00121994,-0.00879733,11,2.3e+07
0.00155441,-0.0114341,11,4.2e+07
0.00151456,-0.0118637,11,4.3e+07
0.00221304,-0.0110458,11,5.6e+07
0.00272341,-0.00938291,11,6.1e+07
0.00287854,-0.00880348,11,6.2e+07
0.00404486,-0.00828461,11,8.6e+07
0.00433974,-0.00706737,11,8.7e+07
0.00939757,0.0155131,11,1.06e+08
0.00944538,0.0152506,11,1.07e+08
0.01234,0.0282222,11,1.16e+08
0.0113915,0.0199049,11,1.26e+08
0.0111972,0.0182028,11,1.27e+08
0.0108706,0.0127636,11,1.45e+08
0.0112126,0.0140204,11,1.46e+08
0.0125545,0.0203188,11,1.54e+08
0.0153521,0.0331845,11,1.64e+08
0.0156234,0.0333279,11,1.65e+08
0.0109822,0.0121526,11,1.83e+08
0.0114318,0.0142155,11,1.84e+08
0.0106954,0.0150054,11,2.02e+08
0.0105477,0.0140202,11,2.03e+08
0.0107692,0.015025,11,2.04e+08
0.00642669,-0.00153622,11,2.22e+08
0.0067629,0.0002934,11,2.23e+08
0.00466148,-0.000676837,11,2.44e+08
0.00526085,0.00282032,11,2.45e+08
0.00249042,-0.00379597,11,2.64e+08
0.00217887,-0.00511834,11,2.65e+08
0.00229243,0.00114066,11,2.84e+08
0.00217047,0.000803544,11,2.85e+08
0.00238161,0.00226028,11,2.86e+08
0.00103428,-0.00238751,11,3.04e+08
0.00135679,-0.000271448,11,3.06e+08
0.00121052,5.19254e-05,11,3.19e+08
0.000883321,-0.00126674,11,3.27e+08
0.00122903,0.000860812,11,3.28e+08
0.00342665,0.0121384,11,3.47e+08
0.00321074,0.0111141,11,3.48e+08
0.00290388,0.0080935,11,3.62e+08
0.000981262,-0.00263778,11,3.67e+08
-2.49827e-05,-0.00797346,11,3.68e+08
0.00377249,0.0118128,11,3.82e+08
0.00551302,0.0208447,11,3.88e+08
0.00427664,0.0141944,11,3.89e+08
0.00501044,0.0157206,11,4.09e+08
0.00523358,0.016953,11,4.1e+08
0.0058701,0.0183094,11,4.29e+08
0.00620586,0.0201345,11,4.3e+08
0.00513277,0.0132209,11,4.5e+08
0.00510948,0.0131232,11,4.51e+08
0.00588337,0.0174301,11,4.61e+08
0.00714786,0.0246178,11,4.71e+08
0.00667709,0.0221079,11,4.72e+08
0.00475787,0.0119809,11,4.81e+08
0.0044157,0.0106988,11,4.89e+08
0.00465138,0.0121114,11,4.9e+08
0.00492084,0.0137113,11,4.91e+08
0.00351489,0.0083225,11,5.09e+08
0.00366208,0.00935186,11,5.1e+08
0.0026671,0.00413805,11,5.11e+08
0.00490133,0.0187934,11,5.29e+08
0.00411907,0.014752,11,5.3e+08
0.00406738,0.0152769,11,5.38e+08
0.0033427,0.0121771,11,5.5e+08
0.00293903,0.010194,11,5.51e+08
0.00422991,0.017914,11,5.7e+08
0.00436595,0.0188441,11,5.71e+08
0.00241934,0.00900104,11,5.89e+08
0.00210668,0.00754599,11,5.9e+08
0.000274099,-0.0013439,11,5.99e+08
-0.000834671,-0.00535882,11,6.11e+08
-0.000708275,-0.00209259,11,6.29e+08
-0.000634244,-0.00127645,11,6.3e+08
-0.00181889,-0.00630829,11,6.5e+08
-0.00295469,-0.0121272,11,6.51e+08
-0.00202769,-0.00786304,11,6.7e+08
-0.00185583,-0.00677169,11,6.72e+08
0.000660931,0.0033025,11,6.91e+08
0.000368071,0.00180209,11,6.92e+08
0.00098141,-0.000785745,11,7.13e+08
0.00132265,0.00105368,11,7.14e+08
0.00050413,-0.00567628,11,7.22e+08
0.00378702,0.00853396,11,7.34e+08
0.00366468,0.00771788,11,7.35e+08
0.00431198,0.00685619,11,7.48e+08
0.00377069,0.00192076,11,7.54e+08
0.00374066,0.0014939,11,7.55e+08
0.00367617,-0.0042383,11,7.73e+08
0.00355225,-0.00546032,11,7.75e+08
0.00725549,0.0131194,11,7.81e+08
0.00803535,0.0138522,11,7.94e+08
0.00747698,0.0104103,11,7.95e+08
0.00617486,-0.00108856,11,8.14e+08
0.00577414,-0.00367796,11,8.15e+08
0.00884112,0.00997896,11,8.34e+08
0.00874485,0.00901576,11,8.35e+08
0.00963816,0.0124304,11,8.43e+08
0.00861352,0.00624048,11,8.45e+08
0.00947113,0.0101867,11,8.48e+08
0.010146,0.0123854,11,8.57e+08
0.00996316,0.0100954,11,8.65e+08
0.0102004,0.0109,11,8.66e+08
0.00925921,0.00474252,11,8.73e+08
0.0106847,0.0116078,11,8.84e+08
0.0108804,0.01221,11,8.85e+08
0.00723643,-0.00749772,11,9.05e+08
0.00774817,-0.00505113,11,9.06e+08
0.00851678,-0.000458825,11,9.15e+08
0.0076411,-0.00475499,11,9.26e+08
0.00796644,-0.00330439,11,9.27e+08
0.00865742,0.00132578,11,9.46e+08
0.00881366,0.00184797,11,9.47e+08
0.0118318,0.0180967,11,9.57e+08
0.0113703,0.0148207,11,9.64e+08
0.0121224,0.0184957,11,9.65e+08
0.0145505,0.0303481,11,9.76e+08
0.0157323,0.035401,11,9.83e+08
0.0159672,0.0360967,11,9.84e+08
0.0171149,0.0371229,11,9.91e+08
0.0157959,0.0317695,12,3e+06
0.0159868,0.0322085,12,4e+06
0.0135934,0.0193602,12,2.2e+07
0.013018,0.0157908,12,2.3e+07
0.0114208,0.00856121,12,3.2e+07
0.0124955,0.0170284,12,4.2e+07
0.012815,0.0185764,12,4.3e+07
0.0128632,0.0245717,12,6.1e+07
0.0120671,0.0201267,12,6.2e+07
0.012442,0.0252105,12,7.2e+07
0.00946554,0.011964,12,8.2e+07
0.00952551,0.0123126,12,8.3e+07
0.00965335,0.0151577,12,9e+07
0.00977151,0.0188905,12,1e+08
0.00963618,0.0182488,12,1.01e+08
0.00986322,0.0246646,12,1.19e+08
0.0107328,0.0295646,12,1.2e+08
0.00763707,0.0148986,12,1.3e+08
0.00953522,0.027085,12,1.38e+08
0.0088971,0.0237615,12,1.39e+08
0.00686386,0.0167113,12,1.58e+08
0.00574605,0.0108391,12,1.59e+08
0.00661072,0.0160695,12,1.61e+08
0.0037991,0.00383729,12,1.77e+08
0.00360382,0.00308311,12,1.78e+08
0.00366399,0.00664805,12,1.96e+08
0.00403961,0.00905735,12,1.97e+08
0.00348293,0.00710806,12,2.06e+08
0.00375678,0.00933204,12,2.15e+08
0.00384449,0.0101143,12,2.16e+08
0.00418844,0.0117777,12,2.34e+08
0.00426332,0.0124118,12,2.35e+08
0.0027563,0.00258226,12,2.52e+08
0.0027537,0.00273872,12,2.53e+08
0.00227136,0.000257004,12,2.54e+08
0.00454178,0.0103639,12,2.72e+08
0.00465432,0.011076,12,2.73e+08
0.00858959,0.0281157,12,2.92e+08
0.00875929,0.0289486,12,2.93e+08
0.0102701,0.0355315,12,2.99e+08
0.00923172,0.025995,12,3.11e+08
0.0090043,0.0245219,12,3.12e+08
0.01025,0.0288549,12,3.21e+08
0.0119147,0.0357751,12,3.3e+08
0.0123942,0.0378058,12,3.31e+08
0.0148763,0.037514,12,3.43e+08
0.0133839,0.0373806,12,3.49e+08
0.0135269,0.0375057,12,3.5e+08
0.0107946,0.0235696,12,3.68e+08
0.0110117,0.0246046,12,3.69e+08
0.0110814,0.0275921,12,3.92e+08
0.0107822,0.0259155,12,3.93e+08
0.0115754,0.0338926,12,4.13e+08
0.0118972,0.0356128,12,4.14e+08
0.0115665,0.0353119,12,4.23e+08
0.0104431,0.0303874,12,4.32e+08
0.010383,0.0301349,12,4.33e+08
0.008559,0.0218148,12,4.44e+08
0.0116686,0.0350206,12,4.52e+08
0.0121941,0.0351431,12,4.53e+08
0.0131112,0.0347769,12,4.65e+08
0.0133457,0.034598,12,4.71e+08
0.0133607,0.0346901,12,4.72e+08
0.0109089,0.0343318,12,4.8e+08
0.00826126,0.0274688,12,4.9e+08
0.0090821,0.0323719,12,4.91e+08
0.00780332,0.0273256,12,4.99e+08
0.00662849,0.0235474,12,5.08e+08
0.00675898,0.0247254,12,5.09e+08
0.00701982,0.0317577,12,5.25e+08
0.00640534,0.0287996,12,5.26e+08
0.00679964,0.0315769,12,5.27e+08
0.00487193,0.0270999,12,5.48e+08
0.00296172,0.02087,12,5.65e+08
0.00291117,0.0212499,12,5.66e+08
0.00237804,0.0188922,12,5.67e+08
-0.00154779,0.000857879,12,5.85e+08
-0.00108646,0.00421928,12,5.86e+08
-0.00209409,0.000490395,12,5.96e+08
-0.002586,-0.00102852,12,6.04e+08
-0.00330674,-0.00435985,12,6.05e+08
-0.00199356,0.0036131,12,6.15e+08
-0.00161406,0.00556928,12,6.24e+08
-0.00215436,0.00314784,12,6.25e+08
-0.00316948,-0.00577234,12,6.43e+08
-0.00269804,-0.00276373,12,6.44e+08
-0.00221136,-0.00545193,12,6.62e+08
-0.00228172,-0.00557436,12,6.63e+08
-0.000259153,-0.0016946,12,6.81e+08
-0.000883034,-0.00499129,12,6.82e+08
-0.0018311,-0.0133982,12,6.9e+08
0.00146104,0.000278499,12,6.99e+08
0.000785176,-0.00343258,12,7e+08
0.00611547,0.0157354,12,7.17e+08
0.00639258,0.0168666,12,7.18e+08
0.00905028,0.0191976,12,7.37e+08
0.00884221,0.0175161,12,7.38e+08
0.00824513,0.00886344,12,7.47e+08
0.00806512,0.00229941,12,7.57e+08
0.00861359,0.00454382,12,7.58e+08
0.00873072,-0.00258779,12,7.75e+08
0.00841671,-0.00493299,12,7.76e+08
0.0111431,0.00613425,12,7.84e+08
0.0127714,0.0108145,12,7.93e+08
0.0129522,0.0109524,12,7.94e+08
0.0136049,0.00997674,12,8.04e+08
0.0129855,0.00245473,12,8.14e+08
0.0134028,0.00374079,12,8.15e+08
0.0144699,0.00710415,12,8.2e+08
0.0171837,0.0161692,12,8.35e+08
0.0170525,0.0144645,12,8.36e+08
0.017888,0.0153337,12,8.46e+08
0.0196236,0.0216143,12,8.54e+08
0.0199379,0.0221877,12,8.55e+08
0.0217912,0.027435,12,8.72e+08
0.0216095,0.0253614,12,8.73e+08
0.02121,0.0221428,12,8.74e+08
0.0236325,0.0324242,12,8.85e+08
0.0230623,0.0277078,12,8.93e+08
0.0237113,0.0300035,12,8.94e+08
0.0256637,0.0390837,12,9.12e+08
0.0253877,0.0365978,12,9.13e+08
0.0245778,0.031966,12,9.22e+08
0.0258014,0.0382582,12,9.3e+08
0.026835,0.0426342,12,9.31e+08
0.024447,0.0308902,12,9.4e+08
0.0234616,0.0267931,12,9.48e+08
0.0233761,0.0255595,12,9.49e+08
0.0269224,0.0477563,12,9.67e+08
0.0271823,0.0479443,12,9.68e+08
0.0251617,0.0400895,12,9.75e+08
0.0232084,0.0333808,12,9.86e+08
0.0233621,0.0336206,12,9.87e+08
0.0207834,0.0236122,12,9.96e+08
0.0220692,0.0339382,13,6e+06
0.0220349,0.0334215,13,7e+06
0.022703,0.0426077,13,2.1e+07
0.0207456,0.0339096,13,2.5e+07
0.0206377,0.0331471,13,2.6e+07
0.0205665,0.0339515,13,3e+07
0.0200282,0.0369351,13,4.4e+07
0.020327,0.0383186,13,4.5e+07
0.0185277,0.0363798,13,6.4e+07
0.0182431,0.0349251,13,6.5e+07
0.01871,0.0413065,13,7.7e+07
0.0177029,0.0387354,13,8.5e+07
0.0181242,0.0408912,13,8.6e+07
0.0160216,0.0328218,13,9.4e+07
0.0189591,0.0479394,13,1.04e+08
0.0188386,0.0481086,13,1.05e+08
0.019385,0.0475236,13,1.23e+08
0.0182118,0.0476634,13,1.24e+08
0.0177234,0.0468357,13,1.42e+08
0.0180782,0.0469611,13,1.43e+08
0.0176786,0.0470861,13,1.44e+08
0.0151896,0.0440083,13,1.59e+08
0.0139323,0.0386628,13,1.62e+08
0.0137774,0.0382241,13,1.63e+08
0.010776,0.0292857,13,1.81e+08
0.0111201,0.0314697,13,1.82e+08
0.00878646,0.025886,13,2e+08
0.00880926,0.0265742,13,2.01e+08
0.00901555,0.0281766,13,2.02e+08
0.00986815,0.0373144,13,2.21e+08
0.00890148,0.033095,13,2.22e+08
0.00973514,0.0388907,13,2.32e+08
0.00863865,0.0344371,13,2.4e+08
0.00829287,0.0332447,13,2.41e+08
0.00829964,0.0337849,13,2.6e+08
0.0076099,0.030851,13,2.61e+08
0.00808664,0.0320435,13,2.8e+08
0.00807769,0.0323931,13,2.81e+08
0.00772895,0.0310644,13,2.82e+08
0.0106903,0.0437206,13,2.99e+08
0.0103582,0.0423904,13,3e+08
0.00951528,0.0385396,13,3.01e+08
0.00901927,0.0347372,13,3.11e+08
0.0100038,0.0385529,13,3.19e+08
0.0106733,0.0421077,13,3.2e+08
0.0105489,0.0397265,13,3.31e+08
0.0121961,0.045388,13,3.4e+08
0.0133122,0.0455181,13,3.41e+08
0.0134386,0.0456471,13,3.42e+08
0.014807,0.0450612,13,3.6e+08
0.0149709,0.0451643,13,3.61e+08
0.01215,0.0407157,13,3.8e+08
0.0112586,0.0364806,13,3.81e+08
0.0102378,0.0313293,13,3.92e+08
0.010191,0.0313467,13,3.99e+08
0.00994076,0.0303536,13,4e+08
0.00956209,0.0287699,13,4.03e+08
0.00731858,0.0185342,13,4.19e+08
0.00740202,0.0192637,13,4.2e+08
0.00861483,0.0256989,13,4.37e+08
0.00856469,0.0257174,13,4.38e+08
0.0080522,0.0234581,13,4.39e+08
0.0113173,0.0379951,13,4.56e+08
0.0113681,0.0383805,13,4.57e+08
0.0108483,0.0359631,13,4.58e+08
0.0140956,0.0455222,13,4.75e+08
0.0135563,0.0456806,13,4.76e+08
0.0137975,0.0458378,13,4.77e+08
0.0142757,0.0458401,13,4.92e+08
0.0142645,0.0446545,13,4.97e+08
0.0137513,0.0420477,13,4.98e+08
0.01374,0.040119,13,5.07e+08
0.0134701,0.0371715,13,5.16e+08
0.0144034,0.0416516,13,5.17e+08
0.0149967,0.0444635,13,5.18e+08
0.011445,0.0247053,13,5.37e+08
0.0111135,0.023031,13,5.38e+08
0.0107315,0.0206865,13,5.56e+08
0.0104361,0.0192479,13,5.57e+08
0.00795114,0.00732117,13,5.76e+08
0.00807951,0.00801022,13,5.77e+08
0.00803244,0.00783799,13,5.78e+08
0.0088724,0.0117832,13,5.87e+08
0.00867487,0.0102405,13,5.95e+08
0.00820242,0.00791474,13,5.96e+08
0.00808144,0.00730017,13,5.97e+08
0.0125815,0.0257864,13,6.16e+08
0.011631,0.0209733,13,6.17e+08
0.0143187,0.0310161,13,6.27e+08
0.012969,0.0211657,13,6.36e+08
0.0127967,0.0199272,13,6.37e+08
0.0167897,0.0320872,13,6.55e+08
0.0174246,0.0346087,13,6.56e+08
0.0197235,0.0384511,13,6.74e+08
0.0195784,0.03708,13,6.75e+08
0.0193683,0.0276696,13,7.01e+08
0.0200521,0.0302833,13,7.02e+08
0.0203201,0.0308777,13,7.03e+08
0.0206294,0.0286809,13,7.21e+08
0.0203395,0.0264541,13,7.23e+08
0.0202444,0.0247088,13,7.3e+08
0.0230632,0.0367445,13,7.44e+08
0.0232014,0.035739,13,7.62e+08
0.0219722,0.0290776,13,7.63e+08
0.0203907,0.02086,13,7.79e+08
0.0206301,0.0214458,13,7.81e+08
0.0211149,0.0231737,13,7.82e+08
0.0256183,0.044835,13,8e+08
0.0251854,0.0420657,13,8.01e+08
0.0257117,0.0441591,13,8.2e+08
0.0256482,0.0431744,13,8.21e+08
0.0227027,0.029441,13,8.39e+08
0.0224719,0.0277393,13,8.4e+08
0.022781,0.0313828,13,8.58e+08
0.0231579,0.0327045,13,8.59e+08
0.0236319,0.0356346,13,8.67e+08
0.0248674,0.0422696,13,8.77e+08
0.0244403,0.0397009,13,8.78e+08
0.024225,0.0390006,13,8.87e+08
0.0259616,0.0477299,13,8.97e+08
0.0269102,0.0517854,13,8.98e+08
0.0272729,0.0535067,13,9.06e+08
0.028565,0.059647,13,9.16e+08
0.0286363,0.0594375,13,9.17e+08
0.0268815,0.051814,13,9.35e+08
0.0269222,0.0515248,13,9.36e+08
0.0295834,0.0602681,13,9.45e+08
0.0298254,0.0601307,13,9.54e+08
0.0296613,0.0602961,13,9.55e+08
0.028007,0.0596682,13,9.73e+08
0.0282138,0.0598233,13,9.74e+08
0.0303632,0.0590942,13,9.92e+08
0.0299929,0.059233,13,9.93e+08
0.0238242,0.0506992,14,1.1e+07
0.0236871,0.0500267,14,1.2e+07
0.0211378,0.0412478,14,2.1e+07
0.0216131,0.0473474,14,3.1e+07
0.0202966,0.0412599,14,3.2e+07
0.0200973,0.0478224,14,5.1e+07
0.0203885,0.049449,14,5.2e+07
0.0188457,0.0465366,14,6.6e+07
0.0195049,0.0512305,14,7.2e+07
0.0194976,0.0514539,14,7.3e+07
0.0213422,0.0584689,14,8.2e+07
0.0171716,0.0437246,14,9.2e+07
0.0168976,0.0426625,14,9.3e+07
0.0185394,0.0527952,14,1.11e+08
0.0184726,0.0527232,14,1.12e+08
0.0165469,0.0445787,14,1.27e+08
0.0165142,0.0447273,14,1.3e+08
0.0164504,0.0446532,14,1.31e+08
0.017524,0.0499865,14,1.51e+08
0.0175107,0.05011,14,1.52e+08
0.0180473,0.0521514,14,1.72e+08
0.0182125,0.0531036,14,1.73e+08
0.0180038,0.0522755,14,1.74e+08
0.0185354,0.0537892,14,1.92e+08
0.0186945,0.0546754,14,1.93e+08
0.0171282,0.0463348,14,2.07e+08
0.0171317,0.0462595,14,2.11e+08
0.0169293,0.045414,14,2.12e+08
0.0153624,0.0373374,14,2.3e+08
0.0150203,0.0358574,14,2.31e+08
0.0147591,0.0344739,14,2.43e+08
0.0163615,0.0420728,14,2.49e+08
0.0162603,0.0417348,14,2.5e+08
0.0137385,0.0281793,14,2.68e+08
0.0134486,0.0268747,14,2.69e+08
0.017737,0.0454369,14,2.83e+08
0.0182218,0.0471793,14,2.87e+08
0.0186091,0.0489962,14,2.88e+08
0.0184351,0.0446288,14,3.06e+08
0.0187061,0.0458176,14,3.07e+08
0.0229117,0.0611365,14,3.25e+08
0.0233255,0.0613212,14,3.26e+08
0.0229722,0.0559291,14,3.45e+08
0.0226718,0.0541768,14,3.46e+08
0.0254049,0.0614136,14,3.55e+08
0.0255911,0.0613303,14,3.64e+08
0.0257108,0.0614768,14,3.65e+08
0.0269524,0.0614435,14,3.71e+08
0.0268951,0.0609896,14,3.85e+08
0.0270201,0.0611141,14,3.86e+08
0.028578,0.0607011,14,3.97e+08
0.0284696,0.0605115,14,4.03e+08
0.0282839,0.0606177,14,4.04e+08
0.0280559,0.0601289,14,4.14e+08
0.0263087,0.0597554,14,4.22e+08
0.0266866,0.0598508,14,4.23e+08
0.0244593,0.0557234,14,4.31e+08
0.0245867,0.0584581,14,4.41e+08
0.0247434,0.0592038,14,4.42e+08
0.0207805,0.0422181,14,4.51e+08
0.0204252,0.0431994,14,4.6e+08
0.0206951,0.0446657,14,4.61e+08
0.0192368,0.0430333,14,4.78e+08
0.0194473,0.0442971,14,4.79e+08
0.015944,0.0310665,14,4.93e+08
0.0150589,0.0277742,14,4.97e+08
0.0161352,0.0332978,14,4.98e+08
0.0171512,0.039335,14,5.03e+08
0.014525,0.0285917,14,5.16e+08
0.0156598,0.0343629,14,5.17e+08
0.0174259,0.0433015,14,5.32e+08
0.0183082,0.047634,14,5.34e+08
0.0182141,0.0473018,14,5.35e+08
0.0196588,0.0535961,14,5.42e+08
0.0187689,0.0473878,14,5.53e+08
0.0192417,0.0496498,14,5.54e+08
0.0198052,0.0488937,14,5.71e+08
0.0197081,0.0483334,14,5.72e+08
0.0189331,0.0431548,14,5.79e+08
0.0207632,0.049865,14,5.89e+08
0.0207662,0.0497248,14,5.9e+08
0.0237062,0.060442,14,6.05e+08
0.0221287,0.051633,14,6.1e+08
0.0221318,0.0514072,14,6.11e+08
0.0226666,0.0505565,14,6.29e+08
0.0234991,0.0540319,14,6.32e+08
0.0258179,0.0634117,14,6.42e+08
0.0240984,0.0539768,14,6.5e+08
0.0248264,0.0572219,14,6.51e+08
0.0288401,0.0635452,14,6.69e+08
0.0289882,0.0636908,14,6.7e+08
0.0294483,0.0636402,14,6.78e+08
0.0276616,0.0634758,14,6.88e+08
0.0279571,0.0636033,14,6.89e+08
0.0270609,0.062012,14,6.97e+08
0.027166,0.0624255,14,7.07e+08
0.026633,0.059567,14,7.08e+08
0.0237089,0.0466821,14,7.26e+08
0.024234,0.0491031,14,7.27e+08
0.0242323,0.0517016,14,7.44e+08
0.0247319,0.0540818,14,7.45e+08
0.0226453,0.0449816,14,7.53e+08
0.0221662,0.0440059,14,7.62e+08
0.0220888,0.0436127,14,7.63e+08
0.0241592,0.0559962,14,7.81e+08
0.0236709,0.0535599,14,7.82e+08
0.0228688,0.0501758,14,8e+08
0.0224407,0.0479914,14,8.01e+08
0.0208521,0.0401674,14,8.1e+08
0.0216849,0.0441546,14,8.2e+08
0.0212895,0.0421255,14,8.21e+08
0.0233212,0.0511942,14,8.38e+08
0.0240319,0.0545381,14,8.39e+08
0.0229325,0.0489846,14,8.4e+08
0.0238338,0.0512837,14,8.62e+08
0.0228022,0.0460295,14,8.63e+08
0.0277845,0.0673486,14,8.82e+08
0.0279995,0.0677864,14,8.83e+08
0.0220577,0.0348316,14,9.01e+08
0.0222705,0.0355093,14,9.02e+08
0.0222688,0.0351343,14,9.03e+08
0.0255684,0.0478547,14,9.22e+08
0.0250981,0.045141,14,9.23e+08
0.0265024,0.0484015,14,9.43e+08
0.0264411,0.0476316,14,9.44e+08
0.0267516,0.0459841,14,9.57e+08
0.027623,0.0487417,14,9.62e+08
0.0270496,0.0453438,14,9.63e+08
0.0278911,0.0474358,14,9.7e+08
0.0293627,0.0516383,14,9.81e+08
0.0293416,0.0508752,14,9.82e+08
