2284.42,2294.19,2297.29,2287.6,5,1.22e+08
2294.02,2289.1,2285.93,2290.92,5,1.27e+08
2287,2291.64,2294.75,2290.18,5,1.3e+08
2296.35,2288.64,2285.49,2293.28,5,1.4e+08
2287.81,2289.74,2292.43,2290.58,5,1.53e+08
2291.81,2292.02,2288.94,2288.8,5,1.55e+08
2296.15,2286.75,2296.35,2282.71,5,1.71e+08
2290.45,2288.74,2292.14,2290.64,5,1.73e+08
2287.84,2290.67,2294.89,2288.92,5,1.74e+08
2300.16,2281.87,2297.52,2282.59,5,1.82e+08
2294.25,2282.28,2308.58,2276,5,1.92e+08
2290.89,2284.34,2311.53,2274.41,5,1.93e+08
2270.78,2292.97,2328.44,2267.39,5,2.12e+08
2271.15,2293.18,2327.59,2267.65,5,2.13e+08
2281.8,2293.31,2310.92,2272.9,5,2.26e+08
2282.77,2292.72,2309.57,2273.84,5,2.27e+08
2282.98,2293.26,2308.98,2273.65,5,2.28e+08
2283.44,2293.21,2308.16,2274.04,5,2.29e+08
2284.9,2293.18,2303.54,2276.72,5,2.38e+08
2281.24,2296.09,2304.4,2276.03,5,2.48e+08
2281.96,2295.33,2303.46,2276.99,5,2.49e+08
2284.53,2294.96,2298.01,2279.4,5,2.63e+08
2282.2,2296.09,2299,2279.11,5,2.72e+08
2282.6,2295.15,2298.48,2280.14,5,2.73e+08
2275.94,2298.59,2304.31,2277.15,5,2.8e+08
2273.95,2299.3,2306.21,2276.5,5,2.81e+08
2258.44,2305,2320.82,2271.17,5,2.91e+08
2255.16,2306.15,2324.05,2270.06,5,2.92e+08
2255.66,2305.75,2322.3,2270.69,5,3.09e+08
2254.35,2305.35,2323.53,2271.08,5,3.11e+08
2253.48,2306.02,2324.36,2270.43,5,3.12e+08
2250.33,2305.63,2326.62,2270.58,5,3.31e+08
2251.85,2304.5,2325.07,2271.71,5,3.32e+08
2263.54,2300.09,2312.67,2275.79,5,3.5e+08
2265.49,2298.57,2310.71,2277.3,5,3.51e+08
2283.22,2295.53,2292.25,2280.01,5,3.69e+08
2280.69,2296.82,2294.79,2278.69,5,3.7e+08
2251.21,2305.69,2323.96,2269.21,5,3.89e+08
2251.34,2305.51,2323.82,2269.38,5,3.9e+08
2275.2,2296.13,2299.17,2278.41,5,4.08e+08
2276.85,2295.76,2297.5,2278.79,5,4.09e+08
2293.38,2290.1,2280.53,2284.25,5,4.19e+08
2315.71,2281.87,2257.84,2292.3,5,4.27e+08
2319.87,2280.03,2253.64,2294.13,5,4.28e+08
2340.51,2275.06,2232.64,2298.88,5,4.36e+08
2336.05,2276.26,2236.66,2297.48,5,4.46e+08
2335.14,2276.1,2237.55,2297.64,5,4.47e+08
2325.66,2278.76,2246.59,2294.85,5,4.56e+08
2314.88,2282.79,2256.96,2290.69,5,4.65e+08
2313.55,2283.32,2258.25,2290.16,5,4.66e+08
2310.88,2284.05,2260.77,2289.3,5,4.71e+08
2323.59,2279.43,2248.04,2293.12,5,4.84e+08
2323.24,2280.16,2248.4,2292.35,5,4.85e+08
2317,2278.94,2254.27,2292.92,5,5.04e+08
2319.64,2277.48,2251.67,2294.31,5,5.05e+08
2356.05,2262.71,2215.72,2307.98,5,5.16e+08
2368.91,2258.61,2202.96,2311.55,5,5.24e+08
2368.48,2259.05,2203.38,2311.1,5,5.25e+08
2407.12,2240.78,2165.09,2328.22,5,5.39e+08
2419.7,2236.53,2152.71,2332.03,5,5.43e+08
2422.63,2235.8,2149.86,2332.66,5,5.44e+08
2415.92,2234.61,2155.46,2333.05,5,5.71e+08
2413.13,2235.69,2158.17,2332.01,5,5.72e+08
2376.24,2239.95,2193.48,2328.12,5,5.9e+08
2374.41,2241.64,2195.39,2326.34,5,5.91e+08
2371.79,2241.62,2198,2326.22,5,5.94e+08
2353.37,2247.16,2216,2320.31,5,6.09e+08
2351.5,2248.94,2217.89,2318.49,5,6.1e+08
2322.03,2259.98,2246.48,2307.77,5,6.19e+08
2265.64,2280.72,2301.27,2287.85,5,6.28e+08
2257.98,2282.69,2308.7,2286.04,5,6.29e+08
2198.7,2300.15,2366.46,2269.08,5,6.39e+08
2148.62,2319.22,2415.86,2249.8,5,6.47e+08
2143.44,2320.48,2421,2248.49,5,6.48e+08
2085.77,2340.06,2478.61,2227.47,5,6.61e+08
2075.84,2345.03,2488.41,2221.89,5,6.68e+08
2074.51,2344.74,2489.81,2222.04,5,6.69e+08
2065.9,2343.35,2498.73,2222.25,5,6.77e+08
2083.17,2331.25,2480.67,2234.06,5,6.87e+08
2088.38,2328.74,2475.2,2236.76,5,6.88e+08
2184.28,2299.38,2373.65,2270.06,5,7.06e+08
2188.98,2298.09,2368.74,2271.51,5,7.07e+08
2234.44,2283.9,2322.02,2285.91,5,7.2e+08
2258.34,2273.87,2297.45,2296.21,5,7.25e+08
2264.52,2270.79,2291.12,2299.38,5,7.26e+08
2305.53,2257,2248.73,2313.84,5,7.34e+08
2343.04,2245.03,2211.08,2324.8,5,7.47e+08
2345.22,2244.08,2208.97,2325.64,5,7.48e+08
2346.83,2244.71,2207.97,2323.87,5,7.55e+08
2322.93,2258.63,2232.61,2308.29,5,7.66e+08
2317.25,2260.31,2238.37,2306.48,5,7.67e+08
2230.04,2292.56,2326.46,2272.03,5,7.87e+08
2227.36,2293.65,2329.19,2270.87,5,7.88e+08
2201.96,2307.55,2354.99,2255.97,5,7.99e+08
2183.73,2316.75,2373.57,2245.95,5,8.07e+08
2182.09,2317.67,2375.25,2244.95,5,8.08e+08
2162.14,2325.77,2396.03,2234.89,5,8.26e+08
2163.25,2325.36,2394.93,2235.25,5,8.27e+08
2228.13,2307.57,2328.41,2253.32,5,8.45e+08
2232.22,2306.91,2324.2,2254.05,5,8.46e+08
2276.28,2290.9,2279.11,2270.41,5,8.55e+08
2323.22,2276.27,2231.09,2285.4,5,8.64e+08
2326.24,2275.72,2228.03,2285.96,5,8.65e+08
2390.22,2253.47,2163.65,2307.17,5,8.83e+08
2390.67,2253.75,2163.2,2306.84,5,8.84e+08
2362.27,2265.91,2190.72,2294.28,5,9.02e+08
2360.4,2265.85,2192.52,2294.37,5,9.03e+08
2356.56,2262.31,2196.65,2296.47,5,9.21e+08
2359.47,2260.59,2193.89,2298.02,5,9.22e+08
2362.15,2259.57,2191.38,2298.84,5,9.23e+08
2395.81,2245.75,2159.75,2309.78,5,9.41e+08
2397.82,2245.59,2157.9,2309.77,5,9.42e+08
2399.76,2245.14,2156.1,2310.09,5,9.43e+08
2425.61,2234.2,2131.35,2319.73,5,9.49e+08
2433.28,2237.09,2124.36,2315.71,5,9.61e+08
2432.75,2237.33,2124.88,2315.47,5,9.62e+08
2410.16,2244.56,2146.42,2308.76,5,9.74e+08
2399.1,2245.38,2156.92,2308.23,5,9.8e+08
2396.78,2246.1,2159.18,2307.55,5,9.81e+08
2358.82,2256.68,2195.46,2298.13,5,9.92e+08
2327.3,2266.77,2225.68,2288.96,6,0
2323.19,2267.62,2229.59,2288.29,6,1e+06
2284.83,2277.73,2266.84,2278.39,6,2e+07
2282.46,2278.86,2269.19,2277.26,6,2.1e+07
2261,2281.38,2290.18,2274.22,6,4.1e+07
2259.26,2281.5,2291.9,2274.09,6,4.2e+07
2286.29,2263.93,2264.94,2290.98,6,6e+07
2287.11,2264.57,2264.14,2290.33,6,6.1e+07
2305.4,2252.83,2245.91,2301.83,6,6.9e+07
2364.54,2225.38,2187.07,2329.06,6,7.9e+07
2371.05,2222.79,2180.61,2331.64,6,8e+07
2415.18,2208.18,2137.03,2345.71,6,9.2e+07
2428.79,2200.74,2123.78,2352.62,6,9.9e+07
2432.03,2199.2,2120.64,2354.08,6,1e+08
2492.15,2172.2,2063.23,2378.39,6,1.19e+08
2493.57,2170.9,2061.93,2379.59,6,1.2e+08
2487.92,2168.95,2068.16,2380.72,6,1.3e+08
2463.28,2172.61,2092.05,2377.28,6,1.38e+08
2458.76,2173.45,2096.54,2376.4,6,1.4e+08
2428.91,2184.89,2125.81,2365.09,6,1.48e+08
2385.81,2201.01,2168.1,2349.24,6,1.59e+08
2381.55,2202.99,2172.33,2347.28,6,1.6e+08
2309.44,2228.15,2243.1,2322.52,6,1.79e+08
2305.23,2228.89,2247.18,2321.84,6,1.8e+08
2240.28,2250.04,2310.62,2300.86,6,2e+08
2236.87,2250.87,2313.97,2300.02,6,2.01e+08
2188.13,2266.31,2361.7,2284.14,6,2.2e+08
2186.61,2265.8,2363.21,2284.59,6,2.21e+08
2156.18,2271.55,2393.27,2277.81,6,2.39e+08
2154.99,2271.16,2394.49,2278.1,6,2.4e+08
2131.59,2278.02,2418.34,2269.76,6,2.5e+08
2120.94,2281.92,2429.21,2264.96,6,2.58e+08
2117.29,2284.82,2432.91,2261.94,6,2.59e+08
2100.54,2290.66,2450.5,2254.55,6,2.65e+08
2087.45,2297.79,2463.88,2245.9,6,2.79e+08
2102.31,2287.65,2447.97,2255.88,6,2.97e+08
2105.27,2286.72,2444.77,2257.04,6,2.98e+08
2140.57,2278.24,2407.52,2266.61,6,3.18e+08
2141.59,2278.49,2406.51,2266.34,6,3.19e+08
2151.87,2282.76,2396.72,2260.85,6,3.34e+08
2151.96,2284.75,2396.82,2258.54,6,3.37e+08
2151.56,2285.56,2397.34,2257.6,6,3.38e+08
2146.09,2295.9,2404.11,2244.98,6,3.58e+08
2145.96,2295.8,2404.34,2244.95,6,3.59e+08
2141.29,2299.89,2409.49,2240.04,6,3.67e+08
2132.23,2305.8,2419.37,2232.88,6,3.77e+08
2132.09,2305.71,2419.62,2232.86,6,3.78e+08
2127.35,2312.37,2424.78,2225.45,6,3.87e+08
2110.53,2327.05,2442.59,2209.41,6,3.96e+08
2105.01,2331.3,2448.35,2204.9,6,3.97e+08
2083.65,2351.4,2471.46,2182.26,6,4.16e+08
2083.77,2352.08,2471.36,2181.56,6,4.17e+08
2085.93,2357.13,2469.22,2176.04,6,4.29e+08
2093.02,2355,2462.1,2177.97,6,4.36e+08
2094.5,2354.62,2460.59,2178.36,6,4.37e+08
2111.72,2352.88,2442.87,2180.28,6,4.48e+08
2110.7,2358.89,2444.41,2173.64,6,4.56e+08
2107.71,2361.73,2447.57,2170.66,6,4.57e+08
2093.97,2374.2,2463.1,2156.52,6,4.7e+08
2102.62,2375.45,2454.2,2155.48,6,4.76e+08
2104.21,2375.46,2452.6,2155.51,6,4.77e+08
2160.46,2362.54,2394.39,2170.01,6,4.96e+08
2165.21,2361.53,2389.46,2171.18,6,4.97e+08
2246.31,2340.01,2305.26,2194.91,6,5.15e+08
2250.27,2339.41,2301.17,2195.61,6,5.16e+08
2266.67,2336.71,2284.13,2198.75,6,5.21e+08
2349.45,2311.22,2199.18,2224.97,6,5.36e+08
2353.55,2311.24,2194.98,2224.95,6,5.37e+08
2426.41,2286.14,2120.54,2249.72,6,5.56e+08
2430.32,2284.99,2116.63,2250.79,6,5.57e+08
2510.21,2263.03,2037.93,2269.13,6,5.75e+08
2512.39,2263.11,2035.77,2268.93,6,5.76e+08
2526.63,2261.89,2019.88,2269.8,6,5.95e+08
2522.12,2263.22,2023.86,2268.75,6,5.98e+08
2464.47,2273.16,2075.2,2263.78,6,6.18e+08
2463.19,2272.95,2076.44,2264,6,6.19e+08
2450.57,2274.65,2090.91,2259.29,6,6.4e+08
2456.18,2267.96,2088.12,2262.47,6,6.58e+08
2455.24,2268.65,2089.27,2261.56,6,6.59e+08
2457.04,2265.46,2087.94,2264.22,6,6.62e+08
2458.4,2250.91,2088.63,2276.43,6,6.77e+08
2454.67,2252.04,2092.23,2275.44,6,6.78e+08
2374,2265.68,2166.61,2267.78,6,6.97e+08
2368.81,2266.35,2171.34,2267.58,6,6.98e+08
2344.71,2273.13,2193.71,2262.47,6,7.02e+08
2274.35,2286.24,2259.91,2253.11,6,7.18e+08
2269.03,2288.29,2265.1,2251.19,6,7.19e+08
2241.96,2286.73,2291.08,2253.53,6,7.29e+08
2215.05,2290.49,2317.37,2250.05,6,7.38e+08
2212.51,2290.39,2319.86,2250.2,6,7.39e+08
2187.2,2285.98,2344.75,2254.32,6,7.57e+08
2186.57,2286.3,2345.4,2253.98,6,7.58e+08
2206.43,2266.61,2325.49,2273.17,6,7.76e+08
2205.26,2266.29,2326.71,2273.43,6,7.77e+08
2203.36,2266.55,2328.67,2273.11,6,7.78e+08
2202.47,2265.44,2329.63,2274.14,6,7.79e+08
2202.51,2262.35,2329.71,2277.06,6,7.82e+08
2202,2252.3,2331.03,2286.01,6,7.97e+08
2203.24,2250.42,2329.88,2287.81,6,7.98e+08
2228.98,2237.02,2304.28,2300.85,6,8.13e+08
2237.28,2232.02,2296.06,2305.74,6,8.17e+08
2240.33,2230.73,2292.98,2307.08,6,8.18e+08
2263.07,2220.14,2270.52,2317.13,6,8.35e+08
2260.35,2222.78,2273.54,2314.12,6,8.4e+08
2258.99,2222.63,2275.07,2314.11,6,8.41e+08
2241.71,2225.77,2293.65,2309.52,6,8.52e+08
2234.63,2228.8,2301.12,2306.02,6,8.59e+08
2234,2228.18,2301.86,2306.54,6,8.6e+08
2226.55,2231.22,2309.87,2302.76,6,8.79e+08
2229.16,2230.69,2307.17,2303.4,6,8.8e+08
2258.52,2225.16,2276.61,2310.06,6,8.91e+08
2272.45,2222.15,2262.26,2313.5,6,8.98e+08
2274.99,2221.06,2259.68,2314.65,6,8.99e+08
2352.49,2198.52,2180,2339.28,6,9.18e+08
2356.19,2197.65,2176.25,2340.23,6,9.19e+08
2435.09,2176.78,2097.13,2361.15,6,9.38e+08
2439.26,2176.28,2093.03,2361.6,6,9.39e+08
2483.46,2160.43,2049.61,2376.72,6,9.47e+08
2513.9,2149.19,2020.76,2386.35,6,9.57e+08
2514.64,2148.8,2020.16,2386.61,6,9.58e+08
2529.77,2141.97,2007.79,2390.52,6,9.76e+08
2529.99,2142.11,2007.74,2390.23,6,9.77e+08
2489.41,2168.37,2049.62,2362.4,6,9.97e+08
2486.26,2169.75,2052.78,2361.01,6,9.98e+08
2461.23,2178.02,2078,2352.54,7,7e+06
2421.31,2190.69,2117.42,2340.28,7,1.7e+07
2419.67,2189.27,2118.98,2341.79,7,1.8e+07
2337.15,2217.66,2199.46,2314.99,7,3.7e+07
2331.22,2220.24,2205.22,2312.56,7,3.8e+07
2241.89,2249.54,2291.58,2284.98,7,5.6e+07
2238.05,2250.61,2295.35,2283.95,7,5.7e+07
2215.82,2254.97,2317.13,2279.69,7,6.5e+07
2200.57,2256.52,2332.06,2278.11,7,7.6e+07
2200.01,2256.4,2332.61,2278.25,7,7.7e+07
2198.95,2251.14,2333.34,2283.54,7,9.6e+07
2201.12,2249.97,2331.13,2284.8,7,9.7e+07
2190.32,2249.86,2342.51,2284.04,7,1.18e+08
2186.29,2250.33,2346.74,2283.29,7,1.2e+08
2184.6,2250.4,2348.53,2283.1,7,1.21e+08
2164.73,2249.52,2369.53,2282.31,7,1.41e+08
2163.17,2250.37,2371.15,2281.39,7,1.42e+08
2152.92,2253.84,2381.94,2277.15,7,1.49e+08
2124.51,2265.83,2411.86,2262.94,7,1.61e+08
2121.84,2266.01,2414.78,2262.43,7,1.62e+08
2096.36,2277.89,2441.54,2248.71,7,1.68e+08
2003.08,2314.72,2540.08,2204.51,7,1.81e+08
1996.15,2316.38,2547.51,2202.19,7,1.82e+08
1990.09,2317.53,2554.03,2200.44,7,1.83e+08
1831.72,2365.18,2618,2137.13,7,2.01e+08
1822.55,2367.99,2618,2133.33,7,2.02e+08
1759.38,2383.65,2618,2106.74,7,2.23e+08
1788.25,2383.87,2618,2109.47,7,2.3e+08
1793.17,2384.23,2618,2109.73,7,2.31e+08
1895.6,2364.62,2618,2137.92,7,2.5e+08
1902.09,2362,2618,2140.91,7,2.51e+08
2020.38,2320.4,2525.23,2190.25,7,2.69e+08
2027.74,2318.32,2517.39,2192.82,7,2.7e+08
2166.02,2293.72,2369.22,2226.65,7,2.89e+08
2171.32,2293.53,2363.68,2227.06,7,2.9e+08
2224.65,2299.12,2309.54,2222.08,7,3.08e+08
2225.66,2300.64,2308.5,2220.59,7,3.09e+08
2262.84,2298.88,2269.77,2223.48,7,3.2e+08
2281.92,2312.54,2249.61,2210.72,7,3.35e+08
2282.93,2314.04,2248.55,2209.28,7,3.36e+08
2298.86,2320.61,2232.1,2203.07,7,3.45e+08
2310.25,2328.22,2220.16,2195.83,7,3.54e+08
2310.18,2329.62,2220.19,2194.49,7,3.55e+08
2318.67,2334.57,2211.42,2189.69,7,3.63e+08
2327.21,2339.02,2202.7,2185.2,7,3.73e+08
2326.64,2341.23,2203.31,2182.93,7,3.74e+08
2330.58,2345.06,2199.45,2178.88,7,3.8e+08
2331.63,2350.35,2198.13,2173.82,7,3.92e+08
2331.5,2351.63,2198.33,2172.47,7,3.93e+08
2337.83,2354.12,2192.36,2169.49,7,4.02e+08
2344.36,2356.53,2186.43,2166.34,7,4.11e+08
2345.06,2356.41,2185.77,2166.43,7,4.12e+08
2338.45,2362.57,2192.31,2160.38,7,4.24e+08
2319.89,2369.54,2209.75,2154.84,7,4.3e+08
2315.59,2371.59,2213.87,2153.05,7,4.31e+08
2295.2,2373.48,2234.12,2151.73,7,4.49e+08
2295.02,2372.53,2234.45,2152.58,7,4.51e+08
2318.66,2356.42,2213.66,2165.62,7,4.68e+08
2320.98,2356.13,2211.69,2165.51,7,4.69e+08
2324.86,2353.71,2208.06,2167.67,7,4.7e+08
2386.17,2328.17,2151.23,2187.62,7,4.82e+08
2420.39,2314.15,2119.22,2198.77,7,4.88e+08
2424.96,2312.01,2114.92,2200.57,7,4.89e+08
2455.33,2297.16,2086.13,2213.11,7,4.97e+08
2465.16,2284.02,2075.7,2226.26,7,5.07e+08
2464.78,2283.54,2076.01,2226.78,7,5.08e+08
2456.64,2267.87,2080.87,2244.85,7,5.28e+08
2456.31,2267.85,2081.21,2244.8,7,5.29e+08
2430.65,2269.91,2103.73,2245.35,7,5.47e+08
2429.91,2269.27,2104.36,2246.09,7,5.48e+08
2421.2,2258.18,2113.07,2256.65,7,5.66e+08
2422.12,2256.52,2112.27,2258.18,7,5.67e+08
2417.5,2241.25,2117.75,2272.12,7,5.85e+08
2414.65,2241.5,2120.42,2272.06,7,5.86e+08
2400.78,2229.86,2133.15,2284.76,7,6.02e+08
2404.39,2227.7,2130.09,2286.3,7,6.05e+08
2404.78,2227.8,2129.89,2286,7,6.06e+08
2413.51,2220.55,2121.95,2292.3,7,6.13e+08
2423.29,2210.01,2112.89,2301.86,7,6.25e+08
2424.49,2208.89,2111.79,2302.88,7,6.26e+08
2425.44,2207.95,2110.93,2303.73,7,6.27e+08
2417.66,2200.74,2118.37,2311.17,7,6.38e+08
2412.11,2193.05,2123.53,2319.2,7,6.45e+08
2412.95,2191.74,2122.8,2320.42,7,6.46e+08
2464.2,2154.38,2074.43,2354.64,7,6.66e+08
2468.5,2151.96,2070.33,2356.87,7,6.67e+08
2491.83,2141.01,2048.16,2366.63,7,6.74e+08
2499.9,2138.71,2040.96,2367.93,7,6.86e+08
2498.16,2139.29,2042.7,2367.36,7,6.87e+08
2505.9,2124.54,2036.11,2380.92,7,7.03e+08
2504.89,2122.45,2037.4,2382.77,7,7.06e+08
2504.59,2121.35,2037.78,2383.81,7,7.07e+08
2452.75,2123.81,2088.69,2382.14,7,7.25e+08
2447.46,2124.63,2093.78,2381.5,7,7.26e+08
2399.76,2136.35,2139.91,2371.1,7,7.36e+08
2347.87,2150.28,2190.23,2358.47,7,7.47e+08
2343.59,2151.1,2194.4,2357.75,7,7.48e+08
2309.6,2159.62,2227.45,2350.01,7,7.56e+08
2253.23,2173.29,2282.19,2337.37,7,7.66e+08
2249.14,2173.54,2286.16,2337.19,7,7.67e+08
2202.22,2183.43,2331.5,2328.19,7,7.79e+08
2190.73,2184.91,2342.14,2327.32,7,7.85e+08
2189.01,2185.51,2343.73,2326.83,7,7.86e+08
2151.74,2195.12,2378.45,2318.79,7,8.07e+08
2150.14,2195.08,2380.02,2318.82,7,8.08e+08
2138.63,2194.38,2389.54,2320.94,7,8.27e+08
2135.96,2194.46,2392.42,2320.59,7,8.28e+08
2134.66,2193.55,2393.91,2321.26,7,8.29e+08
2107.59,2201.23,2422.46,2311.49,7,8.38e+08
2087.38,2204.13,2444.59,2306.03,7,8.47e+08
2088.24,2203.1,2443.77,2306.99,7,8.48e+08
2141.56,2193.98,2383.95,2322.75,7,8.67e+08
2144.76,2194.6,2380.18,2322.76,7,8.68e+08
2168.16,2191.18,2354.47,2328.58,7,8.77e+08
2191.3,2186.23,2330.2,2334.73,7,8.88e+08
2194.49,2186.14,2326.71,2335.17,7,8.89e+08
2202.23,2188.3,2318.84,2333.19,7,8.96e+08
2199.66,2194.26,2323.06,2325.4,7,9.07e+08
2199.37,2194.73,2323.54,2324.73,7,9.08e+08
2175.15,2210.35,2350.75,2305.74,7,9.19e+08
2150.76,2222.15,2377.64,2291.08,7,9.26e+08
2146.92,2224.13,2381.83,2288.71,7,9.27e+08
2129.61,2237.35,2400.65,2273.66,7,9.39e+08
2124.65,2243.19,2405.8,2267.52,7,9.45e+08
2123.74,2244.36,2406.73,2266.33,7,9.46e+08
2108.57,2263.04,2422.34,2246.77,7,9.69e+08
2106.05,2264.51,2425.07,2245.07,7,9.7e+08
2055.19,2293.6,2480.14,2211.06,7,9.88e+08
2052.97,2295.28,2482.56,2209.16,7,9.89e+08
2018.4,2317.82,2519.48,2183.98,7,9.97e+08
1977.28,2339.13,2564.07,2158.8,8,7e+06
1971.92,2342.54,2569.76,2155.04,8,8e+06
1929.79,2358.32,2615.66,2134.99,8,2.3e+07
1925.02,2358.81,2618,2133.8,8,2.6e+07
1922.59,2359.72,2618,2132.64,8,2.7e+07
1908.18,2366.47,2618,2121.89,8,4.5e+07
1908.82,2367.53,2618,2120.76,8,4.6e+07
1915.82,2373.1,2618,2114.39,8,5.3e+07
1943.6,2380.72,2607.24,2107.26,8,6.4e+07
1948.51,2379.74,2602.25,2108.36,8,6.5e+07
2060.29,2363.84,2481.77,2132.53,8,8.3e+07
2063.39,2363.64,2478.63,2132.82,8,8.4e+07
2095.52,2354.31,2445.57,2143.25,8,9.1e+07
2149.76,2344.74,2388.46,2155.67,8,1.03e+08
2152.2,2344.92,2385.96,2155.6,8,1.04e+08
2221.82,2338.18,2313.48,2165.37,8,1.23e+08
2226.97,2337.95,2308.08,2165.81,8,1.24e+08
2258.8,2337.8,2274.56,2167.34,8,1.32e+08
2288.32,2337.75,2243.38,2168.91,8,1.43e+08
2289.73,2338.16,2241.86,2168.64,8,1.44e+08
2346.35,2329.63,2183.52,2178.41,8,1.63e+08
2353.76,2327.61,2176.18,2180.23,8,1.64e+08
2442.73,2312.65,2088.65,2191.57,8,1.77e+08
2471.96,2306.69,2059.71,2196.51,8,1.83e+08
2484.19,2303.53,2047.79,2199.07,8,1.85e+08
2533.46,2293.09,1998.6,2207.17,8,2.03e+08
2534.53,2291.58,1997.28,2208.88,8,2.04e+08
2479.38,2312.77,2043.43,2196.14,8,2.22e+08
2473.71,2315.19,2048.42,2194.42,8,2.23e+08
2446.06,2322.48,2073.6,2189.03,8,2.41e+08
2447.84,2321.36,2072.18,2189.74,8,2.42e+08
2427.27,2321.68,2094.4,2187.14,8,2.6e+08
2424.71,2321.82,2096.93,2187.04,8,2.61e+08
2366.62,2329.17,2151.63,2183.48,8,2.76e+08
2352.74,2330.11,2164.76,2183.46,8,2.8e+08
2349.93,2329.56,2167.35,2184.28,8,2.81e+08
2308.44,2327.89,2207.92,2187.32,8,2.99e+08
2306.42,2327.99,2210,2187.2,8,3e+08
2304.26,2327.88,2212.16,2187.34,8,3.01e+08
2301.68,2324.9,2214.88,2190.26,8,3.04e+08
2302.19,2309.4,2216.09,2204.1,8,3.18e+08
2304,2308.12,2214.58,2205.07,8,3.19e+08
2305.46,2306.93,2213.39,2205.98,8,3.2e+08
2345.33,2275.64,2177.46,2232.82,8,3.38e+08
2347,2273.89,2175.93,2234.43,8,3.39e+08
2366.77,2257.61,2157.44,2249.22,8,3.47e+08
2397.19,2236.16,2128.63,2268.67,8,3.57e+08
2400.79,2234.05,2125.23,2270.55,8,3.58e+08
2430.19,2218.53,2097.27,2284.18,8,3.66e+08
2438.75,2209.74,2088.86,2292.51,8,3.77e+08
2438.59,2209.66,2089.05,2292.53,8,3.78e+08
2440.73,2203.1,2086.92,2298.9,8,3.86e+08
2416.56,2200.76,2110.06,2302.15,8,3.97e+08
2413.53,2199.84,2112.89,2303.3,8,3.98e+08
2384.39,2195.13,2141.1,2308.93,8,4.1e+08
2367.59,2191.31,2157.66,2313.04,8,4.19e+08
2366.23,2190.76,2159.03,2313.59,8,4.2e+08
2312.05,2198.54,2212.04,2307.19,8,4.38e+08
2308.28,2199.75,2215.76,2306.05,8,4.39e+08
2225.25,2213.99,2297.18,2293.78,8,4.58e+08
2220.41,2215.05,2301.97,2292.8,8,4.59e+08
2151.48,2224.75,2370.03,2284.28,8,4.78e+08
2151.87,2223.98,2369.57,2285.14,8,4.79e+08
2144.06,2223.8,2375.87,2286.74,8,4.97e+08
2143.41,2223.56,2376.5,2287.01,8,4.98e+08
2134.49,2223.85,2385.47,2286.74,8,5.05e+08
2108.75,2225.61,2412.64,2283.85,8,5.16e+08
2108.17,2224.85,2413.31,2284.55,8,5.17e+08
2146.87,2213.76,2371.36,2298.99,8,5.36e+08
2151.04,2213.8,2366.83,2299.32,8,5.38e+08
2190.79,2204.14,2324.86,2311.24,8,5.5e+08
2208.7,2200.95,2306.2,2315.21,8,5.57e+08
2209.79,2201.63,2305.06,2314.62,8,5.58e+08
2208.92,2204.81,2308.53,2309.32,8,5.76e+08
2208.52,2204.91,2309.11,2309.08,8,5.77e+08
2196.08,2210.62,2323.56,2301.79,8,5.88e+08
2184.02,2218.4,2336.84,2293.14,8,5.96e+08
2180.34,2220.07,2340.82,2291.25,8,5.97e+08
2142.42,2238.64,2382.55,2270.06,8,6.15e+08
2142.25,2238.76,2382.86,2269.86,8,6.16e+08
2165.55,2245.67,2358.08,2264.88,8,6.34e+08
2164.01,2247.55,2359.69,2262.99,8,6.35e+08
2161.9,2251.63,2363.05,2258.46,8,6.5e+08
2168.29,2251.81,2356.25,2258.75,8,6.53e+08
2170.59,2251.5,2353.87,2259.18,8,6.54e+08
2185.57,2260.81,2338.81,2250.76,8,6.73e+08
2184.45,2261.71,2340.1,2249.78,8,6.74e+08
2172.39,2275.63,2354.07,2235.28,8,6.91e+08
2173.76,2275.17,2352.75,2235.77,8,6.92e+08
2221.67,2270.53,2303.13,2242.38,8,7.09e+08
2223.17,2271.22,2301.57,2241.78,8,7.1e+08
2224.72,2271.38,2300.01,2241.68,8,7.11e+08
2249.57,2269.61,2274.85,2244.25,8,7.26e+08
2259.85,2267.81,2264.33,2246.29,8,7.29e+08
2265.07,2266.3,2259.01,2247.9,8,7.3e+08
2373.44,2245.59,2148.58,2269.53,8,7.48e+08
2380.16,2243.92,2141.78,2271.21,8,7.49e+08
2409.91,2238.35,2111.74,2276.64,8,7.56e+08
2447.47,2227.04,2074.32,2287.12,8,7.67e+08
2450.13,2227.07,2071.73,2286.96,8,7.68e+08
2483.32,2218.48,2039.29,2294.08,8,7.78e+08
2520.99,2211.98,2003.3,2298.09,8,7.86e+08
2525.83,2210.8,1998.67,2298.98,8,7.87e+08
2562.18,2205.23,1964.44,2301.69,8,7.95e+08
2571.26,2208.1,1956.42,2296.98,8,8.06e+08
2570.23,2208.19,1957.41,2296.89,8,8.07e+08
2528.6,2214.09,1996.82,2292.59,8,8.22e+08
2495.16,2218.62,2028.12,2289.95,8,8.3e+08
2489.7,2220.93,2033.45,2287.75,8,8.31e+08
2483.46,2223.12,2039.37,2285.87,8,8.32e+08
2438.31,2233.07,2082.42,2277.76,8,8.45e+08
2420.12,2239.32,2099.97,2272.1,8,8.5e+08
2414.9,2241.95,2105.08,2269.58,8,8.51e+08
2401.85,2246.9,2117.41,2265.33,8,8.53e+08
2287.32,2274.58,2225.38,2243.9,8,8.71e+08
2282.19,2275.33,2230.32,2243.33,8,8.72e+08
2259.65,2278.08,2252.58,2240.82,8,8.78e+08
2215.43,2285.13,2296.15,2234.19,8,8.89e+08
2212.48,2285.07,2299.07,2234.26,8,8.9e+08
2210.41,2284.62,2301.14,2234.7,8,8.91e+08
2186.29,2281.28,2326.18,2236.77,8,9.09e+08
2186.81,2280.44,2325.75,2237.51,8,9.1e+08
2200.15,2263.95,2313.81,2252.47,8,9.29e+08
2200.27,2262.59,2313.77,2253.76,8,9.3e+08
2183.56,2261.4,2331.34,2254.16,8,9.38e+08
2173.02,2258.05,2342.98,2256.55,8,9.48e+08
2172.62,2256.87,2343.52,2257.62,8,9.49e+08
2171.59,2253.74,2345.28,2260.17,8,9.57e+08
2174.01,2247.58,2343.67,2265.7,8,9.67e+08
2175.27,2247.79,2342.4,2265.55,8,9.68e+08
2191,2241.42,2326.6,2272.12,8,9.76e+08
2192.9,2237.33,2325.5,2275.66,8,9.87e+08
2192.86,2237.63,2325.59,2275.36,8,9.88e+08
2195.04,2234.07,2324.76,2278.13,9,9e+06
2192.64,2234.37,2327.38,2277.66,9,1e+07
2179.25,2236.04,2342.73,2274.7,9,2.8e+07
2180.75,2235.69,2341.23,2275.09,9,2.9e+07
2206.8,2229.11,2314.29,2282.73,9,3.7e+07
2256.88,2215.95,2262.11,2298.14,9,4.8e+07
2262.02,2215.2,2256.7,2299.18,9,4.9e+07
2389.46,2180.78,2124.49,2338.16,9,6.4e+07
2417.9,2176.44,2095.16,2343.34,9,6.7e+07
2426.54,2175.03,2086.3,2344.96,9,6.8e+07
2474.81,2166.49,2037.3,2354.12,9,7.4e+07
2564.42,2145.89,1949.09,2372.95,9,8.6e+07
2571.39,2143.81,1942.35,2374.79,9,8.7e+07
2618,2119.77,1891.6,2391.51,9,1.07e+08
2618,2121.11,1893.75,2389.85,9,1.08e+08
2613.26,2123.23,1908.45,2386.54,9,1.15e+08
2569.36,2142.62,1952.2,2366.8,9,1.26e+08
2566.47,2143.47,1955.08,2365.94,9,1.27e+08
2550.8,2157.26,1976.73,2346.9,9,1.46e+08
2549.53,2158.25,1978.38,2345.62,9,1.47e+08
2558.7,2149.05,1977.75,2348.74,9,1.66e+08
2557.94,2148.91,1978.87,2348.66,9,1.67e+08
2565.97,2137.21,1975.11,2358.03,9,1.78e+08
2576.86,2130.87,1967.48,2362.71,9,1.85e+08
2576.36,2131.34,1968.33,2362.11,9,1.86e+08
2577.49,2129.87,1967.47,2363.51,9,1.87e+08
2546.56,2137.6,1999.83,2357.26,9,2.05e+08
2537.81,2140.83,2008.45,2354.43,9,2.07e+08
2534,2141.25,2012.07,2354.29,9,2.08e+08
2404.25,2168.04,2135.42,2335.12,9,2.3e+08
2396.61,2170.12,2142.74,2333.4,9,2.31e+08
2339.36,2176.98,2196.85,2329.83,9,2.41e+08
2336.68,2176.91,2199.46,2330.09,9,2.42e+08
2332.74,2178.26,2203.36,2328.9,9,2.43e+08
2263.67,2190.92,2269.75,2319.73,9,2.61e+08
2256.85,2192.97,2276.36,2317.82,9,2.62e+08
2130.54,2217.8,2399.56,2293.51,9,2.81e+08
2116.5,2220.48,2413.47,2290.62,9,2.83e+08
2039.69,2231.9,2490.24,2276.87,9,2.96e+08
2033.43,2232.84,2496.62,2275.58,9,2.97e+08
2028.85,2232.33,2501.33,2275.72,9,2.98e+08
1959.75,2245.76,2572.58,2257.2,9,3.09e+08
1912.32,2253.74,2618,2244.21,9,3.21e+08
1909.93,2252.78,2618,2244.67,9,3.23e+08
1909.14,2253.28,2618,2244.21,9,3.24e+08
1938.94,2246.66,2589.71,2255.82,9,3.4e+08
1942.96,2245.46,2585.16,2257.4,9,3.42e+08
1973.86,2235.95,2551.55,2268.68,9,3.56e+08
1983.78,2233.11,2541.55,2271.24,9,3.61e+08
1984.81,2232.82,2540.71,2271.25,9,3.62e+08
1986.27,2232.15,2539.47,2271.61,9,3.63e+08
2014.05,2225.98,2511.83,2276.99,9,3.74e+08
2036.89,2225.57,2488.25,2277.94,9,3.82e+08
2044.78,2223.85,2480.18,2279.8,9,3.84e+08
2062.22,2227.44,2463.65,2274.88,9,3.95e+08
2073.65,2227.56,2452.69,2274.03,9,4.02e+08
2075.38,2228.03,2450.91,2273.6,9,4.03e+08
2074.6,2234.05,2452.91,2266.04,9,4.1e+08
2029.99,2254.11,2504.02,2238.24,9,4.22e+08
2022.79,2256.64,2512.15,2234.63,9,4.23e+08
1956.34,2280.79,2587.75,2199.41,9,4.38e+08
1955.56,2281.19,2588.88,2198.57,9,4.39e+08
1954.13,2282.97,2590.48,2196.56,9,4.4e+08
1950.44,2286.59,2594.35,2192.69,9,4.41e+08
1929.37,2317.33,2618,2157.11,9,4.6e+08
1930.63,2317.35,2617.59,2156.92,9,4.61e+08
1942.23,2321.93,2604.77,2153.22,9,4.68e+08
1982.74,2320.47,2560.39,2158.03,9,4.81e+08
1988.3,2320.15,2554.22,2158.93,9,4.82e+08
2117.99,2313.71,2412.35,2177.12,9,5.01e+08
2123.61,2314.04,2406.35,2177.16,9,5.02e+08
2129.88,2313.62,2399.78,2177.87,9,5.03e+08
2226.95,2311.65,2296.74,2185.48,9,5.19e+08
2240.62,2313,2282.41,2184.7,9,5.23e+08
2243.13,2313.36,2279.84,2184.41,9,5.24e+08
2266.85,2324.14,2254.05,2175.38,9,5.42e+08
2266.2,2325.18,2254.59,2174.44,9,5.43e+08
2266.86,2324.97,2253.82,2174.75,9,5.44e+08
2262.63,2331.74,2257.14,2168.82,9,5.52e+08
2240.96,2345.43,2277.36,2156.6,9,5.63e+08
2238.18,2347.58,2280.05,2154.54,9,5.64e+08
2199.51,2372.72,2317.68,2130.74,9,5.83e+08
2198.05,2373.43,2319.11,2130.09,9,5.84e+08
2146.54,2401.5,2370.51,2102.81,9,6.02e+08
2141.33,2404.11,2375.72,2100.26,9,6.03e+08
2112.47,2408.99,2406.66,2093.97,9,6.21e+08
2111.42,2408.87,2407.88,2093.96,9,6.22e+08
2125.12,2401.59,2397.87,2098.03,9,6.4e+08
2127.83,2401.24,2395.41,2098.13,9,6.41e+08
2191.28,2388.14,2335.56,2107.69,9,6.59e+08
2194.55,2388.29,2332.49,2107.32,9,6.6e+08
2283.78,2359.77,2245.66,2132.9,9,6.78e+08
2287.55,2358.92,2241.99,2133.62,9,6.79e+08
2315.13,2347.78,2214.47,2144.58,9,6.87e+08
2369.52,2328.53,2160.57,2162.66,9,6.98e+08
2374.68,2327.24,2155.53,2163.73,9,6.99e+08
2452.98,2301.83,2078,2186.91,9,7.18e+08
2456.82,2300.64,2074.29,2187.87,9,7.19e+08
2469.47,2296.19,2061.67,2191.88,9,7.24e+08
2462.48,2294.45,2065.57,2196.26,9,7.36e+08
2459.76,2295.13,2067.9,2195.97,9,7.37e+08
2430.07,2298.97,2092.78,2197.08,9,7.47e+08
2395.56,2309.12,2123.56,2190.92,9,7.54e+08
2390.07,2309.9,2128.36,2190.91,9,7.55e+08
2287.18,2328.69,2222.33,2182.42,9,7.73e+08
2281.42,2329.82,2227.78,2181.68,9,7.74e+08
2277.05,2329.79,2231.84,2182.13,9,7.75e+08
2254.14,2325.24,2256.3,2185.58,9,7.93e+08
2255.22,2324.21,2255.45,2186.38,9,7.94e+08
2271.44,2307.04,2242.79,2200.07,9,8.14e+08
2274.1,2305.25,2240.35,2201.63,9,8.15e+08
2390.04,2251.15,2130.6,2248.76,9,8.46e+08
2393.61,2249.89,2127.21,2249.82,9,8.47e+08
2398,2247.68,2122.98,2251.86,9,8.48e+08
2457.4,2215.92,2065.74,2280.6,9,8.66e+08
2460.71,2213.28,2062.52,2283.1,9,8.67e+08
2510.6,2185.14,2015.13,2307.44,9,8.88e+08
2512.32,2184.24,2013.52,2308.18,9,8.89e+08
2521.29,2178.65,2004.98,2313.06,9,8.96e+08
2561.3,2164.49,1968.04,2323.45,9,9.07e+08
2566.11,2162.09,1963.54,2325.49,9,9.08e+08
2591.78,2141.87,1942.29,2340.4,9,9.28e+08
2593.91,2138.94,1940.35,2343.12,9,9.29e+08
2583.29,2128.09,1953.9,2350.85,9,9.47e+08
2581.54,2127.61,1955.62,2351.37,9,9.48e+08
2526.41,2137.57,2009.15,2343.1,9,9.67e+08
2524.41,2136.56,2010.96,2344.31,9,9.68e+08
2522.49,2136.47,2012.89,2344.42,9,9.69e+08
2506.62,2134.84,2029.29,2345.96,9,9.8e+08
2501.71,2136.25,2034.64,2344.31,9,9.83e+08
2499.91,2136.24,2036.51,2344.32,9,9.84e+08
2496.21,2136.04,2040.31,2344.53,9,9.86e+08
2485.8,2121.23,2051.8,2359.64,10,3e+06
2488.86,2119.23,2049.25,2361.43,10,5e+06
2489.85,2118.7,2048.73,2361.78,10,7e+06
2508.09,2105.27,2032.38,2374.73,10,1.6e+07
2515.48,2099.75,2025.77,2380.24,10,2.1e+07
2517.1,2098.85,2024.33,2381.12,10,2.2e+07
2508.38,2096.55,2034.64,2384.56,10,4.2e+07
2505.59,2096.29,2037.38,2384.92,10,4.3e+07
2450.86,2100.1,2092.09,2382.87,10,6.1e+07
2446.43,2100.78,2096.52,2382.28,10,6.2e+07
2391.1,2102.21,2150.89,2382.79,10,7.6e+07
2386.06,2099.73,2155.89,2386.06,10,8.1e+07
2385.49,2099.52,2156.5,2386.42,10,8.2e+07
2322.02,2109.06,2218.77,2379.55,10,1.02e+08
2319.92,2109.16,2220.8,2379.6,10,1.03e+08
2267.38,2119.69,2271.92,2371.55,10,1.2e+08
2262.68,2121.15,2276.57,2370.16,10,1.21e+08
2169.16,2138.45,2370.2,2351.6,10,1.38e+08
2148.92,2142.46,2390.95,2346.52,10,1.4e+08
2060.8,2155.77,2481.93,2327.27,10,1.49e+08
2021.51,2163.05,2521.47,2318.19,10,1.57e+08
2017.02,2165.28,2525.84,2315.98,10,1.58e+08
1983.62,2176.2,2558.4,2304.46,10,1.68e+08
1969.89,2181.57,2570.22,2299.94,10,1.77e+08
1966.74,2183.49,2573.19,2298.09,10,1.78e+08
1898.39,2195.57,2618,2276.76,10,1.92e+08
1893.74,2195.16,2618,2276.06,10,1.93e+08
1887.82,2196.26,2618,2274,10,1.94e+08
1836.84,2202.9,2618,2257.28,10,2.08e+08
1832.82,2204.79,2618,2254.77,10,2.09e+08
1828.13,2206.74,2618,2251.99,10,2.1e+08
1777.71,2221.53,2618,2224.64,10,2.25e+08
1773.35,2224.09,2618,2221.4,10,2.26e+08
1772.22,2223.39,2618,2221.22,10,2.27e+08
1773.51,2230.36,2618,2213.43,10,2.45e+08
1775.5,2230.66,2618,2213.48,10,2.46e+08
1803.49,2237.12,2618,2210.5,10,2.61e+08
1812.74,2237.72,2618,2210.38,10,2.64e+08
1815.39,2238.61,2618,2209.69,10,2.65e+08
1931.93,2242.63,2618,2218.56,10,2.84e+08
1940.81,2242.02,2609.02,2220.08,10,2.85e+08
2029,2250.48,2512.45,2221.38,10,3e+08
2032.84,2251.94,2508.22,2220.38,10,3.01e+08
2037.78,2252.01,2503.05,2220.59,10,3.02e+08
2117.25,2267.22,2417.29,2212.31,10,3.2e+08
2119.78,2268.76,2414.6,2210.95,10,3.21e+08
2122.09,2270.15,2412.22,2209.65,10,3.22e+08
2127.71,2284.75,2407.53,2194.4,10,3.32e+08
2128.69,2288.25,2406.49,2191,10,3.34e+08
2130.48,2288.81,2404.73,2190.42,10,3.35e+08
2133.13,2289.35,2402.01,2189.97,10,3.36e+08
2134.27,2291.39,2400.71,2188.1,10,3.37e+08
2157.92,2303.91,2375.4,2177.34,10,3.47e+08
2159.31,2306.54,2373.77,2174.94,10,3.48e+08
2159.42,2309.31,2373.52,2172.32,10,3.49e+08
2166.91,2331.84,2365.2,2150.94,10,3.64e+08
2168.76,2332.86,2363.24,2150.02,10,3.65e+08
2171.48,2333.34,2360.42,2149.65,10,3.66e+08
2199.47,2338.36,2331.27,2145.66,10,3.73e+08
2236.11,2352.41,2293.59,2132.62,10,3.89e+08
2236.89,2353.36,2292.81,2131.69,10,3.9e+08
2234.1,2373.27,2294.4,2113.45,10,4.09e+08
2235.73,2373.96,2292.76,2112.77,10,4.1e+08
2236.72,2381.52,2291.44,2105.62,10,4.16e+08
2256.93,2388.18,2271.56,2098.63,10,4.28e+08
2260.14,2387.96,2268.46,2098.73,10,4.29e+08
2328.86,2381.88,2202.8,2101.11,10,4.48e+08
2332.27,2381.7,2199.63,2101.01,10,4.49e+08
2389.23,2370.4,2144.37,2109.95,10,4.67e+08
2394.29,2368.49,2139.42,2111.72,10,4.68e+08
2409.41,2366.56,2124.91,2112.77,10,4.73e+08
2464.85,2355.54,2072.54,2119.72,10,4.86e+08
2468.81,2354.53,2068.79,2120.44,10,4.87e+08
2496.79,2348.17,2042.62,2124.4,10,4.94e+08
2549.53,2334.17,1994.26,2132.84,10,5.05e+08
2551.97,2333.37,1991.95,2133.44,10,5.06e+08
2556.34,2329.52,1985.89,2138.52,10,5.14e+08
2526.46,2330.99,2008.65,2143.9,10,5.24e+08
2520.32,2331.72,2013.68,2144.28,10,5.25e+08
2389.14,2346.95,2125.07,2149.21,10,5.43e+08
2377.97,2349.31,2135.05,2148.08,10,5.44e+08
2369.19,2349.59,2142.43,2149.26,10,5.45e+08
2231.18,2365.74,2267.91,2146.37,10,5.64e+08
2224.37,2366.28,2274.24,2146.36,10,5.65e+08
2219.09,2365.75,2279.08,2147.4,10,5.66e+08
2116.52,2365.94,2379.13,2150.59,10,5.85e+08
2113.31,2364.22,2382.34,2152.36,10,5.86e+08
2111.63,2362.14,2384.16,2154.35,10,5.87e+08
2092.12,2342.97,2409.51,2168.12,10,6.05e+08
2090.3,2342.56,2411.6,2168.29,10,6.06e+08
2089.77,2341.04,2412.37,2169.62,10,6.07e+08
2152.34,2309.39,2355.14,2195.86,10,6.25e+08
2157.31,2307.53,2350.38,2197.47,10,6.26e+08
2220.17,2279.68,2290.78,2222.07,10,6.44e+08
2225.46,2276.27,2285.65,2225.35,10,6.45e+08
2282.51,2251.94,2230.54,2247.7,10,6.62e+08
2287.46,2249.65,2225.79,2249.8,10,6.64e+08
2292.13,2247.04,2221.22,2252.32,10,6.65e+08
2309.49,2240.81,2204.26,2258.06,10,6.7e+08
2340.26,2228.6,2174.43,2269.17,10,6.83e+08
2342.45,2227.26,2172.32,2270.43,10,6.84e+08
2362.42,2215.08,2153.66,2281.18,10,7.03e+08
2361.52,2215.53,2154.63,2280.66,10,7.04e+08
2301.18,2222.65,2215.46,2274.13,10,7.24e+08
2296.96,2223.01,2219.69,2273.83,10,7.25e+08
2245.83,2227.18,2271.35,2270.38,10,7.44e+08
2245.05,2228.13,2272.2,2269.37,10,7.45e+08
2263.04,2224.76,2254.62,2272.66,10,7.64e+08
2262.48,2225.32,2255.2,2272.11,10,7.65e+08
2290.34,2217.77,2227.44,2279.95,10,7.83e+08
2291.46,2218.04,2226.34,2279.68,10,7.84e+08
2340.99,2208.7,2177.05,2288.99,10,8.03e+08
2348.53,2207.63,2169.65,2289.99,10,8.07e+08
2349.52,2207.93,2168.71,2289.67,10,8.08e+08
2368.22,2203.6,2150.52,2293.72,10,8.21e+08
2366.81,2204.48,2151.98,2292.81,10,8.22e+08
2365.83,2204.5,2153.01,2292.77,10,8.23e+08
2367.9,2202.21,2151.08,2294.99,10,8.26e+08
2368.99,2202.2,2150.14,2294.89,10,8.29e+08
2369.17,2201.92,2150.01,2295.14,10,8.3e+08
2368.23,2202.44,2150.99,2294.58,10,8.31e+08
2335.8,2205.73,2184.11,2291.2,10,8.49e+08
2335.35,2205.66,2184.62,2291.23,10,8.5e+08
2294.73,2214.27,2225.87,2282.77,10,8.69e+08
2291.43,2215.73,2229.21,2281.3,10,8.7e+08
2250.53,2225.28,2270.63,2272.06,10,8.9e+08
2242.2,2226.21,2279.02,2271.18,10,8.92e+08
2216.49,2229.16,2304.63,2269.14,10,9.14e+08
2215.03,2229.54,2306.11,2268.77,10,9.15e+08
2201.87,2232.78,2319.47,2265.59,10,9.21e+08
2198.53,2233.46,2322.88,2264.89,10,9.22e+08
2195.04,2234.1,2326.45,2264.21,10,9.23e+08
2149.04,2241.11,2373.72,2256.96,10,9.43e+08
2147.78,2241.09,2375.05,2256.97,10,9.44e+08
2155.4,2240.57,2367.11,2258.42,10,9.61e+08
2156.37,2240.7,2366.09,2258.37,10,9.62e+08
2165.21,2240.33,2357.03,2259.27,10,9.71e+08
2169.92,2239.27,2352.77,2260.39,10,9.81e+08
2172.62,2238.73,2350.08,2261.01,10,9.83e+08
2177.69,2237.41,2344.93,2262.48,10,9.85e+08
2179.97,2241.88,2343.7,2258.03,11,3e+06
2179.35,2242.54,2344.4,2257.35,11,4e+06
2172.42,2248.48,2352.88,2251.18,11,2.2e+07
2171.84,2248.74,2353.57,2250.88,11,2.3e+07
2177.67,2253.51,2348.72,2246.46,11,4.2e+07
2176.53,2253.92,2350,2245.99,11,4.3e+07
2171.24,2258.17,2356.55,2241.63,11,5.6e+07
2163.24,2260.36,2365.33,2239.2,11,6.1e+07
2163.03,2260.59,2365.62,2238.98,11,6.2e+07
2191.38,2266.15,2336.97,2235.13,11,8.6e+07
2191.58,2266.14,2336.86,2235.13,11,8.7e+07
2253.98,2259.39,2273.2,2243.7,11,1.06e+08
2259.1,2259.16,2267.91,2244.07,11,1.07e+08
2314.18,2251.46,2211.43,2252.85,11,1.16e+08
2374.21,2247.21,2150.01,2257.79,11,1.26e+08
2377.77,2247.33,2146.4,2257.69,11,1.27e+08
2433.77,2241.34,2090.15,2263.27,11,1.45e+08
2435.16,2240.91,2088.75,2263.68,11,1.46e+08
2454,2236.72,2070.2,2267.29,11,1.54e+08
2503.84,2225.69,2022.23,2275.65,11,1.64e+08
2509.12,2224.74,2017.22,2276.24,11,1.65e+08
2495.59,2232.24,2030.85,2267.92,11,1.83e+08
2493.4,2232.33,2032.94,2267.91,11,1.84e+08
2476.9,2235.3,2050.7,2263.3,11,2.02e+08
2474.86,2235.79,2052.76,2262.78,11,2.03e+08
2473.25,2235.77,2054.35,2262.8,11,2.04e+08
2421.44,2243.65,2104.97,2256.29,11,2.22e+08
2416.45,2243.84,2109.64,2256.44,11,2.23e+08
2273.49,2264.22,2245.72,2243.44,11,2.44e+08
2270.95,2263.78,2248.22,2243.93,11,2.45e+08
2206.03,2270.61,2312.7,2237.71,11,2.64e+08
2202.96,2271.01,2315.76,2237.31,11,2.65e+08
2195.24,2264.09,2324.22,2243.44,11,2.84e+08
2194.88,2263.78,2324.63,2243.69,11,2.85e+08
2195.15,2263,2324.4,2244.43,11,2.86e+08
2203.97,2254.39,2316.53,2252.25,11,3.04e+08
2203.51,2252.97,2317.15,2253.54,11,3.06e+08
2196.47,2247.3,2325.41,2258.37,11,3.19e+08
2198.56,2243.58,2324,2261.67,11,3.27e+08
2199.15,2242.57,2323.52,2262.6,11,3.28e+08
2245.99,2228.03,2277.02,2277.29,11,3.47e+08
2248.31,2227.78,2274.7,2277.56,11,3.48e+08
2271.34,2222.23,2252.11,2283,11,3.62e+08
2265.32,2224.43,2258.57,2280.52,11,3.67e+08
2261.46,2225.88,2262.57,2278.97,11,3.68e+08
2256.01,2220.95,2269.19,2283.2,11,3.82e+08
2277.69,2215.88,2247.33,2288.55,11,3.88e+08
2278.92,2217.21,2246.04,2287.28,11,3.89e+08
2323.2,2210.31,2201.85,2294.51,11,4.09e+08
2325.52,2209.86,2199.55,2294.96,11,4.1e+08
2360.58,2205.8,2164.89,2298.98,11,4.29e+08
2363.22,2205.23,2162.28,2299.53,11,4.3e+08
2376.29,2206.42,2150.04,2297.9,11,4.5e+08
2375.74,2206.68,2150.63,2297.61,11,4.51e+08
2369.16,2207.74,2157.61,2296.35,11,4.61e+08
2380.95,2205.78,2146.58,2297.87,11,4.71e+08
2382.07,2206.41,2145.56,2297.15,11,4.72e+08
2382.56,2209.1,2145.7,2294.14,11,4.81e+08
2374.35,2210.81,2154.2,2292.39,11,4.89e+08
2373.46,2210.72,2155.12,2292.48,11,4.9e+08
2372.97,2210.55,2155.64,2292.64,11,4.91e+08
2321.81,2220.68,2206.72,2283.08,11,5.09e+08
2320.31,2220.84,2208.25,2282.92,11,5.1e+08
2316.51,2222.64,2212.08,2281.11,11,5.11e+08
2300.15,2223.24,2228.68,2280.84,11,5.29e+08
2300,2224.25,2228.88,2279.82,11,5.3e+08
2308.99,2222.9,2220.14,2281.28,11,5.38e+08
2316.25,2221.76,2213.05,2282.75,11,5.5e+08
2315.45,2222.25,2213.86,2282.27,11,5.51e+08
2365.43,2211.23,2164.67,2293.76,11,5.7e+08
2366.97,2210.69,2163.17,2294.3,11,5.71e+08
2354.9,2211.37,2175.66,2293.92,11,5.89e+08
2352.42,2211.95,2178.15,2293.36,11,5.9e+08
2314.28,2218.07,2216.01,2287.53,11,5.99e+08
2250.33,2226.84,2279.34,2279.23,11,6.11e+08
2196.62,2235.42,2332.7,2271.01,11,6.29e+08
2194.4,2235.69,2334.91,2270.73,11,6.3e+08
2120.94,2249.96,2408.69,2255.56,11,6.5e+08
2116.49,2251.85,2413.16,2253.62,11,6.51e+08
2093.01,2254.07,2437.01,2250.6,11,6.7e+08
2092.39,2253.8,2437.7,2250.75,11,6.72e+08
2126.54,2249.94,2401.89,2256.21,11,6.91e+08
2127.95,2250.28,2400.41,2255.94,11,6.92e+08
2131,2253.86,2399.11,2250.72,11,7.13e+08
2132.55,2253.43,2397.61,2251.11,11,7.14e+08
2136.02,2255.7,2394.58,2248.53,11,7.22e+08
2155.41,2251.82,2375.6,2252.29,11,7.34e+08
2158.26,2251.86,2372.65,2252.37,11,7.35e+08
2189.14,2250.94,2341.08,2254.35,11,7.48e+08
2199.32,2252.5,2330.7,2253.14,11,7.54e+08
2199.84,2252.78,2330.25,2252.81,11,7.55e+08
2190.27,2261.62,2341.15,2243.11,11,7.73e+08
2187.09,2263.11,2344.48,2241.5,11,7.75e+08
2197.95,2260.48,2333.58,2244.33,11,7.81e+08
2225.61,2261.78,2305.36,2243.93,11,7.94e+08
2227.32,2262.69,2303.58,2243.1,11,7.95e+08
2226.69,2271.68,2304.59,2234.28,11,8.14e+08
2224.55,2272.83,2306.78,2233.1,11,8.15e+08
2225.7,2277.24,2306.05,2228.83,11,8.34e+08
2226.74,2277.71,2305.01,2228.38,11,8.35e+08
2237.15,2278.24,2294.68,2228,11,8.43e+08
2237.6,2280.11,2294.25,2226.16,11,8.45e+08
2243.35,2279.29,2288.54,2227.02,11,8.48e+08
2258.34,2278.88,2273.66,2227.55,11,8.57e+08
2272.49,2279.09,2259.58,2227.48,11,8.65e+08
2273.63,2278.98,2258.45,2227.59,11,8.66e+08
2277.35,2281.34,2254.77,2225.38,11,8.73e+08
2276.9,2282.52,2255.1,2224.64,11,8.84e+08
2277.85,2282.52,2254.16,2224.65,11,8.85e+08
2218.73,2298.01,2312.4,2210.81,11,9.05e+08
2215.54,2298.01,2315.54,2210.9,11,9.06e+08
2194.45,2301.82,2336.51,2207.55,11,9.15e+08
2176.97,2307.27,2354.21,2202.2,11,9.26e+08
2175.07,2307.32,2356.13,2202.15,11,9.27e+08
2140.58,2313.44,2391.42,2195.95,11,9.46e+08
2141.05,2313.3,2391.01,2196.06,11,9.47e+08
2163.19,2307.43,2369.3,2201.63,11,9.57e+08
2192.75,2304.55,2339.69,2204.45,11,9.64e+08
2197.39,2303.14,2335.04,2205.84,11,9.65e+08
2258.13,2291.53,2274,2217.49,11,9.76e+08
2319.94,2280.25,2211.78,2228.77,11,9.83e+08
2327.42,2278.83,2204.26,2230.18,11,9.84e+08
2385.26,2266.2,2146.27,2242.57,11,9.91e+08
2455.69,2253.2,2076.2,2254.51,12,3e+06
2459.14,2252.4,2072.77,2255.24,12,4e+06
2470.51,2250.96,2060.72,2256.65,12,2.2e+07
2467.03,2252.2,2064.06,2255.51,12,2.3e+07
2429.65,2258.11,2099.23,2251.63,12,3.2e+07
2396.27,2258.98,2130.79,2252.44,12,4.2e+07
2394.36,2258.7,2132.65,2252.74,12,4.3e+07
2383.42,2254,2145.36,2255.57,12,6.1e+07
2381.43,2255.05,2147.5,2254.36,12,6.2e+07
2372.2,2253.69,2157.44,2255.11,12,7.2e+07
2355.07,2257.86,2175.18,2250.47,12,8.2e+07
2351.79,2258.17,2178.37,2250.25,12,8.3e+07
2333.71,2259.28,2196.16,2249.56,12,9e+07
2324.36,2257.51,2205.97,2251.07,12,1e+08
2323.26,2257.54,2207.13,2251,12,1.01e+08
2320.33,2249.78,2210.96,2258.26,12,1.19e+08
2323.3,2247.96,2208.09,2260.01,12,1.2e+08
2325.3,2246.33,2206.82,2261.18,12,1.3e+08
2327.69,2240.32,2204.68,2267.15,12,1.38e+08
2327.85,2240.72,2204.62,2266.68,12,1.39e+08
2295.36,2240.37,2237.23,2267.42,12,1.58e+08
2291.99,2241.8,2240.63,2265.99,12,1.59e+08
2289.22,2240.4,2243.39,2267.44,12,1.61e+08
2257.96,2242.17,2274.61,2266.09,12,1.77e+08
2253.88,2242.54,2278.66,2265.76,12,1.78e+08
2195.35,2247.07,2336.8,2261.83,12,1.96e+08
2194.08,2246.64,2338.07,2262.27,12,1.97e+08
2182.08,2247.82,2350.02,2261.27,12,2.06e+08
2172.97,2247.08,2359.07,2262.13,12,2.15e+08
2172.78,2246.74,2359.25,2262.49,12,2.16e+08
2172.16,2242.94,2359.75,2266.6,12,2.34e+08
2172.93,2242.59,2358.97,2266.97,12,2.35e+08
2158.81,2246.15,2374.11,2262.68,12,2.52e+08
2157.2,2246.37,2375.85,2262.33,12,2.53e+08
2154.66,2247.31,2378.51,2261.28,12,2.54e+08
2129.75,2251.75,2405.41,2255.28,12,2.72e+08
2130.88,2251.63,2404.25,2255.44,12,2.73e+08
2206.17,2239.35,2325.59,2271.38,12,2.92e+08
2211.58,2238.63,2319.93,2272.36,12,2.93e+08
2244.39,2233.52,2285.7,2278.92,12,2.99e+08
2292.77,2230.83,2235.52,2283.45,12,3.11e+08
2295.19,2231.02,2233.04,2283.32,12,3.12e+08
2320.5,2227.52,2207.53,2287.05,12,3.21e+08
2351.36,2222.37,2176.49,2292.34,12,3.3e+08
2356.42,2221.29,2171.39,2293.45,12,3.31e+08
2416.11,2209.22,2111.83,2305.31,12,3.43e+08
2444.48,2208.61,2083.88,2305.48,12,3.49e+08
2447.6,2208.25,2080.85,2305.76,12,3.5e+08
2438.39,2217.24,2091.12,2295.53,12,3.68e+08
2436.12,2217.65,2093.39,2295.1,12,3.69e+08
2385.28,2227.09,2144.93,2284.94,12,3.92e+08
2383.55,2227.81,2146.76,2284.12,12,3.93e+08
2366.7,2229.75,2165.43,2280.83,12,4.13e+08
2368.35,2229.28,2163.96,2281.16,12,4.14e+08
2379.98,2228.4,2153.93,2280.92,12,4.23e+08
2386.6,2229.07,2148.51,2279.54,12,4.32e+08
2386.19,2229.3,2149,2279.27,12,4.33e+08
2375.48,2231.93,2160.26,2276.57,12,4.44e+08
2379.03,2225.25,2157.18,2283.17,12,4.52e+08
2383.1,2223.61,2153.32,2284.68,12,4.53e+08
2438.5,2208.97,2101.11,2297.62,12,4.65e+08
2468.92,2200.84,2072.28,2305.01,12,4.71e+08
2473.97,2199.72,2067.51,2306,12,4.72e+08
2492.31,2197.36,2050.55,2307.96,12,4.8e+08
2480.78,2200.01,2062.22,2305.78,12,4.9e+08
2479.31,2199.11,2063.57,2306.8,12,4.91e+08
2459.63,2202.07,2082.9,2304.52,12,4.99e+08
2427.73,2205.66,2113.94,2302,12,5.08e+08
2423.73,2205.76,2117.79,2302.05,12,5.09e+08
2388.38,2203.98,2152.81,2305,12,5.25e+08
2385.89,2204.7,2155.35,2304.29,12,5.26e+08
2384.73,2203.97,2156.51,2305.08,12,5.27e+08
2343.02,2205.79,2197.91,2304.79,12,5.48e+08
2287.63,2212.76,2252.33,2299.15,12,5.65e+08
2285.13,2212.9,2254.8,2299.07,12,5.66e+08
2281.68,2213.73,2258.22,2298.28,12,5.67e+08
2178.15,2227.82,2360.4,2284.29,12,5.85e+08
2173.42,2227.56,2365.07,2284.48,12,5.86e+08
2132.95,2234.26,2405.24,2277.43,12,5.96e+08
2095.71,2240.59,2442.71,2269.98,12,6.04e+08
2089.97,2242.17,2448.51,2268.22,12,6.05e+08
2058.42,2245.73,2480.46,2263.25,12,6.15e+08
2041.94,2247.25,2497.12,2260.81,12,6.24e+08
2040.02,2247.9,2499.04,2260.09,12,6.25e+08
2029.63,2248.37,2509.9,2257.91,12,6.43e+08
2028.42,2247.5,2511.43,2258.32,12,6.44e+08
2006.2,2252.03,2537.39,2248.42,12,6.62e+08
2004.45,2252.46,2539.45,2247.58,12,6.63e+08
1991.12,2262.59,2555.48,2233.49,12,6.81e+08
1989.42,2263.94,2557.34,2231.9,12,6.82e+08
1975.47,2270.63,2573.31,2222.63,12,6.9e+08
1972.52,2269.96,2578.26,2220.75,12,6.99e+08
1972.22,2270.94,2578.56,2219.71,12,7e+08
2025.18,2265.38,2522.38,2228.08,12,7.17e+08
2030.41,2265.08,2516.73,2228.79,12,7.18e+08
2097.95,2270.68,2444.5,2227.7,12,7.37e+08
2101.68,2271.58,2440.43,2227.12,12,7.38e+08
2114.16,2279.29,2427.59,2219.72,12,7.47e+08
2111.65,2288.34,2430.86,2209.87,12,7.57e+08
2111.96,2288.4,2430.69,2209.67,12,7.58e+08
2065.58,2305.45,2480.88,2189.05,12,7.75e+08
2063.19,2306.66,2483.4,2187.72,12,7.76e+08
2065.28,2308.53,2481.52,2185.78,12,7.84e+08
2085.91,2311.6,2459.92,2183.74,12,7.93e+08
2087.85,2312.07,2457.92,2183.33,12,7.94e+08
2103.16,2318.93,2442.17,2177.07,12,8.04e+08
2106.01,2328.93,2439.6,2167.14,12,8.14e+08
2105.87,2329.39,2439.86,2166.6,12,8.15e+08
2107.17,2332.57,2438.9,2163.31,12,8.2e+08
2127.26,2337.19,2418.81,2159.25,12,8.35e+08
2129.51,2337.69,2416.51,2158.82,12,8.36e+08
2152.53,2338.6,2393.1,2158.59,12,8.46e+08
2179.63,2337.08,2365.45,2160.79,12,8.54e+08
2183.36,2336.92,2361.65,2161.01,12,8.55e+08
2235.57,2336.48,2308.01,2163.01,12,8.72e+08
2238.33,2336.93,2305.17,2162.61,12,8.73e+08
2240.03,2337.72,2303.39,2161.89,12,8.74e+08
2272.34,2333.67,2270.2,2166.81,12,8.85e+08
2298.09,2331.75,2243.92,2169.07,12,8.93e+08
2301.23,2330.88,2240.7,2170,12,8.94e+08
2348.52,2324.9,2192.32,2176.81,12,9.12e+08
2351.46,2325.3,2189.42,2176.31,12,9.13e+08
2369.05,2325.91,2171.38,2175.9,12,9.22e+08
2380.65,2324.09,2159.22,2178.13,12,9.3e+08
2384.55,2322.76,2155.36,2179.37,12,9.31e+08
2396.74,2322.14,2143.26,2179.56,12,9.4e+08
2390.7,2320.9,2148.14,2181.95,12,9.48e+08
2388.4,2321.08,2150.22,2182.01,12,9.49e+08
2414.43,2304.6,2125.09,2197.22,12,9.67e+08
2418.31,2303.52,2121.55,2197.89,12,9.68e+08
2438.65,2300.15,2103.15,2198.91,12,9.75e+08
2424.07,2303.15,2116.15,2197.55,12,9.86e+08
2422.68,2303.29,2117.4,2197.54,12,9.87e+08
2396.17,2307.84,2141.83,2195.28,12,9.96e+08
2378.94,2303.99,2157.75,2200.65,13,6e+06
2377.43,2303.74,2159.24,2200.91,13,7e+06
2375.18,2292.06,2162.23,2211.91,13,2.1e+07
2372.78,2291.06,2164.99,2212.53,13,2.5e+07
2371.19,2290.71,2166.53,2212.93,13,2.6e+07
2367.28,2288.17,2170.31,2215.67,13,3e+07
2351.79,2281.94,2185.24,2222.72,13,4.4e+07
2352.01,2281.18,2185.06,2223.43,13,4.5e+07
2359.75,2271.5,2178.65,2231.9,13,6.4e+07
2358.69,2271.42,2179.71,2231.99,13,6.5e+07
2352.78,2262.74,2185.34,2241.18,13,7.7e+07
2360.32,2255.8,2178.52,2247.48,13,8.5e+07
2361.09,2254.44,2177.77,2248.82,13,8.6e+07
2356.37,2249.84,2182.55,2253.51,13,9.4e+07
2363.49,2237.47,2175.64,2265.87,13,1.04e+08
2365.97,2236.73,2173.34,2266.42,13,1.05e+08
2455.34,2211.78,2087.68,2287.52,13,1.23e+08
2455.47,2213.44,2087.67,2285.73,13,1.24e+08
2477.18,2201.72,2066.48,2296.93,13,1.42e+08
2479.2,2200.31,2064.53,2298.25,13,1.43e+08
2479.64,2200.28,2064.18,2298.18,13,1.44e+08
2483.1,2188.82,2061.24,2309.09,13,1.59e+08
2475.4,2188.33,2068.7,2309.8,13,1.62e+08
2471.84,2188.12,2072.1,2310.15,13,1.63e+08
2401.86,2191.48,2139.64,2309.19,13,1.81e+08
2397.02,2191.55,2144.29,2309.3,13,1.82e+08
2310.95,2201.59,2227.88,2301.64,13,2e+08
2306.04,2201.83,2232.64,2301.52,13,2.01e+08
2301.74,2201.81,2236.82,2301.64,13,2.02e+08
2252.79,2202.33,2284.03,2302.78,13,2.21e+08
2250.77,2203.43,2285.99,2301.73,13,2.22e+08
2248.08,2201.52,2287.98,2304.41,13,2.32e+08
2243.33,2202.16,2292.22,2304.31,13,2.4e+08
2242.46,2202.46,2293.03,2304.07,13,2.41e+08
2226.9,2200.48,2308.31,2306.42,13,2.6e+08
2225.57,2201.11,2309.62,2305.83,13,2.61e+08
2242.75,2195.99,2291.77,2312.14,13,2.8e+08
2242.59,2195.83,2291.98,2312.26,13,2.81e+08
2241.87,2196.1,2292.74,2311.96,13,2.82e+08
2261.01,2191.3,2273.66,2317.22,13,2.99e+08
2263.06,2191.54,2271.53,2317.1,13,3e+08
2263.68,2192.47,2270.87,2316.25,13,3.01e+08
2269.84,2192.78,2265.06,2315.93,13,3.11e+08
2278.25,2191.41,2256.83,2317.4,13,3.19e+08
2280.3,2190.53,2254.82,2318.28,13,3.2e+08
2299.91,2190.18,2235.02,2319.4,13,3.31e+08
2312.18,2188.8,2222.98,2320.96,13,3.4e+08
2317.12,2186.78,2218.01,2323.06,13,3.41e+08
2320.83,2186.58,2214.24,2323.39,13,3.42e+08
2402.68,2180.14,2131.54,2332.43,13,3.6e+08
2406.58,2179.53,2127.66,2333.1,13,3.61e+08
2385.65,2185.77,2150.25,2325.67,13,3.8e+08
2382.41,2187.4,2153.57,2323.96,13,3.81e+08
2342.33,2197.22,2194.37,2313.32,13,3.92e+08
2316.57,2203.19,2220.52,2306.92,13,3.99e+08
2312.51,2204.3,2224.64,2305.75,13,4e+08
2299.2,2207.31,2238.09,2302.56,13,4.03e+08
2209.04,2223.63,2328.49,2285.2,13,4.19e+08
2204.02,2224.29,2333.51,2284.46,13,4.2e+08
2148.06,2237.61,2389.41,2270.48,13,4.37e+08
2146.36,2238.38,2391.1,2269.69,13,4.38e+08
2143.83,2239.74,2393.62,2268.31,13,4.39e+08
2153.61,2242.45,2382.6,2266.76,13,4.56e+08
2156.21,2242.32,2379.86,2267.04,13,4.57e+08
2157.74,2242.92,2378.18,2266.6,13,4.58e+08
2199.34,2236.2,2335.43,2274.91,13,4.75e+08
2202.9,2237,2331.68,2274.37,13,4.76e+08
2207.67,2236.36,2326.77,2275.21,13,4.77e+08
2267.12,2232.83,2266.04,2281.07,13,4.92e+08
2286.01,2231.71,2246.94,2282.76,13,4.97e+08
2287.72,2232.2,2245.24,2282.31,13,4.98e+08
2292.37,2231.73,2241.38,2282.18,13,5.07e+08
2305.83,2231.12,2228.23,2282.85,13,5.16e+08
2307.3,2230.01,2226.84,2283.89,13,5.17e+08
2309.17,2229.27,2225.01,2284.6,13,5.18e+08
2284.91,2239.49,2250.42,2273.51,13,5.37e+08
2280.14,2240.57,2255.24,2272.32,13,5.38e+08
2203.75,2253.28,2332.51,2258.08,13,5.56e+08
2198.92,2254.28,2337.38,2256.99,13,5.57e+08
2066.26,2280.09,2471.43,2228.01,13,5.76e+08
2060.69,2281.22,2477.09,2226.69,13,5.77e+08
2055.13,2282.57,2482.73,2225.16,13,5.78e+08
2012.12,2293.42,2526.76,2212.47,13,5.87e+08
1988.51,2300.11,2551.35,2204.11,13,5.95e+08
1985.21,2301.13,2554.8,2202.84,13,5.96e+08
1982.2,2301.65,2557.99,2202.03,13,5.97e+08
1981.69,2296.13,2560.25,2204.41,13,6.16e+08
1983.02,2297.01,2558.79,2203.59,13,6.17e+08
2015.3,2293.85,2525.73,2207.09,13,6.27e+08
2039.6,2298.36,2500.93,2202.81,13,6.36e+08
2040.99,2298.96,2499.65,2202.05,13,6.37e+08
2090.23,2300.71,2450.59,2199.84,13,6.55e+08
2095.16,2299.91,2445.53,2200.74,13,6.56e+08
2168.51,2292.49,2369.81,2210.44,13,6.74e+08
2172.23,2292.44,2365.96,2210.61,13,6.75e+08
2219.37,2294.71,2317.71,2209.5,13,7.01e+08
2220.13,2294.39,2316.99,2209.79,13,7.02e+08
2220.77,2294.56,2316.37,2209.61,13,7.03e+08
2219.95,2303.09,2317.01,2201.53,13,7.21e+08
2217.27,2304.78,2319.66,2199.89,13,7.23e+08
2202.23,2310.25,2334.71,2194.64,13,7.3e+08
2209.43,2311.41,2327.7,2193.64,13,7.44e+08
2236.83,2313.32,2300.96,2191.43,13,7.62e+08
2235,2315.08,2302.83,2189.65,13,7.63e+08
2191.67,2325.32,2346.03,2180.48,13,7.79e+08
2185.69,2326.53,2351.97,2179.43,13,7.81e+08
2183.38,2326.73,2354.26,2179.31,13,7.82e+08
2221.48,2320.99,2317.15,2184.32,13,8e+08
2223.74,2321.33,2314.96,2183.9,13,8.01e+08
2275.53,2313.28,2263.95,2191.3,13,8.2e+08
2277.62,2313.22,2261.89,2191.32,13,8.21e+08
2269.43,2315.44,2269.31,2190.52,13,8.39e+08
2266.48,2315.95,2272.15,2190.16,13,8.4e+08
2206.54,2322.68,2330.26,2186.63,13,8.58e+08
2205.57,2322.55,2331.22,2186.8,13,8.59e+08
2195.02,2323.68,2341.81,2186.08,13,8.67e+08
2215.07,2318.29,2322.63,2190.73,13,8.77e+08
2215.88,2318.55,2321.89,2190.39,13,8.78e+08
2227.22,2315.32,2311.09,2193.3,13,8.87e+08
2243.99,2309.59,2294.93,2198.7,13,8.97e+08
2248.49,2308.15,2290.52,2200.04,13,8.98e+08
2275.56,2303.45,2264.1,2204.05,13,9.06e+08
2327.99,2293.52,2212.57,2212.7,13,9.16e+08
2332.57,2292.71,2208.06,2213.38,13,9.17e+08
2384.05,2278.44,2156.8,2227.02,13,9.35e+08
2385.08,2277.99,2155.74,2227.48,13,9.36e+08
2414.68,2267.49,2126.48,2237.33,13,9.45e+08
2449.95,2260.78,2092.18,2242.51,13,9.54e+08
2452.8,2260.87,2089.47,2242.21,13,9.55e+08
2470.64,2256.45,2071.59,2245.99,13,9.73e+08
2471.44,2255.79,2070.83,2246.56,13,9.74e+08
2496.06,2234.07,2047.78,2266.08,13,9.92e+08
2498.83,2233.57,2045.42,2266.1,13,9.93e+08
2464.4,2234.97,2078.66,2265.6,14,1.1e+07
2460.6,2235.58,2082.26,2265.17,14,1.2e+07
2414.18,2243.99,2125.96,2259.5,14,2.1e+07
2375.54,2247.35,2162.76,2258.04,14,3.1e+07
2369.55,2249.16,2168.64,2256.33,14,3.2e+07
2283.27,2251.3,2251.16,2258.07,14,5.1e+07
2282,2250.77,2252.44,2258.58,14,5.2e+07
2264.95,2247.81,2269.78,2261.3,14,6.6e+07
2257.79,2245.41,2276.74,2263.9,14,7.2e+07
2257.98,2245.01,2276.55,2264.28,14,7.3e+07
2285.26,2234.81,2249.67,2274.09,14,8.2e+07
2280.96,2235.39,2253.97,2273.56,14,9.2e+07
2278.91,2235.42,2256,2273.53,14,9.3e+07
2257.51,2228.05,2277.85,2280.71,14,1.11e+08
2258.45,2227.71,2276.94,2281.02,14,1.12e+08
2265.77,2223.5,2270.2,2284.99,14,1.27e+08
2262.17,2222.82,2273.97,2285.54,14,1.3e+08
2261.12,2222.65,2275.08,2285.66,14,1.31e+08
2277.64,2214.34,2259.13,2293.93,14,1.51e+08
2277.85,2214.14,2258.97,2294.11,14,1.52e+08
2274.88,2211.28,2262.88,2296.55,14,1.72e+08
2275.8,2211.03,2261.98,2296.81,14,1.73e+08
2276.2,2211.2,2261.59,2296.64,14,1.74e+08
2294.1,2207.98,2244.04,2300.08,14,1.92e+08
2295.26,2207.67,2242.9,2300.4,14,1.93e+08
2304.78,2207.23,2233.6,2301.07,14,2.07e+08
2302.16,2207.45,2236.41,2300.76,14,2.11e+08
2300.33,2207.89,2238.3,2300.26,14,2.12e+08
2246.77,2218.36,2293.11,2288.84,14,2.3e+08
2242.62,2219.27,2297.32,2287.86,14,2.31e+08
2193.57,2226.02,2347.13,2280.4,14,2.43e+08
2178.29,2227.1,2362.61,2279.15,14,2.49e+08
2176.99,2227.62,2363.89,2278.65,14,2.5e+08
2156.64,2240.5,2383.78,2266.33,14,2.68e+08
2152.52,2241.58,2388.05,2265.09,14,2.69e+08
2141.39,2244.75,2399.49,2261.55,14,2.83e+08
2147.26,2244.74,2393.19,2262,14,2.87e+08
2149.76,2244.27,2390.56,2262.59,14,2.88e+08
2150.58,2246.16,2389.78,2260.81,14,3.06e+08
2152.25,2245.86,2388.05,2261.17,14,3.07e+08
2223.04,2241.61,2314.37,2268.65,14,3.25e+08
2228.96,2241.01,2308.22,2269.48,14,3.26e+08
2308.61,2237.64,2225.99,2275.77,14,3.45e+08
2310.18,2237.93,2224.4,2275.5,14,3.46e+08
2340.42,2231.81,2193.87,2281.99,14,3.55e+08
2363.96,2231.01,2170.21,2282.94,14,3.64e+08
2366.83,2231.02,2167.34,2282.93,14,3.65e+08
2387.13,2229.17,2147.16,2284.69,14,3.71e+08
2438.29,2228.93,2096.97,2284.12,14,3.85e+08
2440.3,2228.91,2095.05,2284.06,14,3.86e+08
2471.01,2222.38,2065.74,2289.37,14,3.97e+08
2485.99,2218.35,2051.81,2292.5,14,4.03e+08
2487.25,2218.21,2050.72,2292.48,14,4.04e+08
2504.82,2210.83,2034.91,2298.39,14,4.14e+08
2500.18,2212.01,2040.32,2296.61,14,4.22e+08
2499.33,2211.65,2041.19,2296.96,14,4.23e+08
2477.59,2218.98,2062.76,2289.85,14,4.31e+08
2447.51,2226.54,2092.24,2282.95,14,4.41e+08
2444.72,2227.2,2095,2282.32,14,4.42e+08
2415.43,2236.28,2124.4,2273.33,14,4.51e+08
2347.69,2243.05,2188.93,2269.26,14,4.6e+08
2342.04,2243.26,2194.36,2269.24,14,4.61e+08
2253.64,2252.62,2280.35,2261.83,14,4.78e+08
2249.74,2252.83,2284.15,2261.67,14,4.79e+08
2171.81,2266.58,2360.71,2248.45,14,4.93e+08
2145.62,2270.55,2386.6,2244.4,14,4.97e+08
2141.67,2269.63,2390.49,2245.27,14,4.98e+08
2124.84,2269.57,2407.33,2245.03,14,5.03e+08
2076.05,2272.66,2456.83,2240.32,14,5.16e+08
2074.46,2271.09,2458.51,2241.68,14,5.17e+08
2078.78,2267.11,2454.63,2244.67,14,5.32e+08
2083.41,2265.99,2450,2245.72,14,5.34e+08
2085.68,2266.04,2447.69,2245.69,14,5.35e+08
2109.06,2263.71,2423.87,2248.41,14,5.42e+08
2142.42,2262,2390.02,2250.67,14,5.53e+08
2145.38,2261.03,2387.11,2251.58,14,5.54e+08
2166.95,2254.32,2367.07,2256.69,14,5.71e+08
2168.41,2253.99,2365.65,2256.98,14,5.72e+08
2174.91,2252.3,2359.67,2258.18,14,5.79e+08
2194.07,2247.44,2340.88,2262.79,14,5.89e+08
2195.38,2247.29,2339.62,2262.89,14,5.9e+08
2242.63,2242.05,2292.03,2268.86,14,6.05e+08
2249.72,2243.61,2285.04,2267.31,14,6.1e+08
2250.58,2243.64,2284.24,2267.22,14,6.11e+08
2249.03,2245.92,2287.06,2263.83,14,6.29e+08
2250.22,2245.6,2285.99,2264.06,14,6.32e+08
2273.05,2243.12,2263.11,2266.87,14,6.42e+08
2276.63,2246.94,2259.76,2263.05,14,6.5e+08
2278.2,2246.37,2258.22,2263.59,14,6.51e+08
2320.63,2242.3,2216.17,2268.01,14,6.69e+08
2325.74,2242.09,2211.05,2268.28,14,6.7e+08
2372.4,2237.85,2164.58,2272.95,14,6.78e+08
2384.59,2238.1,2152.72,2272.8,14,6.88e+08
2386.43,2237.46,2150.91,2273.43,14,6.89e+08
2394.98,2237.32,2142.7,2273.57,14,6.97e+08
2394.99,2238.73,2142.84,2272.29,14,7.07e+08
2393.39,2239.92,2144.46,2271.1,14,7.08e+08
2348.17,2253.15,2188.88,2258.84,14,7.26e+08
2344.42,2253.2,2192.49,2258.9,14,7.27e+08
2287.39,2259.8,2248.58,2253.26,14,7.44e+08
2285.69,2259.51,2250.27,2253.55,14,7.45e+08
2259.75,2264.69,2276.09,2248.52,14,7.53e+08
2217.55,2271.36,2317.57,2242.25,14,7.62e+08
2214.02,2272.05,2321.07,2241.56,14,7.63e+08
2183.94,2274.1,2351.35,2239.15,14,7.81e+08
2183.82,2274.57,2351.52,2238.65,14,7.82e+08
2191.5,2271.57,2344.6,2241.07,14,8e+08
2190.5,2271.97,2345.65,2240.62,14,8.01e+08
2167.14,2274.7,2369.77,2236.9,14,8.1e+08
2147.08,2276.78,2390.77,2233.7,14,8.2e+08
2145.23,2277.57,2392.7,2232.81,14,8.21e+08
2136.72,2278.75,2402.28,2230.52,14,8.38e+08
2139.2,2277.65,2399.81,2231.61,14,8.39e+08
2139,2278.94,2399.99,2230.35,14,8.4e+08
2104.38,2277.73,2436.96,2229,14,8.62e+08
2103.79,2278.81,2437.53,2227.94,14,8.63e+08
2136.2,2274.53,2404.92,2232.59,14,8.82e+08
2142.4,2274.32,2398.46,2233.06,14,8.83e+08
2142.88,2287.11,2398.79,2219.67,14,9.01e+08
2140.34,2287.36,2401.57,2219.18,14,9.02e+08
2137.64,2287.89,2404.48,2218.43,14,9.03e+08
2114.13,2289.55,2430.31,2214.74,14,9.22e+08
2113.65,2290.13,2430.81,2214.15,14,9.23e+08
2086.31,2293.91,2460.21,2208.81,14,9.43e+08
2087.26,2294.39,2459.24,2208.36,14,9.44e+08
2109.12,2300.29,2436.85,2203.23,14,9.57e+08
2115.14,2302.03,2430.91,2201.52,14,9.62e+08
2115.29,2303.32,2430.75,2200.24,14,9.63e+08
2123.24,2305.45,2422.92,2198.17,14,9.7e+08
2146.24,2304.61,2399.49,2199.67,14,9.81e+08
2147.66,2304.7,2398.05,2199.6,14,9.82e+08
