6920.61,6956.98,6968.54,6932.43,5,1.22e+08
6956.36,6938.04,6926.21,6944.8,5,1.27e+08
6930.19,6947.5,6959.07,6942.03,5,1.3e+08
6965.02,6936.3,6924.6,6953.58,5,1.4e+08
6933.22,6940.4,6950.44,6943.54,5,1.53e+08
6948.12,6948.92,6937.45,6936.92,5,1.55e+08
6964.28,6929.27,6965.05,6914.23,5,1.71e+08
6943.07,6936.7,6949.35,6943.75,5,1.73e+08
6933.32,6943.88,6959.61,6937.34,5,1.74e+08
6979.23,6911.11,6969.4,6913.77,5,1.82e+08
6957.22,6912.64,7010.58,6889.22,5,1.92e+08
6944.68,6920.31,7021.57,6883.31,5,1.93e+08
6869.79,6952.42,7084.55,6857.18,5,2.12e+08
6871.18,6953.22,7081.37,6858.14,5,2.13e+08
6910.83,6953.7,7019.3,6877.68,5,2.26e+08
6914.45,6951.51,7014.26,6881.19,5,2.27e+08
6915.24,6953.52,7012.06,6880.48,5,2.28e+08
6916.94,6953.33,7009.01,6881.94,5,2.29e+08
6922.39,6953.2,6991.81,6891.91,5,2.38e+08
6908.77,6964.05,6995.02,6889.34,5,2.48e+08
6911.44,6961.21,6991.5,6892.91,5,2.49e+08
6921.02,6959.86,6971.21,6901.89,5,2.63e+08
6912.33,6964.05,6974.88,6900.83,5,2.72e+08
6913.8,6960.57,6972.98,6904.65,5,2.73e+08
6889.01,6973.36,6994.68,6893.53,5,2.8e+08
6881.61,6976.02,7001.77,6891.1,5,2.81e+08
6823.85,6997.24,7056.16,6871.26,5,2.91e+08
6811.61,7001.52,7068.18,6867.12,5,2.92e+08
6813.49,7000.03,7061.66,6869.46,5,3.09e+08
6808.59,6998.56,7066.24,6870.92,5,3.11e+08
6805.35,7001.04,7069.34,6868.48,5,3.12e+08
6793.64,6999.58,7077.76,6869.05,5,3.31e+08
6799.3,6995.37,7072,6873.27,5,3.32e+08
6842.84,6978.96,7025.83,6888.45,5,3.5e+08
6850.1,6973.31,7018.5,6894.07,5,3.51e+08
6916.11,6961.96,6949.77,6904.17,5,3.69e+08
6906.71,6966.78,6959.23,6899.24,5,3.7e+08
6796.92,6999.8,7067.87,6863.95,5,3.89e+08
6797.39,6999.14,7067.32,6864.59,5,3.9e+08
6886.27,6964.22,6975.55,6898.22,5,4.08e+08
6892.39,6962.82,6969.3,6899.62,5,4.09e+08
6953.96,6941.75,6906.11,6919.95,5,4.19e+08
7037.12,6911.11,6821.59,6949.95,5,4.27e+08
7052.61,6904.26,6805.96,6956.77,5,4.28e+08
7129.5,6885.74,6727.73,6974.46,5,4.36e+08
7112.9,6890.19,6742.73,6969.23,5,4.46e+08
7109.48,6889.61,6746.04,6969.82,5,4.47e+08
7074.2,6899.51,6779.71,6959.46,5,4.56e+08
7034.03,6914.52,6818.32,6943.96,5,4.65e+08
7029.09,6916.52,6823.14,6941.96,5,4.66e+08
7019.13,6919.22,6832.52,6938.76,5,4.71e+08
7066.47,6902.01,6785.1,6953,5,4.84e+08
7065.16,6904.74,6786.44,6950.13,5,4.85e+08
7041.92,6900.18,6808.3,6952.26,5,5.04e+08
7051.76,6894.75,6798.61,6957.45,5,5.05e+08
7187.37,6839.73,6664.72,7008.34,5,5.16e+08
7235.29,6824.49,6617.19,7021.65,5,5.24e+08
7233.68,6826.11,6618.78,7019.97,5,5.25e+08
7377.56,6758.05,6476.17,7083.71,5,5.39e+08
7424.44,6742.25,6430.07,7097.9,5,5.43e+08
7435.35,6739.5,6419.43,7100.27,5,5.44e+08
7410.34,6735.1,6440.31,7101.69,5,5.71e+08
7399.98,6739.09,6450.4,7097.83,5,5.72e+08
7262.56,6754.96,6581.91,7083.34,5,5.9e+08
7255.74,6761.27,6589,7076.71,5,5.91e+08
7245.99,6761.21,6598.73,7076.29,5,5.94e+08
7177.39,6781.83,6665.76,7054.28,5,6.09e+08
7170.44,6788.46,6672.83,7047.49,5,6.1e+08
7060.68,6829.59,6779.29,7007.55,5,6.19e+08
6850.64,6906.81,6983.37,6933.39,5,6.28e+08
6822.13,6914.14,7011.02,6926.63,5,6.29e+08
6601.34,6979.18,7226.15,6863.46,5,6.39e+08
6414.83,7050.19,7410.13,6791.64,5,6.47e+08
6395.52,7054.91,7429.27,6786.77,5,6.48e+08
6180.75,7127.82,7643.84,6708.47,5,6.61e+08
6143.78,7146.32,7680.35,6687.71,5,6.68e+08
6138.81,7145.25,7685.54,6688.25,5,6.69e+08
6106.74,7140.07,7718.77,6689.05,5,6.77e+08
6171.06,7095.03,7651.49,6733.03,5,6.87e+08
6190.45,7085.65,7631.15,6743.09,5,6.88e+08
6547.63,6976.3,7252.93,6867.13,5,7.06e+08
6565.14,6971.5,7234.64,6872.52,5,7.07e+08
6734.45,6918.67,7060.64,6926.13,5,7.2e+08
6823.45,6881.29,6969.14,6964.49,5,7.25e+08
6846.48,6869.85,6945.55,6976.3,5,7.26e+08
6999.22,6818.48,6787.66,7030.16,5,7.34e+08
7138.92,6773.91,6647.46,7070.99,5,7.47e+08
7147.04,6770.37,6639.57,7074.12,5,7.48e+08
7153.04,6772.69,6635.88,7067.51,5,7.55e+08
7064.03,6824.54,6727.63,7009.51,5,7.66e+08
7042.86,6830.8,6749.1,7002.77,5,7.67e+08
6718.06,6950.9,7077.17,6874.46,5,7.87e+08
6708.09,6954.97,7087.33,6870.12,5,7.88e+08
6613.47,7006.73,7183.44,6814.65,5,7.99e+08
6545.58,7041.02,7252.61,6777.32,5,8.07e+08
6539.49,7044.42,7258.89,6773.61,5,8.08e+08
6465.17,7074.61,7336.28,6736.12,5,8.26e+08
6469.32,7073.06,7332.19,6737.48,5,8.27e+08
6710.94,7006.8,7084.42,6804.76,5,8.45e+08
6726.17,7004.34,7068.74,6807.48,5,8.46e+08
6890.28,6944.71,6900.81,6868.43,5,8.55e+08
7065.09,6890.24,6721.97,6924.26,5,8.64e+08
7076.34,6888.18,6710.57,6926.34,5,8.65e+08
7314.62,6805.33,6470.79,7005.33,5,8.83e+08
7316.33,6806.36,6469.12,7004.11,5,8.84e+08
7210.55,6851.64,6571.63,6957.3,5,9.02e+08
7203.57,6851.43,6578.32,6957.67,5,9.03e+08
7189.29,6838.24,6593.69,6965.48,5,9.21e+08
7200.1,6831.83,6583.41,6971.25,5,9.22e+08
7210.1,6828.03,6574.06,6974.31,5,9.23e+08
7335.47,6776.59,6456.29,7015.05,5,9.41e+08
7342.96,6775.99,6449.4,7015.02,5,9.42e+08
7350.18,6774.3,6442.68,7016.19,5,9.43e+08
7446.43,6733.57,6350.51,7052.11,5,9.49e+08
7475.02,6744.32,6324.45,7037.15,5,9.61e+08
7473.04,6745.22,6326.4,7036.23,5,9.62e+08
7388.89,6772.15,6406.63,7011.25,5,9.74e+08
7347.73,6775.2,6445.73,7009.27,5,9.8e+08
7339.08,6777.88,6454.16,7006.75,5,9.81e+08
7197.68,6817.29,6589.28,6971.66,5,9.92e+08
7080.31,6854.85,6701.83,6937.52,6,0
7065,6858.02,6716.39,6935,6,1e+06
6922.12,6895.67,6855.13,6898.14,6,2e+07
6913.28,6899.89,6863.88,6893.93,6,2.1e+07
6833.36,6909.28,6942.05,6882.59,6,4.1e+07
6826.88,6909.73,6948.44,6882.13,6,4.2e+07
6927.57,6844.28,6848.04,6945.03,6,6e+07
6930.61,6846.68,6845.06,6942.59,6,6.1e+07
6998.72,6802.93,6777.16,6985.45,6,6.9e+07
7218.99,6700.7,6558.01,7086.84,6,7.9e+07
7243.24,6691.06,6533.96,7096.47,6,8e+07
7407.59,6636.64,6371.66,7148.86,6,9.2e+07
7458.3,6608.93,6322.32,7174.61,6,9.9e+07
7470.36,6603.19,6310.63,7180.05,6,1e+08
7694.25,6502.66,6096.79,7270.59,6,1.19e+08
7699.56,6497.8,6091.94,7275.04,6,1.2e+08
7678.53,6490.54,6115.16,7279.27,6,1.3e+08
7586.73,6504.17,6204.12,7266.45,6,1.38e+08
7569.89,6507.3,6220.84,7263.18,6,1.4e+08
7458.74,6549.92,6329.87,7221.05,6,1.48e+08
7298.2,6609.95,6487.36,7162.01,6,1.59e+08
7282.35,6617.32,6503.12,7154.7,6,1.6e+08
7013.79,6711.02,6766.69,7062.48,6,1.79e+08
6998.09,6713.79,6781.92,7059.96,6,1.8e+08
6756.21,6792.55,7018.19,6981.81,6,2e+08
6743.51,6795.63,7030.66,6978.71,6,2.01e+08
6561.96,6853.16,7208.42,6919.54,6,2.2e+08
6556.33,6851.26,7214.03,6921.23,6,2.21e+08
6442.97,6872.65,7326,6895.98,6,2.39e+08
6438.56,6871.2,7330.53,6897.06,6,2.4e+08
6351.41,6896.77,7419.38,6866.01,6,2.5e+08
6311.74,6911.27,7459.84,6848.1,6,2.58e+08
6298.14,6922.07,7473.65,6836.87,6,2.59e+08
6235.75,6943.82,7539.16,6809.35,6,2.65e+08
6186.99,6970.4,7588.96,6777.15,6,2.79e+08
6242.36,6932.62,7529.71,6814.29,6,2.97e+08
6253.36,6929.17,7517.81,6818.63,6,2.98e+08
6384.84,6897.58,7379.09,6854.26,6,3.18e+08
6388.65,6898.5,7375.31,6853.25,6,3.19e+08
6426.92,6914.4,7338.86,6832.82,6,3.34e+08
6427.26,6921.84,7339.23,6824.2,6,3.37e+08
6425.76,6924.83,7341.15,6820.7,6,3.38e+08
6405.38,6963.35,7366.35,6773.69,6,3.58e+08
6404.91,6962.97,7367.21,6773.61,6,3.59e+08
6387.52,6978.22,7386.4,6755.31,6,3.67e+08
6353.8,7000.23,7423.19,6728.66,6,3.77e+08
6353.25,6999.89,7424.12,6728.57,6,3.78e+08
6335.61,7024.69,7443.34,6700.95,6,3.87e+08
6272.97,7079.36,7509.7,6641.22,6,3.96e+08
6252.41,7095.2,7531.15,6624.43,6,3.97e+08
6172.86,7170.05,7617.22,6540.11,6,4.16e+08
6173.28,7172.58,7616.85,6537.49,6,4.17e+08
6181.34,7191.4,7608.85,6516.95,6,4.29e+08
6207.73,7183.47,7582.33,6524.13,6,4.36e+08
6213.27,7182.06,7576.74,6525.57,6,4.37e+08
6277.38,7175.56,7510.72,6532.72,6,4.48e+08
6273.58,7197.96,7516.47,6508.01,6,4.56e+08
6262.46,7208.52,7528.23,6496.91,6,4.57e+08
6211.29,7254.96,7586.07,6444.24,6,4.7e+08
6243.51,7259.63,7552.93,6440.38,6,4.76e+08
6249.41,7259.67,7546.97,6440.48,6,4.77e+08
6458.92,7211.53,7330.16,6494.5,6,4.96e+08
6476.6,7207.77,7311.79,6498.85,6,4.97e+08
6778.68,7127.64,6998.2,6587.22,6,5.15e+08
6793.4,7125.41,6982.98,6589.84,6,5.16e+08
6854.5,7115.35,6919.53,6601.51,6,5.21e+08
7162.79,7020.39,6603.12,6699.17,6,5.36e+08
7178.08,7020.48,6587.48,6699.1,6,5.37e+08
7449.43,6927.02,6310.25,6791.37,6,5.56e+08
7463.97,6922.71,6295.7,6795.36,6,5.57e+08
7761.52,6840.93,6002.56,6863.65,6,5.75e+08
7769.65,6841.23,5994.53,6862.91,6,5.76e+08
7822.69,6836.68,5935.34,6866.13,6,5.95e+08
7805.87,6841.65,5950.18,6862.22,6,5.98e+08
7591.18,6878.68,6141.39,6843.74,6,6.18e+08
7586.4,6877.89,6146,6844.55,6,6.19e+08
7539.41,6884.19,6199.89,6827.01,6,6.4e+08
7560.29,6859.29,6189.49,6838.84,6,6.58e+08
7556.81,6861.85,6193.77,6835.47,6,6.59e+08
7563.5,6849.97,6188.83,6845.37,6,6.62e+08
7568.55,6795.8,6191.41,6890.82,6,6.77e+08
7554.69,6799.99,6204.81,6887.14,6,6.78e+08
7254.23,6850.8,6481.83,6858.64,6,6.97e+08
7234.88,6853.31,6499.43,6857.89,6,6.98e+08
7145.13,6878.54,6582.75,6838.86,6,7.02e+08
6883.1,6927.36,6829.3,6803.97,6,7.18e+08
6863.27,6935,6848.63,6796.84,6,7.19e+08
6762.47,6929.19,6945.4,6805.55,6,7.29e+08
6662.25,6943.19,7043.32,6792.59,6,7.38e+08
6652.76,6942.82,7052.59,6793.13,6,7.39e+08
6558.5,6926.41,7145.29,6808.51,6,7.57e+08
6556.16,6927.58,7147.7,6807.23,6,7.58e+08
6630.14,6854.25,7073.54,6878.69,6,7.76e+08
6625.76,6853.09,7078.12,6879.65,6,7.77e+08
6618.71,6854.05,7085.38,6878.46,6,7.78e+08
6615.39,6849.9,7088.98,6882.33,6,7.79e+08
6615.53,6838.42,7089.28,6893.18,6,7.82e+08
6613.62,6800.96,7094.2,6926.52,6,7.97e+08
6618.26,6793.96,7089.89,6933.23,6,7.98e+08
6714.13,6744.05,6994.55,6981.8,6,8.13e+08
6745.03,6725.44,6963.96,7000,6,8.17e+08
6756.38,6720.64,6952.47,7004.98,6,8.18e+08
6841.08,6681.18,6868.82,7042.41,6,8.35e+08
6830.94,6691.04,6880.09,7031.2,6,8.4e+08
6825.88,6690.48,6885.78,7031.17,6,8.41e+08
6761.54,6702.15,6954.96,7014.08,6,8.52e+08
6735.16,6713.45,6982.79,7001.03,6,8.59e+08
6732.81,6711.13,6985.53,7003,6,8.6e+08
6705.06,6722.45,7015.36,6988.91,6,8.79e+08
6714.77,6720.49,7005.32,6991.27,6,8.8e+08
6824.15,6699.89,6891.53,7016.1,6,8.91e+08
6876.01,6688.67,6838.06,7028.9,6,8.98e+08
6885.47,6684.61,6828.45,7033.18,6,8.99e+08
7174.12,6600.69,6531.68,7124.93,6,9.18e+08
7187.88,6597.44,6517.74,7128.44,6,9.19e+08
7481.77,6519.7,6223.06,7206.35,6,9.38e+08
7497.27,6517.85,6207.79,7208.06,6,9.39e+08
7661.89,6458.82,6046.07,7264.35,6,9.47e+08
7775.27,6416.94,5938.63,7300.22,6,9.57e+08
7778.03,6415.48,5936.39,7301.18,6,9.58e+08
7834.36,6390.06,5890.3,7315.76,6,9.76e+08
7835.19,6390.57,5890.12,7314.68,6,9.77e+08
7684.05,6488.37,6046.11,7211.03,6,9.97e+08
7672.33,6493.52,6057.88,7205.86,6,9.98e+08
7579.09,6524.33,6151.8,7174.29,7,7e+06
7430.43,6571.53,6298.62,7128.62,7,1.7e+07
7424.3,6566.21,6304.43,7134.27,7,1.8e+07
7116.99,6671.97,6604.17,7034.46,7,3.7e+07
7094.89,6681.57,6625.64,7025.38,7,3.8e+07
6762.19,6790.7,6947.26,6922.67,7,5.6e+07
6747.89,6794.68,6961.29,6918.84,7,5.7e+07
6665.09,6810.91,7042.42,6902.98,7,6.5e+07
6608.31,6816.7,7098.01,6897.11,7,7.6e+07
6606.22,6816.24,7100.07,6897.61,7,7.7e+07
6602.28,6796.65,7102.78,6917.32,7,9.6e+07
6610.36,6792.31,7094.56,6922,7,9.7e+07
6570.13,6791.89,7136.95,6919.16,7,1.18e+08
6555.12,6793.63,7152.69,6916.4,7,1.2e+08
6548.82,6793.91,7159.36,6915.68,7,1.21e+08
6474.82,6790.6,7237.57,6912.75,7,1.41e+08
6469,6793.79,7243.62,6909.33,7,1.42e+08
6430.82,6806.72,7283.8,6893.54,7,1.49e+08
6325.04,6851.37,7395.22,6840.58,7,1.61e+08
6315.08,6852.04,7406.11,6838.7,7,1.62e+08
6220.17,6896.28,7505.76,6787.61,7,1.68e+08
5872.78,7033.46,7872.78,6622.98,7,1.81e+08
5846.98,7039.64,7900.45,6614.34,7,1.82e+08
5824.4,7043.9,7924.73,6607.83,7,1.83e+08
5234.58,7221.39,8558.92,6372.04,7,2.01e+08
5200.42,7231.86,8596.1,6357.88,7,2.02e+08
4965.15,7290.15,8862.6,6258.83,7,2.23e+08
5072.65,7290.98,8743.4,6269.02,7,2.3e+08
5090.97,7292.33,8722.76,6269.99,7,2.31e+08
5472.47,7219.3,8310.42,6374.99,7,2.5e+08
5496.66,7209.53,8285.13,6386.1,7,2.51e+08
5937.21,7054.59,7817.45,6569.86,7,2.69e+08
5964.61,7046.87,7788.28,6579.45,7,2.7e+08
6479.62,6955.23,7236.42,6705.43,7,2.89e+08
6499.36,6954.53,7215.81,6706.97,7,2.9e+08
6697.97,6975.35,7014.16,6688.43,7,3.08e+08
6701.77,6981.01,7010.29,6682.88,7,3.09e+08
6840.21,6974.46,6866.05,6693.63,7,3.2e+08
6911.27,7025.33,6790.96,6646.12,7,3.35e+08
6915.03,7030.9,6787.02,6640.75,7,3.36e+08
6974.38,7055.38,6725.73,6617.63,7,3.45e+08
7016.82,7083.72,6681.28,6590.65,7,3.54e+08
7016.54,7088.95,6681.39,6585.64,7,3.55e+08
7048.15,7107.36,6648.7,6567.79,7,3.63e+08
7079.96,7123.96,6616.24,6551.07,7,3.73e+08
7077.84,7132.19,6618.51,6542.62,7,3.74e+08
7092.53,7146.46,6604.13,6527.51,7,3.8e+08
7096.43,7166.14,6599.2,6508.69,7,3.92e+08
7095.92,7170.93,6599.96,6503.64,7,3.93e+08
7119.51,7180.2,6577.74,6492.56,7,4.02e+08
7143.83,7189.18,6555.64,6480.81,7,4.11e+08
7146.45,7188.7,6553.2,6481.16,7,4.12e+08
7121.84,7211.65,6577.56,6458.62,7,4.24e+08
7052.71,7237.61,6642.51,6438,7,4.3e+08
7036.68,7245.24,6657.85,6431.34,7,4.31e+08
6960.74,7252.3,6733.26,6426.41,7,4.49e+08
6960.08,7248.75,6734.5,6429.56,7,4.51e+08
7048.11,7188.76,6657.04,6478.13,7,4.68e+08
7056.75,7187.69,6649.71,6477.73,7,4.69e+08
7071.2,7178.65,6636.2,6485.76,7,4.7e+08
7299.55,7083.55,6424.54,6560.08,7,4.82e+08
7427.01,7031.33,6305.33,6601.62,7,4.88e+08
7444.03,7023.37,6289.31,6608.32,7,4.89e+08
7557.14,6968.05,6182.09,6655.01,7,4.97e+08
7593.75,6919.09,6143.26,6703.99,7,5.07e+08
7592.34,6917.32,6144.38,6705.92,7,5.08e+08
7562.01,6858.94,6162.49,6773.21,7,5.28e+08
7560.77,6858.89,6163.77,6773.05,7,5.29e+08
7465.2,6866.55,6247.64,6775.08,7,5.47e+08
7462.46,6864.15,6249.99,6777.85,7,5.48e+08
7430.02,6822.89,6282.43,6817.18,7,5.66e+08
7433.45,6816.68,6279.44,6822.88,7,5.67e+08
7416.23,6759.8,6299.84,6874.78,7,5.85e+08
7405.62,6760.73,6309.81,6874.56,7,5.86e+08
7353.98,6717.39,6357.22,6921.88,7,6.02e+08
7367.41,6709.36,6345.82,6927.59,7,6.05e+08
7368.86,6709.72,6345.08,6926.46,7,6.06e+08
7401.36,6682.72,6315.5,6949.93,7,6.13e+08
7437.82,6643.47,6281.73,6985.56,7,6.25e+08
7442.27,6639.29,6277.65,6989.36,7,6.26e+08
7445.81,6635.79,6274.47,6992.5,7,6.27e+08
7416.85,6608.92,6302.16,7020.22,7,6.38e+08
7396.17,6580.31,6321.39,7050.15,7,6.45e+08
7399.29,6575.42,6318.66,7054.68,7,6.46e+08
7590.15,6436.27,6138.5,7182.12,7,6.66e+08
7606.18,6427.26,6123.23,7190.43,7,6.67e+08
7693.07,6386.47,6040.68,7226.77,7,6.74e+08
7723.13,6377.91,6013.85,7231.63,7,6.86e+08
7716.63,6380.08,6020.32,7229.51,7,6.87e+08
7745.48,6325.13,5995.78,7280,7,7.03e+08
7741.7,6317.34,6000.61,7286.87,7,7.06e+08
7740.6,6313.25,6002.02,7290.75,7,7.07e+08
7547.54,6322.41,6191.62,7284.55,7,7.25e+08
7527.82,6325.49,6210.59,7282.14,7,7.26e+08
7350.17,6369.12,6382.38,7243.44,7,7.36e+08
7156.89,6421.02,6569.78,7196.39,7,7.47e+08
7140.97,6424.06,6585.31,7193.72,7,7.48e+08
7014.38,6455.79,6708.4,7164.89,7,7.56e+08
6804.44,6506.69,6912.28,7117.79,7,7.66e+08
6789.2,6507.65,6927.06,7117.13,7,7.67e+08
6614.47,6544.47,7095.92,7083.63,7,7.79e+08
6571.64,6549.97,7135.58,7080.37,7,7.85e+08
6565.24,6552.22,7141.49,7078.56,7,7.86e+08
6426.44,6588.02,7270.8,7048.6,7,8.07e+08
6420.5,6587.84,7276.66,7048.71,7,8.08e+08
6377.62,6585.25,7312.11,7056.63,7,8.27e+08
6367.66,6585.55,7322.85,7055.33,7,8.28e+08
6362.83,6582.16,7328.36,7057.82,7,8.29e+08
6262,6610.77,7434.73,7021.41,7,8.38e+08
6186.74,6621.55,7517.13,7001.07,7,8.47e+08
6189.94,6617.72,7514.09,7004.65,7,8.48e+08
6388.52,6583.78,7291.27,7063.37,7,8.67e+08
6400.43,6586.08,7277.26,7063.38,7,8.68e+08
6487.59,6573.35,7181.5,7085.07,7,8.77e+08
6573.77,6554.9,7091.09,7107.97,7,8.88e+08
6585.68,6554.57,7078.09,7109.59,7,8.89e+08
6614.5,6562.59,7048.78,7102.24,7,8.96e+08
6604.91,6584.79,7064.51,7073.21,7,9.07e+08
6603.83,6586.54,7066.29,7070.74,7,9.08e+08
6513.63,6644.75,7167.62,7000,7,9.19e+08
6422.79,6688.68,7267.78,6945.42,7,9.26e+08
6408.51,6696.04,7283.39,6936.59,7,9.27e+08
6344.03,6745.29,7353.47,6880.52,7,9.39e+08
6325.54,6767.06,7372.65,6857.66,7,9.45e+08
6322.16,6771.4,7376.12,6853.24,7,9.46e+08
6265.67,6840.96,7434.25,6780.37,7,9.69e+08
6256.26,6846.43,7444.44,6774.06,7,9.7e+08
6066.85,6954.78,7649.53,6647.38,7,9.88e+08
6058.58,6961.06,7658.56,6640.29,7,9.89e+08
5929.85,7044.97,7796.06,6546.51,7,9.97e+08
5776.69,7124.35,7962.13,6452.74,8,7e+06
5756.72,7137.07,7983.32,6438.73,8,8e+06
5599.8,7195.84,8154.27,6364.06,8,2.3e+07
5582.03,7197.65,8174.37,6359.64,8,2.6e+07
5572.98,7201.05,8184.35,6355.29,8,2.7e+07
5519.33,7226.19,8252.09,6315.26,8,4.5e+07
5521.73,7230.12,8250.02,6311.04,8,4.6e+07
5547.8,7250.87,8227.29,6287.32,8,5.3e+07
5651.24,7279.27,8122.92,6260.77,8,6.4e+07
5669.53,7275.62,8104.32,6264.88,8,6.5e+07
6085.83,7216.39,7655.62,6354.89,8,8.3e+07
6097.41,7215.63,7643.91,6355.96,8,8.4e+07
6217.07,7180.89,7520.77,6394.81,8,9.1e+07
6419.05,7145.25,7308.09,6441.09,8,1.03e+08
6428.15,7145.93,7298.76,6440.83,8,1.04e+08
6687.47,7120.83,7028.81,6477.22,8,1.23e+08
6706.62,7119.97,7008.72,6478.83,8,1.24e+08
6825.19,7119.39,6883.88,6484.55,8,1.32e+08
6935.1,7119.2,6767.75,6490.41,8,1.43e+08
6940.37,7120.73,6762.09,6489.37,8,1.44e+08
7151.24,7088.98,6544.82,6525.77,8,1.63e+08
7178.85,7081.45,6517.48,6532.57,8,1.64e+08
7510.19,7025.72,6191.46,6574.77,8,1.77e+08
7619.07,7003.52,6083.7,6593.18,8,1.83e+08
7664.62,6991.76,6039.3,6602.71,8,1.85e+08
7848.14,6952.88,5856.08,6632.88,8,2.03e+08
7852.11,6947.26,5851.17,6639.25,8,2.04e+08
7646.71,7026.19,6023.04,6591.8,8,2.22e+08
7625.59,7035.19,6041.65,6585.41,8,2.23e+08
7522.61,7062.35,6135.42,6565.32,8,2.41e+08
7529.23,7058.18,6130.12,6567.96,8,2.42e+08
7452.64,7059.35,6212.88,6558.29,8,2.6e+08
7443.11,7059.88,6222.29,6557.9,8,2.61e+08
7226.74,7087.27,6426.02,6544.66,8,2.76e+08
7175.04,7090.76,6474.92,6544.56,8,2.8e+08
7164.58,7088.72,6484.57,6547.62,8,2.81e+08
7010.07,7082.49,6635.66,6558.97,8,2.99e+08
7002.52,7082.85,6643.43,6558.5,8,3e+08
6994.48,7082.46,6651.48,6559.03,8,3.01e+08
6984.89,7071.35,6661.6,6569.89,8,3.04e+08
6986.78,7013.65,6666.1,6621.47,8,3.18e+08
6993.52,7008.85,6660.49,6625.07,8,3.19e+08
6998.95,7004.43,6656.06,6628.44,8,3.2e+08
7147.45,6887.9,6522.24,6728.41,8,3.38e+08
7153.67,6881.37,6516.55,6734.41,8,3.39e+08
7227.3,6820.74,6447.68,6789.49,8,3.47e+08
7340.59,6740.85,6340.39,6861.95,8,3.57e+08
7354.01,6732.98,6327.71,6868.93,8,3.58e+08
7463.5,6675.19,6223.59,6919.69,8,3.66e+08
7495.36,6642.44,6192.26,6950.73,8,3.77e+08
7494.8,6642.16,6192.96,6950.82,8,3.78e+08
7502.75,6617.71,6185.01,6974.54,8,3.86e+08
7412.73,6609,6271.21,6986.64,8,3.97e+08
7401.44,6605.58,6281.76,6990.9,8,3.98e+08
7292.94,6588.06,6386.82,7011.87,8,4.1e+08
7230.35,6573.81,6448.51,7027.18,8,4.19e+08
7225.31,6571.77,6453.6,7029.23,8,4.2e+08
7023.49,6600.74,6651.02,7005.4,8,4.38e+08
7009.46,6605.25,6664.87,7001.15,8,4.39e+08
6700.22,6658.27,6968.11,6955.44,8,4.58e+08
6682.18,6662.22,6985.97,6951.8,8,4.59e+08
6425.46,6698.35,7239.45,6920.09,8,4.78e+08
6426.91,6695.48,7237.73,6923.27,8,4.79e+08
6397.85,6694.82,7261.18,6929.23,8,4.97e+08
6395.43,6693.94,7263.52,6930.25,8,4.98e+08
6362.19,6694.99,7296.94,6929.25,8,5.05e+08
6266.34,6701.56,7398.12,6918.47,8,5.16e+08
6264.19,6698.75,7400.63,6921.09,8,5.17e+08
6408.29,6657.44,7244.4,6974.85,8,5.36e+08
6423.85,6657.58,7227.52,6976.09,8,5.38e+08
6571.87,6621.59,7071.22,7020.47,8,5.5e+08
6638.59,6609.74,7001.72,7035.29,8,5.57e+08
6642.63,6612.24,6997.47,7033.07,8,5.58e+08
6639.39,6624.09,7010.4,7013.34,8,5.76e+08
6637.91,6624.48,7012.56,7012.45,8,5.77e+08
6591.58,6645.73,7066.38,6985.31,8,5.88e+08
6546.66,6674.72,7115.84,6953.09,8,5.96e+08
6532.95,6680.95,7130.66,6946.04,8,5.97e+08
6391.73,6750.1,7286.06,6867.1,8,6.15e+08
6391.11,6750.55,7287.22,6866.38,8,6.16e+08
6477.86,6776.29,7194.93,6847.81,8,6.34e+08
6472.13,6783.28,7200.91,6840.78,8,6.35e+08
6464.27,6798.46,7213.46,6823.9,8,6.5e+08
6488.08,6799.13,7188.13,6824.98,8,6.53e+08
6496.64,6797.99,7179.24,6826.58,8,6.54e+08
6552.46,6832.66,7123.16,6795.22,8,6.73e+08
6548.28,6836.02,7127.96,6791.58,8,6.74e+08
6503.35,6887.87,7179.99,6737.56,8,6.91e+08
6508.44,6886.15,7175.08,6739.39,8,6.92e+08
6686.88,6868.87,6990.26,6764.03,8,7.09e+08
6692.47,6871.43,6984.46,6761.79,8,7.1e+08
6698.23,6872.03,6978.64,6761.41,8,7.11e+08
6790.79,6865.43,6884.96,6771,8,7.26e+08
6829.08,6858.73,6845.79,6778.6,8,7.29e+08
6848.53,6853.1,6825.98,6784.57,8,7.3e+08
7252.15,6775.99,6414.66,6865.12,8,7.48e+08
7277.18,6769.75,6389.36,6871.38,8,7.49e+08
7387.98,6749.01,6277.47,6891.62,8,7.56e+08
7527.85,6706.89,6138.1,6930.64,8,7.67e+08
7537.76,6706.99,6128.44,6930.04,8,7.68e+08
7661.37,6675.01,6007.62,6956.56,8,7.78e+08
7801.68,6650.8,5873.59,6971.51,8,7.86e+08
7819.7,6646.42,5856.36,6974.83,8,7.87e+08
7955.08,6625.65,5728.86,6984.92,8,7.95e+08
7988.89,6636.34,5699,6967.37,8,8.06e+08
7985.06,6636.67,5702.67,6967.06,8,8.07e+08
7830.01,6658.64,5849.46,6951.02,8,8.22e+08
7705.49,6675.54,5966.04,6941.18,8,8.3e+08
7685.13,6684.15,5985.9,6933.01,8,8.31e+08
7661.92,6692.3,6007.92,6925.99,8,8.32e+08
7493.76,6729.36,6168.26,6895.81,8,8.45e+08
7426,6752.64,6233.63,6874.7,8,8.5e+08
7406.57,6762.41,6252.65,6865.34,8,8.51e+08
7357.95,6780.86,6298.59,6849.51,8,8.53e+08
6931.4,6883.94,6700.71,6769.69,8,8.71e+08
6912.31,6886.76,6719.12,6767.56,8,8.72e+08
6828.33,6896.98,6802.01,6758.2,8,8.78e+08
6663.64,6923.23,6964.3,6733.5,8,8.89e+08
6652.65,6923.03,6975.18,6733.78,8,8.9e+08
6644.95,6921.33,6982.88,6735.43,8,8.91e+08
6555.12,6908.89,7076.11,6743.14,8,9.09e+08
6557.05,6905.78,7074.53,6745.89,8,9.1e+08
6606.73,6844.36,7030.07,6801.62,8,9.29e+08
6607.19,6839.3,7029.91,6806.41,8,9.3e+08
6544.94,6834.87,7095.34,6807.89,8,9.38e+08
6505.71,6822.38,7138.7,6816.79,8,9.48e+08
6504.2,6817.99,7140.72,6820.78,8,9.49e+08
6500.36,6806.34,7147.28,6830.28,8,9.57e+08
6509.4,6783.4,7141.28,6850.89,8,9.67e+08
6514.08,6784.16,7136.52,6850.31,8,9.68e+08
6572.65,6760.45,7077.68,6874.79,8,9.76e+08
6579.76,6745.23,7073.6,6887.98,8,9.87e+08
6579.59,6746.33,7073.92,6886.85,8,9.88e+08
6587.7,6733.09,7070.83,6897.16,9,9e+06
6578.75,6734.19,7080.58,6895.43,9,1e+07
6528.91,6740.4,7137.76,6884.4,9,2.8e+07
6534.49,6739.09,7132.17,6885.85,9,2.9e+07
6631.49,6714.61,7031.85,6914.31,9,3.7e+07
6818.01,6665.6,6837.49,6971.71,9,4.8e+07
6837.16,6662.8,6817.34,6975.56,9,4.9e+07
7311.82,6534.62,6324.96,7120.76,9,6.4e+07
7417.72,6518.44,6215.72,7140.05,9,6.7e+07
7449.89,6513.2,6182.72,7146.08,9,6.8e+07
7629.7,6481.38,6000.21,7180.19,9,7.4e+07
7963.44,6404.64,5671.69,7250.32,9,8.6e+07
7989.4,6396.9,5646.59,7257.16,9,8.7e+07
8203.5,6307.37,5457.56,7319.44,9,1.07e+08
8196.64,6312.36,5465.57,7313.25,9,1.08e+08
8145.33,6320.27,5520.32,7300.92,9,1.15e+08
7981.81,6392.49,5683.29,7227.42,9,1.26e+08
7971.06,6395.65,5693.99,7224.21,9,1.27e+08
7912.69,6447,5774.65,7153.31,9,1.46e+08
7907.99,6450.67,5780.8,7148.52,9,1.47e+08
7942.11,6416.41,5778.44,7160.15,9,1.66e+08
7939.3,6415.9,5782.62,7159.86,9,1.67e+08
7969.19,6372.33,5768.59,7194.76,9,1.78e+08
8009.76,6348.73,5740.18,7212.17,9,1.85e+08
8007.89,6350.45,5743.36,7209.94,9,1.86e+08
8012.09,6344.99,5740.15,7215.14,9,1.87e+08
7896.91,6373.77,5860.69,7191.9,9,2.05e+08
7864.32,6385.82,5892.78,7181.33,9,2.07e+08
7850.15,6387.37,5906.28,7180.81,9,2.08e+08
7366.9,6487.15,6365.65,7109.44,9,2.3e+08
7338.45,6494.89,6392.92,7103,9,2.31e+08
7125.2,6520.46,6594.47,7089.73,9,2.41e+08
7115.23,6520.18,6604.17,7090.69,9,2.42e+08
7100.56,6525.22,6618.71,7086.27,9,2.43e+08
6843.3,6572.37,6865.96,7052.1,9,2.61e+08
6817.91,6580.02,6890.59,7044.99,9,2.62e+08
6347.5,6672.49,7349.42,6954.44,9,2.81e+08
6295.21,6682.47,7401.23,6943.67,9,2.83e+08
6009.13,6724.99,7687.16,6892.48,9,2.96e+08
5985.8,6728.49,7710.92,6887.68,9,2.97e+08
5968.74,6726.59,7728.45,6888.19,9,2.98e+08
5711.38,6776.61,7993.81,6819.22,9,3.09e+08
5534.75,6806.33,8178.47,6770.83,9,3.21e+08
5525.86,6802.77,8187.9,6772.56,9,3.23e+08
5522.89,6804.62,8190.39,6770.84,9,3.24e+08
5633.9,6779.95,8057.61,6814.08,9,3.4e+08
5648.87,6775.48,8040.67,6819.96,9,3.42e+08
5763.94,6740.08,7915.48,6861.96,9,3.56e+08
5800.89,6729.51,7878.23,6871.51,9,3.61e+08
5804.74,6728.42,7875.12,6871.54,9,3.62e+08
5810.18,6725.91,7870.51,6872.87,9,3.63e+08
5913.65,6702.95,7767.56,6892.91,9,3.74e+08
5998.71,6701.41,7679.72,6896.46,9,3.82e+08
6028.09,6695.02,7649.68,6903.39,9,3.84e+08
6093.03,6708.37,7588.13,6885.06,9,3.95e+08
6135.61,6708.83,7547.32,6881.88,9,4.02e+08
6142.06,6710.59,7540.68,6880.28,9,4.03e+08
6139.14,6733.01,7548.11,6852.15,9,4.1e+08
5973.01,6807.7,7738.49,6748.61,9,4.22e+08
5946.18,6817.15,7768.75,6735.17,9,4.23e+08
5698.68,6907.07,8050.33,6603.97,9,4.38e+08
5695.77,6908.57,8054.53,6600.85,9,4.39e+08
5690.48,6915.18,8060.48,6593.35,9,4.4e+08
5676.71,6928.66,8074.91,6578.97,9,4.41e+08
5598.24,7043.15,8165.78,6446.43,9,4.6e+08
5602.95,7043.24,8161.46,6445.72,9,4.61e+08
5646.13,7060.29,8113.72,6431.95,9,4.68e+08
5797.02,7054.88,7948.4,6449.85,9,4.81e+08
5817.73,7053.67,7925.42,6453.24,9,4.82e+08
6300.74,7029.69,7397.05,6520.95,9,5.01e+08
6321.67,7030.89,7374.72,6521.11,9,5.02e+08
6345.02,7029.36,7350.23,6523.77,9,5.03e+08
6706.55,7022,6966.48,6552.09,9,5.19e+08
6757.49,7027.05,6913.12,6549.22,9,5.23e+08
6766.81,7028.37,6903.53,6548.13,9,5.24e+08
6855.15,7068.54,6807.49,6514.47,9,5.42e+08
6852.72,7072.42,6809.51,6510.98,9,5.43e+08
6855.2,7071.64,6806.64,6512.14,9,5.44e+08
6839.46,7096.85,6818.99,6490.06,9,5.52e+08
6758.72,7147.82,6894.32,6444.54,9,5.63e+08
6748.38,7155.84,6904.33,6436.88,9,5.64e+08
6604.37,7249.44,7044.46,6348.24,9,5.83e+08
6598.92,7252.1,7049.81,6345.81,9,5.84e+08
6407.07,7356.63,7241.24,6244.2,9,6.02e+08
6387.67,7366.38,7260.63,6234.7,9,6.03e+08
6280.18,7384.55,7375.88,6211.27,9,6.21e+08
6276.27,7384.11,7380.42,6211.24,9,6.22e+08
6327.28,7356.98,7343.11,6226.4,9,6.4e+08
6337.38,7355.67,7333.96,6226.78,9,6.41e+08
6573.72,7306.9,7111.05,6262.37,9,6.59e+08
6585.88,7307.44,7099.65,6261.02,9,6.6e+08
6918.21,7201.21,6776.23,6356.29,9,6.78e+08
6932.24,7198.05,6762.57,6358.95,9,6.79e+08
7034.96,7156.59,6660.09,6399.78,9,6.87e+08
7237.53,7084.88,6459.32,6467.12,9,6.98e+08
7256.77,7080.07,6440.57,6471.11,9,6.99e+08
7548.38,6985.44,6151.79,6557.41,9,7.18e+08
7562.67,6981.01,6137.98,6561,9,7.19e+08
7609.81,6964.43,6091,6575.93,9,7.24e+08
7583.77,6957.95,6105.51,6592.27,9,7.36e+08
7573.63,6960.48,6114.2,6591.17,9,7.37e+08
7463.04,6974.78,6206.84,6595.32,9,7.47e+08
7334.53,7012.57,6321.5,6572.36,9,7.54e+08
7314.06,7015.5,6339.36,6572.32,9,7.55e+08
6930.88,7085.48,6689.35,6540.73,9,7.73e+08
6909.44,7089.7,6709.66,6537.95,9,7.74e+08
6893.13,7089.57,6724.75,6539.63,9,7.75e+08
6807.8,7072.64,6815.86,6552.46,9,7.93e+08
6811.83,7068.8,6812.7,6555.44,9,7.94e+08
6872.27,7004.84,6765.56,6606.43,9,8.14e+08
6882.17,6998.19,6756.45,6612.27,9,8.15e+08
7313.98,6796.7,6347.71,6787.79,9,8.46e+08
7327.27,6791.98,6335.09,6791.72,9,8.47e+08
7343.62,6783.75,6319.31,6799.33,9,8.48e+08
7564.85,6665.46,6106.16,6906.36,9,8.66e+08
7577.18,6655.65,6094.17,6915.69,9,8.67e+08
7762.98,6550.84,5917.66,7006.32,9,8.88e+08
7769.39,6547.5,5911.65,7009.08,9,8.89e+08
7802.78,6526.66,5879.84,7027.25,9,8.96e+08
7951.79,6473.94,5742.26,7065.96,9,9.07e+08
7969.72,6464.97,5725.5,7073.55,9,9.08e+08
8065.34,6389.68,5646.38,7129.08,9,9.28e+08
8073.27,6378.76,5639.15,7139.22,9,9.29e+08
8033.7,6338.38,5689.61,7168.02,9,9.47e+08
8027.18,6336.57,5696.02,7169.93,9,9.48e+08
7821.86,6373.68,5895.39,7139.14,9,9.67e+08
7814.43,6369.89,5902.13,7143.63,9,9.68e+08
7807.25,6369.55,5909.31,7144.07,9,9.69e+08
7748.17,6363.49,5970.4,7149.79,9,9.8e+08
7729.87,6368.77,5990.3,7143.67,9,9.83e+08
7723.16,6368.7,5997.27,7143.68,9,9.84e+08
7709.38,6367.96,6011.43,7144.48,9,9.86e+08
7670.62,6312.8,6054.24,7200.73,10,3e+06
7682.01,6305.35,6044.73,7207.4,10,5e+06
7685.68,6303.39,6042.78,7208.73,10,7e+06
7753.63,6253.36,5981.89,7256.93,10,1.6e+07
7781.14,6232.81,5957.27,7277.48,10,2.1e+07
7787.19,6229.48,5951.93,7280.74,10,2.2e+07
7754.72,6220.89,5990.31,7293.54,10,4.2e+07
7744.33,6219.94,6000.52,7294.89,10,4.3e+07
7540.48,6234.12,6204.28,7287.27,10,6.1e+07
7523.98,6236.65,6220.79,7285.06,10,6.2e+07
7317.9,6241.96,6423.28,7286.95,10,7.6e+07
7299.14,6232.72,6441.9,7299.15,10,8.1e+07
7297.02,6231.96,6444.16,7300.47,10,8.2e+07
7060.64,6267.49,6676.08,7274.92,10,1.02e+08
7052.82,6267.88,6683.64,7275.09,10,1.03e+08
6857.13,6307.06,6874.05,7245.09,10,1.2e+08
6839.64,6312.51,6891.34,7239.93,10,1.21e+08
6491.34,6376.93,7240.06,7170.81,10,1.38e+08
6415.93,6391.89,7317.36,7151.89,10,1.4e+08
6087.75,6441.45,7656.22,7080.2,10,1.49e+08
5941.41,6468.55,7803.47,7046.37,10,1.57e+08
5924.69,6476.86,7819.74,7038.16,10,1.58e+08
5800.29,6517.55,7941,6995.24,10,1.68e+08
5749.16,6537.55,7985.03,6978.4,10,1.77e+08
5737.43,6544.7,7996.11,6971.49,10,1.78e+08
5482.88,6589.69,8271.58,6892.07,10,1.92e+08
5465.54,6588.15,8291.83,6889.45,10,1.93e+08
5443.49,6592.24,8316.3,6881.8,10,1.94e+08
5253.63,6616.98,8529.97,6819.5,10,2.08e+08
5238.66,6624.01,8546.41,6810.16,10,2.09e+08
5221.21,6631.29,8565.99,6799.83,10,2.1e+08
5033.4,6686.38,8788.23,6697.94,10,2.25e+08
5017.15,6695.91,8806.41,6685.87,10,2.26e+08
5012.94,6693.29,8813.26,6685.2,10,2.27e+08
5017.78,6719.24,8808.11,6656.21,10,2.45e+08
5025.17,6720.39,8799.53,6656.38,10,2.46e+08
5129.43,6744.44,8685.46,6645.3,10,2.61e+08
5163.87,6746.66,8650.17,6644.83,10,2.64e+08
5173.76,6749.98,8639.85,6642.26,10,2.65e+08
5607.78,6764.95,8165.58,6675.31,10,2.84e+08
5640.87,6762.7,8129.53,6680.97,10,2.85e+08
5969.31,6794.18,7769.88,6685.82,10,3e+08
5983.6,6799.61,7754.12,6682.08,10,3.01e+08
6002.03,6799.9,7734.84,6682.86,10,3.02e+08
6297.99,6856.52,7415.46,6652.01,10,3.2e+08
6307.41,6862.25,7405.46,6646.95,10,3.21e+08
6316.01,6867.45,7396.57,6642.14,10,3.22e+08
6336.95,6921.84,7379.1,6585.31,10,3.32e+08
6340.6,6934.86,7375.23,6572.65,10,3.34e+08
6347.28,6936.96,7368.66,6570.51,10,3.35e+08
6357.13,6938.96,7358.56,6568.83,10,3.36e+08
6361.39,6946.54,7353.71,6561.87,10,3.37e+08
6449.45,6993.18,7259.44,6521.79,10,3.47e+08
6454.65,7002.99,7253.36,6512.86,10,3.48e+08
6455.05,7013.3,7252.45,6503.09,10,3.49e+08
6482.93,7097.2,7221.44,6423.45,10,3.64e+08
6489.84,7101,7214.16,6420.05,10,3.65e+08
6499.97,7102.81,7203.65,6418.66,10,3.66e+08
6604.23,7121.48,7095.1,6403.8,10,3.73e+08
6740.67,7173.81,6954.75,6355.21,10,3.89e+08
6743.57,7177.35,6951.83,6351.77,10,3.9e+08
6733.18,7251.51,6957.78,6283.82,10,4.09e+08
6739.26,7254.08,6951.64,6281.31,10,4.1e+08
6742.95,7282.23,6946.74,6254.66,10,4.16e+08
6818.23,7307.04,6872.69,6228.63,10,4.28e+08
6830.18,7306.2,6861.15,6229,10,4.29e+08
7086.12,7283.58,6616.6,6237.86,10,4.48e+08
7098.8,7282.9,6604.8,6237.5,10,4.49e+08
7310.95,7240.83,6398.98,6270.79,10,4.67e+08
7329.79,7233.69,6380.54,6277.38,10,4.68e+08
7386.09,7226.52,6326.52,6281.32,10,4.73e+08
7592.57,7185.49,6131.47,6307.17,10,4.86e+08
7607.34,7181.69,6117.52,6309.87,10,4.87e+08
7711.56,7158.04,6020.03,6324.6,10,4.94e+08
7907.97,7105.9,5839.92,6356.06,10,5.05e+08
7917.05,7102.9,5831.31,6358.3,10,5.06e+08
7933.32,7088.57,5808.74,6377.22,10,5.14e+08
7822.04,7094.05,5893.51,6397.23,10,5.24e+08
7799.18,7096.75,5912.24,6398.66,10,5.25e+08
7310.6,7153.49,6327.11,6417.02,10,5.43e+08
7269.01,7162.28,6364.28,6412.81,10,5.44e+08
7236.31,7163.31,6391.76,6417.22,10,5.45e+08
6722.3,7223.47,6859.12,6406.46,10,5.64e+08
6696.94,7225.47,6882.7,6406.42,10,5.65e+08
6677.27,7223.49,6900.69,6410.28,10,5.66e+08
6295.28,7224.23,7273.33,6422.14,10,5.85e+08
6283.32,7217.81,7285.3,6428.76,10,5.86e+08
6277.05,7210.06,7292.08,6436.15,10,5.87e+08
6204.38,7138.67,7386.47,6487.45,10,6.05e+08
6197.6,7137.14,7394.26,6488.09,10,6.06e+08
6195.66,7131.46,7397.12,6493.02,10,6.07e+08
6428.67,7013.58,7183.99,6590.75,10,6.25e+08
6447.19,7006.67,7166.27,6596.75,10,6.26e+08
6681.32,6902.96,6944.28,6688.39,10,6.44e+08
6701.01,6890.26,6925.18,6700.58,10,6.45e+08
6913.48,6799.61,6719.94,6783.83,10,6.62e+08
6931.92,6791.09,6702.22,6791.67,10,6.64e+08
6949.3,6781.39,6685.2,6801.03,10,6.65e+08
7013.96,6758.19,6622.05,6822.44,10,6.7e+08
7128.58,6712.69,6510.96,6863.79,10,6.83e+08
7136.71,6707.7,6503.11,6868.5,10,6.84e+08
7211.09,6662.36,6433.59,6908.55,10,7.03e+08
7207.75,6664.03,6437.19,6906.61,10,7.04e+08
6983.02,6690.53,6663.75,6882.26,10,7.24e+08
6967.29,6691.9,6679.51,6881.16,10,7.25e+08
6776.89,6707.4,6871.93,6868.31,10,7.44e+08
6773.98,6710.96,6875.08,6864.56,10,7.45e+08
6840.97,6698.41,6809.61,6876.78,10,7.64e+08
6838.87,6700.49,6811.75,6874.75,10,7.65e+08
6942.64,6672.35,6708.4,6903.94,10,7.83e+08
6946.81,6673.36,6704.27,6902.94,10,7.84e+08
7131.3,6638.58,6520.71,6937.62,10,8.03e+08
7159.37,6634.61,6493.16,6941.33,10,8.07e+08
7163.04,6635.71,6489.63,6940.15,10,8.08e+08
7232.71,6619.59,6421.88,6955.25,10,8.21e+08
7227.46,6622.88,6427.32,6951.84,10,8.22e+08
7223.78,6622.93,6431.19,6951.71,10,8.23e+08
7231.52,6614.41,6423.99,6959.97,10,8.26e+08
7235.56,6614.39,6420.48,6959.58,10,8.29e+08
7236.24,6613.32,6419.99,6960.52,10,8.3e+08
7232.74,6615.27,6423.67,6958.42,10,8.31e+08
7111.97,6627.51,6547.01,6945.84,10,8.49e+08
7110.28,6627.27,6548.91,6945.97,10,8.5e+08
6958.99,6659.32,6702.55,6914.45,10,8.69e+08
6946.71,6664.77,6714.98,6908.99,10,8.7e+08
6794.39,6700.35,6869.23,6874.55,10,8.9e+08
6763.35,6703.81,6900.48,6871.3,10,8.92e+08
6667.6,6714.79,6995.87,6863.67,10,9.14e+08
6662.16,6716.19,7001.38,6862.33,10,9.15e+08
6613.14,6728.26,7051.14,6850.46,10,9.21e+08
6600.72,6730.8,7063.83,6847.84,10,9.22e+08
6587.71,6733.2,7077.13,6845.34,10,9.23e+08
6416.4,6759.28,7253.19,6818.34,10,9.43e+08
6411.68,6759.21,7258.14,6818.36,10,9.44e+08
6440.06,6757.29,7228.58,6823.76,10,9.61e+08
6443.68,6757.76,7224.76,6823.58,10,9.62e+08
6476.62,6756.39,7191.01,6826.93,10,9.71e+08
6494.14,6752.44,7175.16,6831.11,10,9.81e+08
6504.2,6750.43,7165.16,6833.4,10,9.83e+08
6523.09,6745.53,7145.97,6838.88,10,9.85e+08
6531.59,6762.17,7141.39,6822.31,11,3e+06
6529.28,6764.63,7143.99,6819.79,11,4e+06
6503.45,6786.74,7175.58,6796.78,11,2.2e+07
6501.3,6787.72,7178.14,6795.69,11,2.3e+07
6523.03,6805.49,7160.06,6779.2,11,4.2e+07
6518.78,6807.01,7164.86,6777.47,11,4.3e+07
6499.05,6822.82,7189.25,6761.22,11,5.6e+07
6469.28,6831,7221.94,6752.18,11,6.1e+07
6468.49,6831.84,7223.03,6751.35,11,6.2e+07
6574.08,6852.54,7116.29,6737.01,11,8.6e+07
6574.83,6852.51,7115.89,6737.01,11,8.7e+07
6807.22,6827.38,6878.82,6768.93,11,1.06e+08
6826.31,6826.51,6859.12,6770.3,11,1.07e+08
7031.42,6797.85,6648.76,6803,11,1.16e+08
7255.02,6782,6420,6821.4,11,1.26e+08
7268.26,6782.45,6406.54,6821.03,11,1.27e+08
7476.83,6760.13,6197.05,6841.81,11,1.45e+08
7482.01,6758.54,6191.85,6843.35,11,1.46e+08
7552.16,6742.94,6122.75,6856.8,11,1.54e+08
7737.81,6701.87,5944.1,6887.93,11,1.64e+08
7757.48,6698.31,5925.45,6890.13,11,1.65e+08
7707.06,6726.26,5976.21,6859.16,11,1.83e+08
7698.92,6726.6,5983.97,6859.11,11,1.84e+08
7637.46,6737.64,6050.12,6841.92,11,2.02e+08
7629.86,6739.47,6057.79,6839.98,11,2.03e+08
7623.89,6739.41,6063.72,6840.06,11,2.04e+08
7430.92,6768.75,6252.26,6815.83,11,2.22e+08
7412.34,6769.45,6269.66,6816.39,11,2.23e+08
6879.87,6845.35,6776.47,6767.98,11,2.44e+08
6870.45,6843.72,6785.77,6769.8,11,2.45e+08
6628.63,6869.16,7025.92,6746.61,11,2.64e+08
6617.2,6870.66,7037.33,6745.13,11,2.65e+08
6588.45,6844.86,7068.84,6767.97,11,2.84e+08
6587.11,6843.74,7070.35,6768.92,11,2.85e+08
6588.11,6840.83,7069.5,6771.65,11,2.86e+08
6620.97,6808.75,7040.19,6800.77,11,3.04e+08
6619.27,6803.47,7042.48,6805.6,11,3.06e+08
6593.02,6782.35,7073.28,6823.57,11,3.19e+08
6600.83,6768.48,7068.01,6835.85,11,3.27e+08
6603,6764.73,7066.2,6839.35,11,3.28e+08
6777.46,6710.58,6893.03,6894.04,11,3.47e+08
6786.1,6709.63,6884.38,6895.06,11,3.48e+08
6871.89,6688.99,6800.26,6915.32,11,3.62e+08
6849.48,6697.17,6824.32,6906.06,11,3.67e+08
6835.07,6702.57,6839.21,6900.31,11,3.68e+08
6814.8,6684.22,6863.86,6916.07,11,3.82e+08
6895.52,6665.33,6782.47,6935.99,11,3.88e+08
6900.13,6670.29,6777.67,6931.24,11,3.89e+08
7065.03,6644.57,6613.08,6958.19,11,4.09e+08
7073.67,6642.9,6604.5,6959.86,11,4.1e+08
7204.25,6627.8,6475.43,6974.82,11,4.29e+08
7214.1,6625.66,6465.7,6976.89,11,4.3e+08
7262.74,6630.08,6420.11,6970.8,11,4.5e+08
7260.71,6631.05,6422.31,6969.71,11,4.51e+08
7236.21,6635.02,6448.31,6965.04,11,4.61e+08
7280.1,6627.7,6407.21,6970.67,11,4.71e+08
7284.28,6630.07,6403.43,6968.01,11,4.72e+08
7286.1,6640.06,6403.95,6956.81,11,4.81e+08
7255.51,6646.45,6435.61,6950.28,11,4.89e+08
7252.21,6646.11,6439.01,6950.61,11,4.9e+08
7250.4,6645.47,6440.97,6951.21,11,4.91e+08
7059.84,6683.2,6631.19,6915.61,11,5.09e+08
7054.25,6683.8,6636.9,6915,11,5.1e+08
7040.12,6690.49,6651.16,6908.29,11,5.11e+08
6979.17,6692.73,6713.02,6907.27,11,5.29e+08
6978.62,6696.5,6713.76,6903.48,11,5.3e+08
7012.12,6691.47,6681.18,6908.91,11,5.38e+08
7039.15,6687.21,6654.8,6914.38,11,5.5e+08
7036.16,6689.06,6657.82,6912.6,11,5.51e+08
7222.3,6648.01,6474.59,6955.37,11,5.7e+08
7228.06,6646.01,6469.01,6957.39,11,5.71e+08
7183.08,6648.54,6515.52,6955.97,11,5.89e+08
7173.84,6650.67,6524.79,6953.88,11,5.9e+08
7031.79,6673.48,6665.81,6932.19,11,5.99e+08
6793.64,6706.13,6901.67,6901.26,11,6.11e+08
6593.58,6738.08,7100.41,6870.64,11,6.29e+08
6585.33,6739.11,7108.63,6869.61,11,6.3e+08
6311.74,6792.25,7383.41,6813.1,11,6.5e+08
6295.15,6799.28,7400.08,6805.9,11,6.51e+08
6207.7,6807.55,7488.89,6794.63,11,6.7e+08
6205.4,6806.55,7491.46,6795.18,11,6.72e+08
6332.57,6792.19,7358.12,6815.52,11,6.91e+08
6337.85,6793.43,7352.59,6814.51,11,6.92e+08
6349.19,6806.77,7347.73,6795.07,11,7.13e+08
6354.97,6805.18,7342.14,6796.52,11,7.14e+08
6367.91,6813.65,7330.87,6786.94,11,7.22e+08
6440.13,6799.16,7260.19,6800.91,11,7.34e+08
6450.74,6799.34,7249.18,6801.21,11,7.35e+08
6565.72,6795.89,7131.62,6808.59,11,7.48e+08
6603.66,6801.7,7092.98,6804.09,11,7.54e+08
6605.58,6802.76,7091.27,6802.88,11,7.55e+08
6569.96,6835.66,7131.87,6766.74,11,7.73e+08
6558.12,6841.23,7144.3,6760.74,11,7.75e+08
6598.54,6831.44,7103.68,6771.27,11,7.81e+08
6701.56,6836.28,6998.58,6769.78,11,7.94e+08
6707.94,6839.68,6991.96,6766.69,11,7.95e+08
6705.6,6873.14,6995.72,6733.85,11,8.14e+08
6697.62,6877.45,7003.86,6729.47,11,8.15e+08
6701.89,6893.87,7001.16,6713.57,11,8.34e+08
6705.78,6895.61,6997.27,6711.89,11,8.35e+08
6744.54,6897.58,6958.79,6710.48,11,8.43e+08
6746.22,6904.56,6957.19,6703.6,11,8.45e+08
6767.62,6901.48,6935.94,6706.82,11,8.48e+08
6823.48,6899.98,6880.51,6708.8,11,8.57e+08
6876.17,6900.73,6828.08,6708.51,11,8.65e+08
6880.41,6900.35,6823.89,6708.93,11,8.66e+08
6894.25,6909.14,6810.16,6700.72,11,8.73e+08
6892.57,6913.53,6811.41,6697.93,11,8.84e+08
6896.11,6913.51,6807.88,6697.99,11,8.85e+08
6675.95,6971.2,7024.81,6646.46,11,9.05e+08
6664.06,6971.22,7036.48,6646.79,11,9.06e+08
6585.52,6985.39,7114.6,6634.29,11,9.15e+08
6520.4,7005.69,7180.54,6614.36,11,9.26e+08
6513.33,7005.89,7187.68,6614.21,11,9.27e+08
6384.86,7028.69,7319.12,6591.11,11,9.46e+08
6386.63,7028.16,7317.57,6591.5,11,9.47e+08
6469.08,7006.31,7236.72,6612.26,11,9.57e+08
6579.16,6995.57,7126.43,6622.76,11,9.64e+08
6596.47,6990.33,7109.14,6627.94,11,9.65e+08
6822.7,6947.08,6881.8,6671.33,11,9.76e+08
7052.89,6905.07,6650.05,6713.33,11,9.83e+08
7080.75,6899.77,6622.04,6718.58,11,9.84e+08
7296.16,6852.73,6406.06,6764.72,11,9.91e+08
7558.48,6804.31,6145.09,6809.2,12,3e+06
7571.32,6801.36,6132.34,6811.91,12,4e+06
7613.66,6795.99,6087.44,6817.16,12,2.2e+07
7600.71,6800.58,6099.89,6812.93,12,2.3e+07
7461.48,6822.61,6230.88,6798.48,12,3.2e+07
7337.18,6825.84,6348.4,6801.5,12,4.2e+07
7330.06,6824.81,6355.35,6802.63,12,4.3e+07
7289.3,6807.29,6402.68,6813.15,12,6.1e+07
7281.9,6811.23,6410.65,6808.62,12,6.2e+07
7247.51,6806.14,6447.66,6811.43,12,7.2e+07
7183.72,6821.68,6513.73,6794.16,12,8.2e+07
7171.52,6822.84,6525.62,6793.34,12,8.3e+07
7104.19,6826.96,6591.88,6790.76,12,9e+07
7069.35,6820.37,6628.43,6796.39,12,1e+08
7065.25,6820.48,6632.73,6796.12,12,1.01e+08
7054.35,6791.59,6647,6823.17,12,1.19e+08
7065.4,6784.8,6636.32,6829.67,12,1.2e+08
7072.84,6778.74,6631.58,6834.04,12,1.3e+08
7081.74,6756.36,6623.62,6856.28,12,1.38e+08
7082.36,6757.85,6623.38,6854.52,12,1.39e+08
6961.33,6756.53,6744.84,6857.3,12,1.58e+08
6948.79,6761.86,6757.49,6851.95,12,1.59e+08
6938.46,6756.64,6767.77,6857.37,12,1.61e+08
6822.04,6763.25,6884.07,6852.33,12,1.77e+08
6806.84,6764.63,6899.13,6851.11,12,1.78e+08
6588.88,6781.49,7115.68,6836.44,12,1.96e+08
6584.12,6779.87,7120.43,6838.09,12,1.97e+08
6539.44,6784.27,7164.91,6834.37,12,2.06e+08
6505.51,6781.54,7198.62,6837.57,12,2.15e+08
6504.82,6780.24,7199.28,6838.91,12,2.16e+08
6502.5,6766.1,7201.15,6854.24,12,2.34e+08
6505.36,6764.81,7198.24,6855.6,12,2.35e+08
6452.79,6778.05,7254.63,6839.61,12,2.52e+08
6446.76,6778.89,7261.13,6838.34,12,2.53e+08
6437.33,6782.39,7271.01,6834.42,12,2.54e+08
6344.53,6798.93,7371.23,6812.06,12,2.72e+08
6348.77,6798.46,7366.89,6812.68,12,2.73e+08
6629.18,6752.73,7073.94,6872.03,12,2.92e+08
6649.31,6750.05,7052.83,6875.68,12,2.93e+08
6771.53,6731.04,6925.36,6900.1,12,2.99e+08
6951.69,6721.02,6738.47,6916.99,12,3.11e+08
6960.71,6721.71,6729.25,6916.49,12,3.12e+08
7054.97,6708.68,6634.23,6930.38,12,3.21e+08
7169.89,6689.49,6518.61,6950.11,12,3.3e+08
7188.76,6685.46,6499.62,6954.21,12,3.31e+08
7411.05,6640.53,6277.8,6998.41,12,3.43e+08
7516.73,6638.26,6173.71,6999.04,12,3.49e+08
7528.33,6636.89,6162.41,7000.07,12,3.5e+08
7494.06,6670.4,6200.65,6961.99,12,3.68e+08
7485.58,6671.92,6209.13,6960.38,12,3.69e+08
7296.23,6707.07,6401.08,6922.52,12,3.92e+08
7289.8,6709.76,6407.91,6919.47,12,3.93e+08
7227.04,6716.99,6477.44,6907.23,12,4.13e+08
7233.19,6715.25,6471.96,6908.44,12,4.14e+08
7276.51,6711.94,6434.6,6907.56,12,4.23e+08
7301.16,6714.46,6414.4,6902.42,12,4.32e+08
7299.61,6715.31,6416.23,6901.41,12,4.33e+08
7259.73,6725.09,6458.16,6891.37,12,4.44e+08
7272.96,6700.24,6446.69,6915.95,12,4.52e+08
7288.11,6694.13,6432.34,6921.58,12,4.53e+08
7494.45,6639.58,6237.89,6969.77,12,4.65e+08
7607.76,6609.3,6130.49,6997.29,12,4.71e+08
7626.56,6605.13,6112.73,7000.96,12,4.72e+08
7694.86,6596.33,6049.57,7008.25,12,4.8e+08
7651.9,6606.2,6093.04,7000.15,12,4.9e+08
7646.43,6602.89,6098.05,7003.94,12,4.91e+08
7573.16,6613.88,6170.05,6995.44,12,4.99e+08
7454.34,6627.27,6285.67,6986.08,12,5.08e+08
7439.45,6627.63,6300.01,6986.26,12,5.09e+08
7307.79,6620.99,6430.43,6997.23,12,5.25e+08
7298.52,6623.69,6439.89,6994.61,12,5.26e+08
7294.2,6620.97,6444.19,6997.53,12,5.27e+08
7138.86,6627.76,6598.39,6996.45,12,5.48e+08
6932.54,6653.69,6801.1,6975.47,12,5.65e+08
6923.25,6654.21,6810.27,6975.15,12,5.66e+08
6910.4,6657.33,6823.01,6972.21,12,5.67e+08
6524.8,6709.79,7203.56,6920.11,12,5.85e+08
6507.19,6708.82,7220.98,6920.82,12,5.86e+08
6356.48,6733.79,7370.58,6894.54,12,5.96e+08
6217.75,6757.36,7510.11,6866.82,12,6.04e+08
6196.38,6763.23,7531.71,6860.25,12,6.05e+08
6078.87,6776.48,7650.73,6841.76,12,6.15e+08
6017.49,6782.17,7712.76,6832.65,12,6.24e+08
6010.34,6784.57,7719.92,6829.96,12,6.25e+08
5971.67,6786.33,7760.37,6821.87,12,6.43e+08
5967.17,6783.1,7766.07,6823.38,12,6.44e+08
5884.41,6799.97,7862.74,6786.51,12,6.62e+08
5877.87,6801.56,7870.42,6783.39,12,6.63e+08
5828.24,6839.28,7930.13,6730.9,12,6.81e+08
5821.88,6844.33,7937.07,6725,12,6.82e+08
5769.95,6869.25,7996.54,6690.48,12,6.9e+08
5758.95,6866.72,8014.97,6683.45,12,6.99e+08
5757.83,6870.39,8016.1,6679.59,12,7e+08
5955.1,6849.7,7806.85,6710.76,12,7.17e+08
5974.55,6848.57,7785.82,6713.39,12,7.18e+08
6226.12,6869.41,7516.78,6709.34,12,7.37e+08
6240,6872.77,7501.65,6707.18,12,7.38e+08
6286.48,6901.48,7453.83,6679.61,12,7.47e+08
6277.11,6935.21,7466.01,6642.93,12,7.57e+08
6278.29,6935.4,7465.35,6642.2,12,7.58e+08
6105.57,6998.93,7652.29,6565.4,12,7.75e+08
6096.65,7003.43,7661.69,6560.46,12,7.76e+08
6104.45,7010.39,7654.67,6553.23,12,7.84e+08
6181.28,7021.82,7574.21,6545.64,12,7.93e+08
6188.5,7023.59,7566.76,6544.1,12,7.94e+08
6245.51,7049.14,7508.13,6520.8,12,8.04e+08
6256.12,7086.37,7498.53,6483.79,12,8.14e+08
6255.62,7088.09,7499.51,6481.77,12,8.15e+08
6260.43,7099.94,7495.92,6469.54,12,8.2e+08
6335.28,7117.12,7421.13,6454.42,12,8.35e+08
6343.66,7118.99,7412.53,6452.8,12,8.36e+08
6429.38,7122.38,7325.35,6451.97,12,8.46e+08
6530.31,7116.71,7222.38,6460.14,12,8.54e+08
6544.22,7116.14,7208.21,6460.95,12,8.55e+08
6738.65,7114.48,7008.44,6468.41,12,8.72e+08
6748.92,7116.16,6997.87,6466.93,12,8.73e+08
6755.25,7119.09,6991.26,6464.24,12,8.74e+08
6875.62,7104.03,6867.65,6482.57,12,8.85e+08
6971.49,7096.87,6769.77,6490.98,12,8.93e+08
6983.22,7093.63,6757.78,6494.44,12,8.94e+08
7159.32,7071.36,6577.58,6519.83,12,9.12e+08
7170.28,7072.83,6566.78,6517.95,12,9.13e+08
7235.81,7075.11,6499.6,6516.42,12,9.22e+08
7278.99,7068.35,6454.31,6524.74,12,9.3e+08
7293.52,7063.38,6439.94,6529.35,12,9.31e+08
7338.93,7061.08,6394.84,6530.07,12,9.4e+08
7316.43,7056.48,6413.04,6538.97,12,9.48e+08
7307.86,7057.14,6420.79,6539.17,12,9.49e+08
7404.82,6995.75,6327.2,6595.83,12,9.67e+08
7419.25,6991.74,6314.01,6598.32,12,9.68e+08
7495.01,6979.19,6245.49,6602.13,12,9.75e+08
7440.71,6990.37,6293.88,6597.05,12,9.86e+08
7435.55,6990.87,6298.54,6597.04,12,9.87e+08
7336.8,7007.82,6389.55,6588.6,12,9.96e+08
7272.63,6993.48,6448.82,6608.61,13,6e+06
7267,6992.56,6454.39,6609.58,13,7e+06
7258.61,6949.04,6465.51,6650.55,13,2.1e+07
7249.68,6945.31,6475.8,6652.86,13,2.5e+07
7243.77,6944.04,6481.53,6654.33,13,2.6e+07
7229.18,6934.55,6495.59,6664.55,13,3e+07
7171.49,6911.36,6551.2,6690.82,13,4.4e+07
7172.34,6908.52,6550.55,6693.45,13,4.5e+07
7201.15,6872.48,6526.66,6725,13,6.4e+07
7197.19,6872.17,6530.6,6725.33,13,6.5e+07
7175.21,6839.84,6551.6,6759.55,13,7.7e+07
7203.26,6814,6526.18,6783,13,8.5e+07
7206.14,6808.92,6523.4,6788,13,8.6e+07
7188.56,6791.8,6541.2,6805.49,13,9.4e+07
7215.09,6745.74,6515.46,6851.5,13,1.04e+08
7224.33,6742.98,6506.88,6853.55,13,1.05e+08
7557.18,6650.07,6187.86,6932.14,13,1.23e+08
7557.67,6656.25,6187.81,6925.48,13,1.24e+08
7638.51,6612.57,6108.9,6967.19,13,1.42e+08
7646.02,6607.34,6101.64,6972.11,13,1.43e+08
7647.67,6607.21,6100.33,6971.85,13,1.44e+08
7660.54,6564.54,6089.39,7012.47,13,1.59e+08
7631.88,6562.73,6117.16,7015.11,13,1.62e+08
7618.62,6561.95,6129.83,7016.41,13,1.63e+08
7358.01,6574.44,6381.39,7012.86,13,1.81e+08
7339.96,6574.71,6398.7,7013.25,13,1.82e+08
7019.4,6612.09,6710.02,6984.73,13,2e+08
7001.13,6612.99,6727.76,6984.27,13,2.01e+08
6985.11,6612.91,6743.31,6984.75,13,2.02e+08
6802.81,6614.85,6919.15,6988.98,13,2.21e+08
6795.28,6618.98,6926.45,6985.08,13,2.22e+08
6785.26,6611.83,6933.85,6995.06,13,2.32e+08
6767.56,6614.24,6949.64,6994.68,13,2.4e+08
6764.34,6615.33,6952.65,6993.78,13,2.41e+08
6706.35,6607.98,7009.59,7002.55,13,2.6e+08
6701.41,6610.3,7014.46,7000.33,13,2.61e+08
6765.4,6591.24,6947.98,7023.83,13,2.8e+08
6764.8,6590.66,6948.74,7024.28,13,2.81e+08
6762.11,6591.67,6951.57,7023.15,13,2.82e+08
6833.4,6573.79,6880.52,7042.77,13,2.99e+08
6841.05,6574.68,6872.6,7042.31,13,3e+08
6843.35,6578.14,6870.13,7039.16,13,3.01e+08
6866.28,6579.3,6848.5,7037.94,13,3.11e+08
6897.63,6574.2,6817.85,7043.43,13,3.19e+08
6905.24,6570.9,6810.36,7046.71,13,3.2e+08
6978.28,6569.61,6736.6,7050.88,13,3.31e+08
7023.98,6564.48,6691.76,7056.7,13,3.4e+08
7042.39,6556.93,6673.28,7064.51,13,3.41e+08
7056.21,6556.21,6659.2,7065.75,13,3.42e+08
7361.06,6532.22,6351.19,7099.41,13,3.6e+08
7375.55,6529.96,6336.78,7101.89,13,3.61e+08
7297.61,6553.17,6420.88,7074.21,13,3.8e+08
7285.54,6559.26,6433.25,7067.86,13,3.81e+08
7136.27,6595.84,6585.2,7028.24,13,3.92e+08
7040.35,6618.07,6682.62,7004.4,13,3.99e+08
7025.21,6622.19,6697.97,7000.04,13,4e+08
6975.63,6633.41,6748.03,6988.17,13,4.03e+08
6639.85,6694.18,7084.73,6923.51,13,4.19e+08
6621.16,6696.66,7103.44,6920.74,13,4.2e+08
6412.75,6746.25,7311.63,6868.69,13,4.37e+08
6406.41,6749.11,7317.91,6865.75,13,4.38e+08
6396.97,6754.18,7327.3,6860.6,13,4.39e+08
6433.4,6764.29,7286.26,6854.81,13,4.56e+08
6443.09,6763.81,7276.04,6855.88,13,4.57e+08
6448.81,6766.05,7269.81,6854.23,13,4.58e+08
6603.74,6741.01,7110.57,6885.16,13,4.75e+08
6616.99,6743.99,7096.6,6883.15,13,4.76e+08
6634.76,6741.6,7078.31,6886.29,13,4.77e+08
6856.15,6728.45,6852.14,6908.12,13,4.92e+08
6926.51,6724.3,6781.01,6914.4,13,4.97e+08
6932.89,6726.11,6774.68,6912.72,13,4.98e+08
6950.2,6724.36,6760.31,6912.24,13,5.07e+08
7000.35,6722.08,6711.34,6914.75,13,5.16e+08
7005.81,6717.95,6706.13,6918.64,13,5.17e+08
7012.79,6715.21,6699.34,6921.27,13,5.18e+08
6922.42,6753.25,6793.95,6879.95,13,5.37e+08
6904.67,6757.27,6811.9,6875.54,13,5.38e+08
6620.15,6804.64,7099.71,6822.48,13,5.56e+08
6602.16,6808.36,7117.86,6818.42,13,5.57e+08
6108.07,6904.46,7617.09,6710.51,13,5.76e+08
6087.32,6908.68,7638.19,6705.58,13,5.77e+08
6066.64,6913.7,7659.19,6699.88,13,5.78e+08
5906.43,6954.11,7823.18,6652.61,13,5.87e+08
5818.52,6979.02,7914.75,6621.47,13,5.95e+08
5806.21,6982.82,7927.62,6616.76,13,5.96e+08
5795,6984.78,7939.5,6613.74,13,5.97e+08
5793.12,6964.19,7947.89,6622.59,13,6.16e+08
5798.07,6967.48,7942.47,6619.55,13,6.17e+08
5918.3,6955.7,7819.34,6632.58,13,6.27e+08
6008.78,6972.5,7726.96,6616.65,13,6.36e+08
6013.95,6974.75,7722.19,6613.83,13,6.37e+08
6197.37,6981.27,7539.46,6605.57,13,6.55e+08
6215.73,6978.28,7520.64,6608.95,13,6.56e+08
6488.92,6950.64,7238.63,6645.07,13,6.74e+08
6502.74,6950.45,7224.29,6645.71,13,6.75e+08
6678.34,6958.93,7044.59,6641.57,13,7.01e+08
6681.16,6957.74,7041.91,6642.63,13,7.02e+08
6683.54,6958.35,7039.59,6641.96,13,7.03e+08
6680.5,6990.13,7041.97,6611.87,13,7.21e+08
6670.52,6996.44,7051.86,6605.77,13,7.23e+08
6614.49,7016.8,7107.9,6586.23,13,7.3e+08
6641.29,7021.11,7081.77,6582.5,13,7.44e+08
6743.34,7028.24,6982.21,6574.26,13,7.62e+08
6736.52,7034.79,6989.17,6567.64,13,7.63e+08
6575.17,7072.92,7150.05,6533.5,13,7.79e+08
6552.88,7077.45,7172.2,6529.56,13,7.81e+08
6544.3,7078.16,7180.71,6529.11,13,7.82e+08
6686.2,7056.78,7042.5,6547.8,13,8e+08
6694.58,7058.06,7034.35,6546.21,13,8.01e+08
6887.47,7028.1,6844.37,6573.77,13,8.2e+08
6895.26,7027.87,6836.7,6573.86,13,8.21e+08
6864.76,7036.12,6864.33,6570.87,13,8.39e+08
6853.79,7038.03,6874.9,6569.52,13,8.4e+08
6630.54,7063.08,7091.32,6556.39,13,8.58e+08
6626.93,7062.61,7094.91,6557.02,13,8.59e+08
6587.63,7066.83,7134.35,6554.34,13,8.67e+08
6662.3,7046.73,7062.89,6571.67,13,8.77e+08
6665.31,7047.71,7060.15,6570.39,13,8.78e+08
6707.57,7035.66,7019.92,6581.23,13,8.87e+08
6770.03,7014.35,6959.75,6601.33,13,8.97e+08
6786.79,7008.99,6943.32,6606.33,13,8.98e+08
6887.6,6991.48,6844.91,6621.28,13,9.06e+08
7082.87,6954.5,6652.98,6653.47,13,9.16e+08
7099.93,6951.48,6636.21,6656.02,13,9.17e+08
7291.67,6898.31,6445.31,6706.81,13,9.35e+08
7295.51,6896.64,6441.36,6708.52,13,9.36e+08
7405.73,6857.54,6332.35,6745.23,13,9.45e+08
7537.1,6832.54,6204.63,6764.51,13,9.54e+08
7547.7,6832.9,6194.52,6763.39,13,9.55e+08
7614.15,6816.41,6127.95,6777.46,13,9.73e+08
7617.14,6813.98,6125.09,6779.58,13,9.74e+08
7708.84,6733.06,6039.24,6852.28,13,9.92e+08
7719.13,6731.2,6030.47,6852.38,13,9.93e+08
7590.91,6736.42,6154.28,6850.5,14,1.1e+07
7576.75,6738.7,6167.67,6848.91,14,1.2e+07
7403.87,6770,6330.43,6827.77,14,2.1e+07
7259.98,6782.53,6467.48,6822.34,14,3.1e+07
7237.65,6789.27,6489.4,6815.99,14,3.2e+07
6916.33,6797.23,6796.72,6822.45,14,5.1e+07
6911.59,6795.27,6801.48,6824.35,14,5.2e+07
6848.1,6784.24,6866.08,6834.47,14,6.6e+07
6821.4,6775.32,6891.98,6844.16,14,7.2e+07
6822.13,6773.81,6891.3,6845.58,14,7.3e+07
6923.74,6735.84,6791.18,6882.11,14,8.2e+07
6907.69,6737.98,6807.2,6880.15,14,9.2e+07
6900.09,6738.11,6814.77,6880.04,14,9.3e+07
6820.38,6710.64,6896.11,6906.79,14,1.11e+08
6823.87,6709.38,6892.75,6907.95,14,1.12e+08
6851.12,6693.71,6867.63,6922.71,14,1.27e+08
6837.74,6691.18,6881.68,6924.75,14,1.3e+08
6833.8,6690.56,6885.82,6925.2,14,1.31e+08
6895.36,6659.6,6826.4,6956,14,1.51e+08
6896.11,6658.83,6825.8,6956.67,14,1.52e+08
6885.07,6648.21,6840.36,6965.79,14,1.72e+08
6888.49,6647.26,6837.01,6966.73,14,1.73e+08
6889.98,6647.9,6835.57,6966.1,14,1.74e+08
6956.65,6635.91,6770.21,6978.92,14,1.92e+08
6960.96,6634.73,6765.96,6980.11,14,1.93e+08
6996.42,6633.11,6731.34,6982.61,14,2.07e+08
6986.67,6633.92,6741.78,6981.45,14,2.11e+08
6979.86,6635.58,6748.81,6979.6,14,2.12e+08
6780.37,6674.58,6952.96,6937.05,14,2.3e+08
6764.93,6677.96,6968.64,6933.42,14,2.31e+08
6582.25,6703.1,7154.17,6905.64,14,2.43e+08
6525.31,6707.12,7211.82,6900.98,14,2.49e+08
6520.49,6709.06,7216.56,6899.12,14,2.5e+08
6444.71,6757.04,7290.64,6853.22,14,2.68e+08
6429.34,6761.03,7306.55,6848.6,14,2.69e+08
6387.88,6772.85,7349.17,6835.44,14,2.83e+08
6409.77,6772.81,7325.7,6837.09,14,2.87e+08
6419.06,6771.06,7315.92,6839.3,14,2.88e+08
6422.11,6778.11,7312.99,6832.67,14,3.06e+08
6428.35,6776.98,7306.56,6833.99,14,3.07e+08
6691.99,6761.14,7032.13,6861.86,14,3.25e+08
6714.06,6758.92,7009.22,6864.96,14,3.26e+08
7010.68,6746.37,6702.98,6888.38,14,3.45e+08
7016.55,6747.45,6697.04,6887.38,14,3.46e+08
7129.15,6724.66,6583.35,6911.55,14,3.55e+08
7216.84,6721.69,6495.23,6915.08,14,3.64e+08
7227.52,6721.71,6484.55,6915.04,14,3.65e+08
7303.12,6714.83,6409.38,6921.61,14,3.71e+08
7493.68,6713.93,6222.46,6919.46,14,3.85e+08
7501.14,6713.84,6215.32,6919.24,14,3.86e+08
7615.53,6689.54,6106.15,6939.03,14,3.97e+08
7671.32,6674.51,6054.26,6950.69,14,4.03e+08
7676.02,6673.99,6050.2,6950.63,14,4.04e+08
7741.46,6646.53,5991.32,6972.62,14,4.14e+08
7724.18,6650.91,6011.47,6966.01,14,4.22e+08
7721,6649.57,6014.69,6967.29,14,4.23e+08
7640.04,6676.89,6095.05,6940.82,14,4.31e+08
7528,6705.03,6204.84,6915.11,14,4.41e+08
7517.6,6707.47,6215.14,6912.77,14,4.42e+08
7408.53,6741.31,6324.63,6879.28,14,4.51e+08
7156.26,6766.53,6564.96,6864.15,14,4.6e+08
7135.19,6767.29,6585.17,6864.07,14,4.61e+08
6805.95,6802.15,6905.45,6836.47,14,4.78e+08
6791.44,6802.95,6919.6,6835.87,14,4.79e+08
6501.19,6854.14,7204.71,6786.65,14,4.93e+08
6403.65,6868.95,7301.14,6771.54,14,4.97e+08
6388.94,6865.52,7315.62,6774.8,14,4.98e+08
6326.25,6865.29,7378.37,6773.88,14,5.03e+08
6144.53,6876.78,7562.71,6756.36,14,5.16e+08
6138.63,6870.96,7568.99,6761.42,14,5.17e+08
6154.71,6856.14,7554.54,6772.53,14,5.32e+08
6171.97,6851.97,7537.29,6776.45,14,5.34e+08
6180.4,6852.13,7528.68,6776.37,14,5.35e+08
6267.47,6843.46,7439.98,6786.49,14,5.42e+08
6391.72,6837.11,7313.91,6794.89,14,5.53e+08
6402.76,6833.47,7303.04,6798.28,14,5.54e+08
6483.1,6808.49,7228.42,6817.33,14,5.71e+08
6488.54,6807.25,7223.13,6818.38,14,5.72e+08
6512.73,6800.98,7200.87,6822.87,14,5.79e+08
6584.12,6782.87,7130.86,6840.04,14,5.89e+08
6588.96,6782.32,7126.19,6840.4,14,5.9e+08
6764.95,6762.78,6948.94,6862.65,14,6.05e+08
6791.34,6768.62,6922.91,6856.86,14,6.1e+08
6794.56,6768.71,6919.93,6856.54,14,6.11e+08
6788.8,6777.21,6930.42,6843.91,14,6.29e+08
6793.21,6776.01,6926.43,6844.78,14,6.32e+08
6878.26,6766.78,6841.23,6855.24,14,6.42e+08
6891.57,6780.99,6828.76,6841,14,6.5e+08
6897.44,6778.9,6823.03,6843,14,6.51e+08
7055.45,6763.74,6666.39,6859.48,14,6.69e+08
7074.5,6762.94,6647.34,6860.49,14,6.7e+08
7248.26,6747.17,6474.25,6877.87,14,6.78e+08
7293.67,6748.09,6430.08,6877.31,14,6.88e+08
7300.53,6745.7,6423.35,6879.67,14,6.89e+08
7332.36,6745.18,6392.78,6880.2,14,6.97e+08
7332.42,6750.41,6393.31,6875.42,14,7.07e+08
7326.46,6754.86,6399.32,6870.97,14,7.08e+08
7158.04,6804.13,6564.78,6825.32,14,7.26e+08
7144.07,6804.33,6578.22,6825.54,14,7.27e+08
6931.64,6828.89,6787.12,6804.55,14,7.44e+08
6925.34,6827.83,6793.39,6805.63,14,7.45e+08
6828.7,6847.12,6889.56,6786.9,14,7.53e+08
6671.53,6871.97,7044.07,6763.53,14,7.62e+08
6658.41,6874.51,7057.08,6760.98,14,7.63e+08
6546.36,6882.17,7169.88,6752.01,14,7.81e+08
6545.91,6883.92,7170.5,6750.12,14,7.82e+08
6574.54,6872.75,7144.73,6759.16,14,8e+08
6570.8,6874.22,7148.63,6757.46,14,8.01e+08
6483.8,6884.4,7238.48,6743.6,14,8.1e+08
6409.1,6892.13,7316.67,6731.7,14,8.2e+08
6402.19,6895.1,7323.87,6728.4,14,8.21e+08
6370.51,6899.48,7359.57,6719.84,14,8.38e+08
6379.76,6895.37,7350.34,6723.93,14,8.39e+08
6378.98,6900.2,7351.04,6719.21,14,8.4e+08
6250.06,6895.7,7488.73,6714.18,14,8.62e+08
6247.87,6899.71,7490.85,6710.24,14,8.63e+08
6368.57,6883.75,7369.38,6727.57,14,8.82e+08
6391.66,6882.99,7345.34,6729.32,14,8.83e+08
6393.46,6930.6,7346.56,6679.44,14,9.01e+08
6383.98,6931.55,7356.91,6677.6,14,9.02e+08
6373.93,6933.52,7367.74,6674.81,14,9.03e+08
6286.39,6939.7,7463.94,6661.07,14,9.22e+08
6284.58,6941.86,7465.8,6658.88,14,9.23e+08
6182.76,6955.93,7575.3,6639.01,14,9.43e+08
6186.31,6957.73,7571.68,6637.3,14,9.44e+08
6267.7,6979.7,7488.31,6618.2,14,9.57e+08
6290.14,6986.17,7466.17,6611.84,14,9.62e+08
6290.69,6990.97,7465.6,6607.09,14,9.63e+08
6320.3,6998.92,7436.41,6599.38,14,9.7e+08
6405.98,6995.79,7349.14,6604.94,14,9.81e+08
6411.25,6996.12,7343.82,6604.71,14,9.82e+08
