6944.64,36.2411,11.6902,0.0656375,5,1.22e+08
6941.35,-18.4569,-11.6951,0.0673642,5,1.27e+08
6944.7,17.1747,11.7045,0.0674404,5,1.3e+08
6944.87,-28.8533,-11.5693,0.0675613,5,1.4e+08
6941.9,7.03913,10.1773,0.0694152,5,1.53e+08
6942.85,0.662275,-11.3321,0.0695346,5,1.55e+08
6943.21,7.90353,-7.13948,-21.4573,5,1.71e+08
6943.22,-0.385192,6.66367,-2.99187,5,1.73e+08
6943.54,16.4079,9.87589,-2.92776,5,1.74e+08
6943.38,-6.24703,-3.58544,-30.935,5,1.82e+08
6942.42,38.3889,14.9686,-41.4869,5,1.92e+08
6942.47,56.9467,19.9474,-40.6588,5,1.93e+08
6940.99,155.001,59.7563,-36.1866,5,2.12e+08
6940.98,152.637,57.5553,-35.2978,5,2.13e+08
6940.37,92.2429,16.2238,-24.6887,5,2.26e+08
6940.35,85.0614,14.7408,-24.0048,5,2.27e+08
6940.33,84.9255,11.8952,-23.3273,5,2.28e+08
6940.3,81.7333,10.3418,-22.6698,5,2.29e+08
6939.83,65.3552,4.06388,-17.2721,5,2.38e+08
6939.29,80.4799,5.77109,-12.6016,5,2.48e+08
6939.27,74.1831,5.87983,-12.2069,5,2.49e+08
6938.5,54.0831,-3.8919,-7.62089,5,2.63e+08
6938.02,62.8851,-0.331223,-5.58007,5,2.72e+08
6938,57.5455,1.63022,-5.39136,5,2.73e+08
6937.65,92.7551,12.9187,-4.20108,5,2.8e+08
6937.62,102.539,17.6233,-4.06255,5,2.81e+08
6937.13,179.149,53.1674,-2.87805,5,2.91e+08
6937.11,195.488,61.0835,-2.78787,5,2.92e+08
6936.16,189.37,58.798,-1.41805,5,3.09e+08
6936.08,192.643,65.009,-1.3392,5,3.11e+08
6936.05,198.278,65.7111,-1.29131,5,3.12e+08
6935.01,207.327,76.7954,-0.691223,5,3.31e+08
6934.98,197.398,75.3028,-0.662335,5,3.32e+08
6934.02,136.75,46.2333,-0.314625,5,3.5e+08
6934,123.816,44.5784,-0.303719,5,3.51e+08
6933,45.7253,-12.0671,0.0598387,5,3.69e+08
6932.99,60.0279,-7.51235,0.0216975,5,3.7e+08
6932.13,203.402,67.5491,-0.257642,5,3.89e+08
6932.11,202.238,67.6925,-0.246328,5,3.9e+08
6931.06,77.6402,11.64,0.154871,5,4.08e+08
6931.03,70.053,6.85261,0.185029,5,4.09e+08
6930.44,-13.0252,-34.8279,0.405666,5,4.19e+08
6929.94,-127.183,-88.3463,0.590222,5,4.27e+08
6929.9,-149.578,-97.066,0.614809,5,4.28e+08
6929.36,-245.249,-156.523,0.741258,5,4.36e+08
6928.76,-224.604,-145.566,0.943779,5,4.46e+08
6928.74,-221.83,-141.615,0.978689,5,4.47e+08
6928.22,-177.22,-117.27,1.264,5,4.56e+08
6927.71,-122.572,-93.1333,1.53033,5,4.65e+08
6927.68,-115.698,-90.2553,1.56132,5,4.66e+08
6927.41,-103.072,-83.5293,1.58227,5,4.71e+08
6926.64,-166.179,-115.195,0.862082,5,4.84e+08
6926.62,-162.059,-116.667,0.818533,5,4.85e+08
6925.67,-142.853,-90.7674,0.554616,5,5.04e+08
6925.64,-157.919,-95.2241,0.456788,5,5.05e+08
6925.04,-345.635,-177.017,-1.00707,5,5.16e+08
6924.65,-407.627,-210.467,-1.58621,5,5.24e+08
6924.63,-404.381,-210.521,-1.59763,5,5.25e+08
6923.87,-613.527,-287.863,-2.99432,5,5.39e+08
6923.66,-675.007,-319.356,-3.5895,5,5.43e+08
6923.64,-688.348,-327.579,-3.75329,5,5.44e+08
6921.86,-668.31,-301.715,-3.46525,5,5.71e+08
6921.82,-654.158,-295.423,-3.36234,5,5.72e+08
6920.69,-504.521,-176.137,-1.54153,5,5.9e+08
6920.68,-491.09,-175.651,-1.69009,5,5.91e+08
6920.56,-481.174,-166.092,-1.80499,5,5.94e+08
6919.81,-392.034,-119.592,-1.75884,5,6.09e+08
6919.8,-378.326,-119.288,-1.82877,5,6.1e+08
6919.28,-229.677,-51.716,-0.710673,5,6.19e+08
6918.55,53.0799,79.6509,1.54777,5,6.28e+08
6918.48,88.2027,100.687,1.90386,5,6.29e+08
6917.53,370.269,254.55,3.78664,5,6.39e+08
6916.7,626.921,368.371,4.21908,5,6.47e+08
6916.62,650.943,382.803,4.22352,5,6.48e+08
6915.22,941.216,521.87,2.92635,5,6.61e+08
6914.54,997.59,538.98,2.47386,5,6.68e+08
6914.46,1001.86,544.864,2.28762,5,6.69e+08
6913.66,1031.53,580.5,0.903279,5,6.77e+08
6912.65,921.214,559.216,1.37372,5,6.87e+08
6912.58,891.627,549.069,1.78265,5,6.88e+08
6911,407.234,298.061,10.7191,5,7.06e+08
6910.95,384.233,285.26,11.06,5,7.07e+08
6909.97,159.361,166.827,12.4269,5,7.2e+08
6909.59,31.2458,114.443,13.2988,5,7.25e+08
6909.54,-3.69388,102.761,13.5306,5,7.26e+08
6908.88,-211.622,0.056477,15.4381,5,7.34e+08
6907.82,-394.27,-97.1885,14.6299,5,7.47e+08
6907.77,-405.604,-101.857,14.4687,5,7.48e+08
6907.28,-405.993,-111.165,12.8214,5,7.55e+08
6906.43,-260.682,-75.7148,10.5978,5,7.66e+08
6906.38,-232.868,-60.8974,10.4037,5,7.67e+08
6905.15,217.77,141.334,7.53362,5,7.87e+08
6905.13,232.046,147.193,7.41975,5,7.88e+08
6904.57,381.021,188.949,6.1184,5,7.99e+08
6904.13,485.362,221.671,5.03736,5,8.07e+08
6904.1,495.11,224.294,4.91171,5,8.08e+08
6903.05,604.795,266.309,2.31912,5,8.26e+08
6903.01,599.226,263.643,2.25465,5,8.27e+08
6901.73,287.759,85.7164,4.047,5,8.45e+08
6901.68,269.717,72.8526,4.22788,5,8.46e+08
6901.06,43.4115,-32.875,5.51202,5,8.55e+08
6900.39,-188.568,-154.545,6.86005,5,8.64e+08
6900.35,-201.964,-163.808,6.90232,5,8.65e+08
6899.02,-521.916,-321.914,6.31346,5,8.83e+08
6898.98,-522.479,-324.724,6.25533,5,8.84e+08
6897.78,-372.288,-266.63,6.69147,5,9.02e+08
6897.74,-365.748,-259.506,6.80209,5,9.03e+08
6896.67,-361.421,-234.174,5.1847,5,9.21e+08
6896.65,-378.059,-238.638,4.893,5,9.22e+08
6896.62,-391.156,-244.88,4.54404,5,9.23e+08
6895.85,-558.818,-320.36,-0.0300787,5,9.41e+08
6895.84,-566.294,-327.264,-0.336471,5,9.42e+08
6895.84,-574.701,-332.807,-0.593226,5,9.43e+08
6895.66,-707.232,-388.686,-2.81432,5,9.49e+08
6895.23,-721.697,-428.867,-4.50086,5,9.61e+08
6895.22,-718.82,-427.812,-4.49747,5,9.62e+08
6894.73,-610.679,-371.579,-3.03064,5,9.74e+08
6894.48,-568.034,-333.963,-2.24504,5,9.8e+08
6894.47,-556.898,-328.025,-2.15189,5,9.81e+08
6893.98,-381.382,-227.012,0.494342,5,9.92e+08
6893.63,-230.58,-147.904,2.55646,6,0
6893.6,-212.796,-135.81,2.90649,6,1e+06
6892.76,-34.7296,-32.2605,4.1434,6,2e+07
6892.75,-21.7198,-27.6773,4.16513,6,2.1e+07
6891.82,67.6845,40.9966,4.11378,6,4.1e+07
6891.8,74.5749,46.9845,4.135,6,4.2e+07
6891.23,-90.1411,10.6136,3.42582,6,6e+07
6891.24,-90.7335,5.18251,3.39749,6,6.1e+07
6891.06,-202.043,-19.5239,3.12464,6,6.9e+07
6891.14,-523.555,-137.421,2.63528,6,7.9e+07
6891.18,-557.345,-151.938,2.58574,6,8e+07
6891.19,-774.075,-261.86,1.56333,6,9.2e+07
6891.04,-850.832,-285.154,0.73015,6,9.9e+07
6891.06,-868.297,-291.434,0.564085,6,1e+08
6891.07,-1182.7,-414.765,-4.44704,6,1.19e+08
6891.09,-1192.43,-415.19,-4.66332,6,1.2e+08
6890.87,-1176.05,-387.32,-5.97084,6,1.3e+08
6890.37,-1072.44,-310.168,-5.05689,6,1.38e+08
6890.3,-1052.46,-296.587,-5.06506,6,1.4e+08
6889.9,-900.002,-228.866,-4.41173,6,1.48e+08
6889.38,-681.453,-129.387,-3.40227,6,1.59e+08
6889.37,-658.303,-120.919,-3.36174,6,1.6e+08
6888.5,-299.28,52.1818,-1.74483,6,1.79e+08
6888.44,-281.168,64.9993,-1.5619,6,1.8e+08
6887.19,36.3555,225.625,-0.00995759,6,2e+08
6887.13,52.0372,235.111,0.040448,6,2.01e+08
6885.77,290.037,356.425,0.579454,6,2.2e+08
6885.71,293.867,363.832,0.533276,6,2.21e+08
6884.4,429.849,453.185,-0.0832122,6,2.39e+08
6884.34,433.054,458.912,-0.205523,6,2.4e+08
6883.39,549.362,518.604,-2.00143,6,2.5e+08
6882.74,605.635,542.465,-3.04914,6,2.58e+08
6882.68,630.354,545.155,-3.21261,6,2.59e+08
6882.02,718.939,584.469,-5.43272,6,2.65e+08
6880.88,797.611,604.362,-7.10025,6,2.79e+08
6879.75,702.836,584.514,-6.29013,6,2.97e+08
6879.74,687.494,576.952,-5.84311,6,2.98e+08
6878.94,518.782,475.461,-3.02177,6,3.18e+08
6878.93,515.953,470.701,-3.05455,6,3.19e+08
6878.25,496.756,415.18,-4.63884,6,3.34e+08
6878.13,504.811,407.166,-5.11229,6,3.37e+08
6878.11,509.756,405.628,-5.34576,6,3.38e+08
6877.2,575.314,385.653,-8.67191,6,3.58e+08
6877.18,575.833,386.474,-8.88455,6,3.59e+08
6876.86,610.893,387.988,-10.0983,6,3.67e+08
6876.47,670.485,398.907,-12.0247,6,3.77e+08
6876.46,671.097,399.774,-12.2295,6,3.78e+08
6876.15,715.737,391.999,-13.3267,6,3.87e+08
6875.81,837.435,399.294,-15.5222,6,3.96e+08
6875.8,874.758,403.99,-15.9827,6,3.97e+08
6875.06,1037.15,407.207,-19.98,6,4.16e+08
6875.05,1039.33,404.238,-20.0146,6,4.17e+08
6874.64,1050.97,376.534,-20.4619,6,4.29e+08
6874.42,1016.97,357.631,-20.6163,6,4.36e+08
6874.41,1009.98,353.492,-20.5956,6,4.37e+08
6874.09,938.09,295.254,-19.9533,6,4.48e+08
6874,966.423,276.469,-21.0206,6,4.56e+08
6874.03,988.685,277.078,-21.3159,6,4.57e+08
6874.14,1092.75,282.025,-24.5396,6,4.7e+08
6874.11,1064.33,245.084,-24.111,6,4.76e+08
6874.13,1058.37,239.187,-24.0564,6,4.77e+08
6873.78,794.136,77.1086,-20.7612,6,4.96e+08
6873.75,772.058,63.1342,-20.4422,6,4.97e+08
6872.93,379.973,-160.448,-15.5055,6,5.15e+08
6872.91,362.581,-172.995,-15.2812,6,5.16e+08
6872.72,289.435,-224.404,-14.2888,6,5.21e+08
6871.37,-119.226,-440.447,-11.5868,6,5.36e+08
6871.28,-134.606,-455.994,-11.4939,6,5.37e+08
6869.52,-501.764,-637.417,-10.324,6,5.56e+08
6869.43,-520.461,-647.808,-10.3986,6,5.57e+08
6867.17,-890.839,-868.121,-14.8757,6,5.75e+08
6867.08,-898.4,-876.719,-15.0105,6,5.76e+08
6865.21,-958.407,-928.953,-13.8051,6,5.95e+08
6864.98,-938.133,-917.556,-13.0447,6,5.98e+08
6863.75,-707.426,-742.366,-2.53776,6,6.18e+08
6863.71,-703.534,-736.868,-2.49045,6,6.19e+08
6862.63,-641.172,-698.354,-7.02304,6,6.4e+08
6861.98,-675.173,-695.626,-12.9159,6,6.58e+08
6861.97,-668.33,-694.713,-13.3152,6,6.59e+08
6861.92,-685.034,-689.636,-14.2479,6,6.62e+08
6861.65,-736.077,-641.059,-18.3347,6,6.77e+08
6861.66,-718.512,-631.365,-18.0907,6,6.78e+08
6861.37,-390.118,-382.276,-6.65592,6,6.97e+08
6861.38,-370.02,-365.436,-5.77611,6,6.98e+08
6861.32,-261.354,-301.034,-2.61893,6,7.02e+08
6860.93,34.7974,-88.5916,4.73456,6,7.18e+08
6860.93,61.7646,-76.4013,4.98519,6,7.19e+08
6860.65,153.288,29.6407,6.71554,6,7.29e+08
6860.34,265.838,115.239,7.55496,6,7.38e+08
6860.33,274.764,125.071,7.65104,6,7.39e+08
6859.68,352.346,234.445,7.78441,6,7.57e+08
6859.67,355.943,235.594,7.74045,6,7.58e+08
6859.15,209.48,233.926,7.31468,6,7.76e+08
6859.15,212.898,239.463,7.21536,6,7.77e+08
6859.15,221.129,245.544,7.1043,6,7.78e+08
6859.15,220.58,253.009,6.96226,6,7.79e+08
6859.1,209.49,264.259,6.6976,6,7.82e+08
6858.83,177.51,303.073,4.91308,6,7.97e+08
6858.83,166.178,305.455,4.76007,6,7.98e+08
6858.63,21.334,259.091,4.29284,6,8.13e+08
6858.61,-27.8192,246.749,4.11464,6,8.17e+08
6858.62,-44.1192,240.214,4.19409,6,8.18e+08
6858.37,-166.745,194.491,3.42282,6,8.35e+08
6858.32,-145.502,194.652,2.80166,6,8.4e+08
6858.33,-140.393,200.296,2.49826,6,8.41e+08
6858.18,-59.2561,252.674,-0.0674012,6,8.52e+08
6858.11,-19.97,267.602,-0.867149,6,8.59e+08
6858.12,-19.5705,272.295,-1.05374,6,8.6e+08
6857.95,21.9229,288.381,-2.26682,6,8.79e+08
6857.96,9.88664,280.67,-2.08328,6,8.8e+08
6857.92,-124.416,191.797,0.0793656,6,8.91e+08
6857.91,-189.089,151.141,0.875563,6,8.98e+08
6857.93,-202.798,145.772,0.966856,6,8.99e+08
6857.85,-583.343,-59.1027,4.9523,6,9.18e+08
6857.87,-600.573,-69.5689,5.06818,6,9.19e+08
6857.72,-972.678,-286.026,5.30631,6,9.38e+08
6857.74,-989.843,-299.636,5.21531,6,9.39e+08
6857.78,-1210.67,-405.146,3.80405,6,9.47e+08
6857.76,-1359.96,-476.683,0.813618,6,9.57e+08
6857.77,-1363.67,-477.969,0.561019,6,9.58e+08
6857.62,-1434.88,-509.182,-4.70981,6,9.76e+08
6857.64,-1434.59,-510.487,-5.0141,6,9.77e+08
6857.39,-1180.3,-457.637,-7.68976,6,9.97e+08
6857.4,-1163.4,-451.054,-7.70943,6,9.98e+08
6857.38,-1038.63,-388.663,-8.06517,7,7e+06
6857.3,-844.452,-287.355,-7.2247,7,1.7e+07
6857.3,-843.971,-275.905,-7.06153,7,1.8e+07
6856.9,-437.654,-75.1674,-3.68278,7,3.7e+07
6856.87,-406.534,-62.7197,-3.39373,7,3.8e+07
6855.71,26.5541,158.519,0.979551,7,5.6e+07
6855.68,44.6176,168.779,1.08582,7,5.7e+07
6855.35,142.628,234.7,1.59368,7,6.5e+07
6855.03,204.647,285.054,1.86976,7,7.6e+07
6855.04,206.237,287.606,1.89021,7,7.7e+07
6854.76,189.914,310.582,2.22672,7,9.6e+07
6854.81,177.258,306.946,2.34775,7,9.7e+07
6854.53,219.775,347.049,0.992462,7,1.18e+08
6854.46,237.401,360.165,0.553074,7,1.2e+08
6854.44,244.387,366.157,0.35224,7,1.21e+08
6853.93,320.3,442.455,-2.25945,7,1.41e+08
6853.94,329.544,445.083,-2.37652,7,1.42e+08
6853.72,383.083,469.9,-3.59164,7,1.49e+08
6853.06,540.487,529.698,-7.07623,7,1.61e+08
6852.98,552.184,538.839,-7.61293,7,1.62e+08
6852.46,697.131,588.455,-10.5106,7,1.68e+08
6850.5,1205.24,794.763,-22.2811,7,1.81e+08
6850.35,1239.39,814.08,-23.3623,7,1.82e+08
6850.22,1268.21,832.129,-24.3489,7,1.83e+08
6846.73,2086.84,1237.5,-50.015,7,2.01e+08
6846.57,2134.83,1260.85,-51.6982,7,2.02e+08
6844.18,2464.38,1433.06,-69.6895,7,2.23e+08
6844.01,2346.36,1324.39,-64.0114,7,2.3e+08
6844.01,2327.07,1304.73,-62.8517,7,2.31e+08
6844.3,1841.13,996.815,-47.1503,7,2.5e+08
6844.35,1805.94,982.52,-46.5404,7,2.51e+08
6844.78,1182.49,697.755,-32.5531,7,2.69e+08
6844.8,1145.54,678.122,-31.6444,7,2.7e+08
6844.17,503.302,253.5,-13.847,7,2.89e+08
6844.17,482.002,234.444,-13.4157,7,2.9e+08
6843.98,301.555,14.6382,-12.0876,7,3.08e+08
6843.99,303.328,5.19368,-12.0395,7,3.09e+08
6843.59,153.332,-127.49,-9.54101,7,3.2e+08
6843.42,129.445,-249.756,-7.69401,7,3.35e+08
6843.42,131.067,-259.082,-7.59915,7,3.36e+08
6843.28,94.5494,-343.202,-6.77116,7,3.45e+08
6843.12,78.7659,-414.305,-5.92969,7,3.54e+08
6843.13,84.0788,-419.23,-5.83401,7,3.55e+08
6843,70.0616,-469.511,-5.42323,7,3.63e+08
6842.81,54.5856,-518.303,-5.29083,7,3.73e+08
6842.79,65.1166,-524.449,-5.38367,7,3.74e+08
6842.66,65.2711,-553.675,-5.67305,7,3.8e+08
6842.62,80.1093,-577.332,-5.20083,7,3.92e+08
6842.61,85.6611,-581.625,-5.32978,7,3.93e+08
6842.5,72.9369,-614.704,-6.12144,7,4.02e+08
6842.37,60.0872,-648.277,-7.36816,7,4.11e+08
6842.38,57.1442,-650.402,-7.44691,7,4.12e+08
6842.42,104.372,-648.653,-7.2839,7,4.24e+08
6842.71,194.708,-604.907,-4.90162,7,4.3e+08
6842.78,217.534,-596.369,-4.4877,7,4.31e+08
6843.18,299.207,-526.683,-3.82164,7,4.49e+08
6843.22,296.803,-522.387,-4.06876,7,4.51e+08
6843.01,159.782,-550.85,-9.56493,7,4.68e+08
6842.97,151.459,-558.502,-10.2617,7,4.69e+08
6842.95,128.947,-563.944,-10.7457,7,4.7e+08
6841.93,-175.773,-699.238,-20.1156,7,4.82e+08
6841.32,-345.983,-775.692,-24.8478,7,4.88e+08
6841.26,-369.832,-784.882,-25.413,7,4.89e+08
6840.57,-531.006,-844.044,-29.0431,7,4.97e+08
6840.02,-617.698,-832.798,-28.4822,7,5.07e+08
6839.99,-618.282,-829.679,-28.3679,7,5.08e+08
6839.16,-656.896,-742.629,-23.0889,7,5.28e+08
6839.12,-655.581,-741.417,-23.1516,7,5.29e+08
6838.62,-563.048,-654.519,-17.8019,7,5.47e+08
6838.62,-563.086,-649.386,-17.6111,7,5.48e+08
6838.13,-570.941,-576.647,-18.0939,7,5.66e+08
6838.11,-580.104,-573.899,-18.332,7,5.67e+08
6837.66,-615.686,-500.706,-20.3735,7,5.85e+08
6837.68,-604.823,-490.991,-20.0354,7,5.86e+08
6837.62,-600.625,-396.14,-17.9816,7,6.02e+08
6837.54,-619.91,-401.68,-19.0691,7,6.05e+08
6837.53,-620.264,-403.517,-19.4412,7,6.06e+08
6837.38,-676.537,-409.326,-21.0552,7,6.13e+08
6837.15,-749.089,-406.993,-22.6291,7,6.25e+08
6837.14,-757.349,-407.277,-22.8154,7,6.26e+08
6837.14,-764.031,-407.314,-22.9982,7,6.27e+08
6837.04,-762.99,-351.696,-22.4679,7,6.38e+08
6837,-772.312,-302.472,-21.7755,7,6.45e+08
6837.01,-779.947,-300.687,-21.9637,7,6.46e+08
6836.76,-1098.75,-352.902,-27.5646,7,6.66e+08
6836.77,-1123.06,-359.891,-27.9336,7,6.67e+08
6836.75,-1246.34,-406.046,-30.126,7,6.74e+08
6836.63,-1281.5,-427.778,-31.8586,7,6.86e+08
6836.64,-1272.87,-423.444,-31.839,7,6.87e+08
6836.6,-1352.29,-397.41,-34.0315,7,7.03e+08
6836.63,-1355.31,-385.78,-34.5232,7,7.06e+08
6836.65,-1358.04,-380.541,-34.6543,7,7.07e+08
6836.53,-1159.03,-196.891,-33.0486,7,7.25e+08
6836.51,-1136.94,-180.288,-32.6917,7,7.26e+08
6836.28,-921.056,-46.7378,-29.9993,7,7.36e+08
6836.02,-681.244,94.1292,-27.3152,7,7.47e+08
6836.01,-662.659,107.004,-27.1253,7,7.48e+08
6835.86,-507.541,201.566,-25.526,7,7.56e+08
6835.3,-251.631,359.467,-23.0587,7,7.66e+08
6835.26,-235.811,373.67,-22.8706,7,7.67e+08
6834.62,-28.8541,510.309,-20.574,7,7.79e+08
6834.39,16.7708,547.165,-19.22,7,7.85e+08
6834.38,24.9611,551.292,-18.9864,7,7.86e+08
6833.46,191.886,652.468,-15.1556,7,8.07e+08
6833.43,197.65,658.516,-15.1527,7,8.08e+08
6832.9,231.557,702.933,-11.9644,7,8.27e+08
6832.85,242.704,712.48,-12.4085,7,8.28e+08
6832.79,244.936,720.599,-12.8031,7,8.29e+08
6832.23,381.045,791.687,-16.1351,7,8.38e+08
6831.62,475.431,854.959,-20.3102,7,8.47e+08
6831.6,468.61,855.541,-20.4153,7,8.48e+08
6831.73,211.582,691.174,-8.16028,7,8.67e+08
6831.79,199.768,677.064,-7.0586,7,8.68e+08
6831.88,91.0951,602.822,-2.66701,7,8.77e+08
6831.93,-17.8708,535.197,-0.495914,7,8.88e+08
6831.98,-31.302,523.72,0.0994738,7,8.89e+08
6832.03,-52.6834,486.96,0.387871,7,8.96e+08
6831.86,-14.4109,474.01,-2.85385,7,9.07e+08
6831.85,-10.8742,473.331,-3.21066,7,9.08e+08
6831.5,149.366,504.622,-9.12697,7,9.19e+08
6831.17,294.123,550.866,-14.1185,7,9.26e+08
6831.13,317.163,557.713,-14.8164,7,9.27e+08
6830.83,437.109,572.335,-17.9253,7,9.39e+08
6830.73,478.252,568.859,-18.3693,7,9.45e+08
6830.73,486.064,567.9,-18.4124,7,9.46e+08
6830.31,614.583,553.991,-19.6475,7,9.69e+08
6830.3,630.278,557.905,-20.0538,7,9.7e+08
6829.64,945.045,637.641,-28.557,7,9.88e+08
6829.62,960.376,639.605,-28.95,7,9.89e+08
6829.35,1182.34,683.875,-33.6084,7,9.97e+08
6828.98,1428.53,756.916,-40.4326,8,7e+06
6828.96,1462.47,764.127,-41.0597,8,8e+06
6828.49,1693.12,861.347,-48.5426,8,2.3e+07
6828.42,1715.18,877.165,-49.7795,8,2.6e+07
6828.42,1728.56,882.804,-50.248,8,2.7e+07
6828.22,1821.85,910.914,-57.4907,8,4.5e+07
6828.23,1823.69,904.609,-57.6459,8,4.6e+07
6828.32,1821.52,857.973,-59.2248,8,5.3e+07
6828.55,1745.09,726.588,-58.53,8,6.4e+07
6828.59,1722.77,712.027,-58.3348,8,6.5e+07
6828.18,1215.64,354.14,-42.5429,8,8.3e+07
6828.23,1203.09,343.415,-42.4319,8,8.4e+07
6828.39,1044.89,258.81,-40.5347,8,9.1e+07
6828.37,796.598,92.4378,-35.2006,8,1.03e+08
6828.42,787.849,82.7553,-35.0382,8,1.04e+08
6828.58,492.48,-151.134,-29.5582,8,1.23e+08
6828.54,471.62,-169.524,-29.1344,8,1.24e+08
6828.25,346.764,-288.073,-26.2841,8,1.32e+08
6828.12,230.718,-398.074,-23.3103,8,1.43e+08
6828.14,226.543,-404.818,-23.0873,8,1.44e+08
6827.7,-21.6077,-584.821,-20.3264,8,1.63e+08
6827.59,-56.2392,-605.123,-20.5776,8,1.64e+08
6825.54,-433.885,-884.838,-25.2903,8,1.77e+08
6824.87,-562.514,-972.858,-26.5169,8,1.83e+08
6824.6,-618.141,-1007.19,-27.3631,8,1.85e+08
6822.49,-836.033,-1156.03,-29.6141,8,2.03e+08
6822.45,-846.466,-1154.47,-29.1939,8,2.04e+08
6821.94,-594.639,-1029.02,-12.9405,8,2.22e+08
6821.96,-567.076,-1016.86,-11.6591,8,2.23e+08
6821.43,-445.08,-942.11,-7.59213,8,2.41e+08
6821.37,-454.451,-944.669,-8.30107,8,2.42e+08
6820.79,-369.351,-870.411,-11.9686,8,2.6e+08
6820.8,-359.416,-861.397,-11.9041,8,2.61e+08
6821.17,-129.056,-671.66,-5.20858,8,2.76e+08
6821.32,-76.9628,-623.16,-3.6574,8,2.8e+08
6821.38,-69.4531,-610.553,-3.20204,8,2.81e+08
6821.8,74.5516,-448.963,-1.06866,8,2.99e+08
6821.83,82.6306,-441.72,-1.14945,8,3e+08
6821.86,90.2156,-433.209,-1.11751,8,3.01e+08
6821.93,89.0794,-412.371,-1.31328,8,3.04e+08
6822,35.7469,-356.43,-4.44118,8,3.18e+08
6821.98,25.3728,-358.4,-5.02058,8,3.19e+08
6821.97,16.5556,-359.439,-5.53675,8,3.2e+08
6821.5,-232.864,-392.348,-13.3461,8,3.38e+08
6821.5,-245.081,-392.04,-13.6106,8,3.39e+08
6821.3,-374.183,-405.434,-16.19,8,3.47e+08
6820.94,-560.648,-439.55,-19.5446,8,3.57e+08
6820.91,-581.124,-445.18,-19.9521,8,3.58e+08
6820.49,-742.207,-497.702,-23.0511,8,3.66e+08
6820.2,-805.699,-497.407,-23.6111,8,3.77e+08
6820.19,-805.244,-496.59,-23.6937,8,3.78e+08
6820,-837.279,-480.455,-23.8786,8,3.86e+08
6819.89,-759.577,-381.943,-22.073,8,3.97e+08
6819.92,-752.503,-367.184,-21.6809,8,3.98e+08
6819.92,-664.962,-241.153,-19.9567,8,4.1e+08
6819.96,-617.6,-164.237,-19.4668,8,4.19e+08
6819.98,-614.585,-157.121,-19.4761,8,4.2e+08
6820.16,-388.564,16.0927,-17.0922,8,4.38e+08
6820.18,-370.246,25.65,-16.9825,8,4.39e+08
6820.51,-14.6377,282.534,-13.6541,8,4.58e+08
6820.54,7.10688,296.68,-13.5329,8,4.59e+08
6820.84,296.121,517.864,-11.6187,8,4.78e+08
6820.85,291.514,519.305,-11.4739,8,4.79e+08
6820.77,314.461,548.877,-8.74433,8,4.97e+08
6820.78,315.892,552.201,-8.69044,8,4.98e+08
6820.84,350.245,584.505,-8.71932,8,5.05e+08
6821.12,457.431,674.348,-11.1098,8,5.16e+08
6821.16,457.053,679.392,-11.2457,8,5.17e+08
6821.24,259.352,576.758,-5.09789,8,5.36e+08
6821.26,242.574,561.088,-4.4238,8,5.38e+08
6821.29,50.2392,449.112,-0.255912,8,5.5e+08
6821.33,-31.2078,394.339,1.17823,8,5.57e+08
6821.35,-32.9908,387.837,1.30306,8,5.58e+08
6821.81,-9.11583,380.128,-3.09079,8,5.76e+08
6821.85,-6.65681,381.305,-3.38277,8,5.77e+08
6822.25,67.6102,407.19,-6.73127,8,5.88e+08
6822.58,145.41,423.777,-8.67351,8,5.96e+08
6822.65,166.31,431.402,-9.15491,8,5.97e+08
6823.75,388.666,505.66,-15.1475,8,6.15e+08
6823.81,390.141,505.968,-15.3523,8,6.16e+08
6824.22,322.774,394.296,-12.1711,8,6.34e+08
6824.27,335.644,393.142,-12.2459,8,6.35e+08
6825.02,361.874,387.316,-13.841,8,6.5e+08
6825.08,337.099,362.947,-13.0238,8,6.53e+08
6825.11,327.009,355.594,-12.8293,8,6.54e+08
6825.87,304.069,266.629,-11.9351,8,6.73e+08
6825.96,312.061,267.621,-12.1628,8,6.74e+08
6827.19,413.474,263.169,-14.4779,8,6.91e+08
6827.26,406.704,259.943,-14.4966,8,6.92e+08
6827.51,204.114,99.2701,-11.0602,8,7.09e+08
6827.54,200.814,91.1724,-10.926,8,7.1e+08
6827.58,195.512,84.9008,-10.8591,8,7.11e+08
6828.04,94.3022,-0.129136,-9.8311,8,7.26e+08
6828.05,48.4167,-31.7086,-9.38414,8,7.29e+08
6828.04,22.9876,-45.5376,-9.20725,8,7.3e+08
6826.98,-463.31,-374.181,-6.42539,8,7.48e+08
6826.92,-494.726,-393.094,-6.35171,8,7.49e+08
6826.52,-626.561,-483.955,-6.20566,8,7.56e+08
6825.87,-806.746,-582.998,-7.10437,8,7.67e+08
6825.81,-816.185,-593.13,-7.29328,8,7.68e+08
6825.14,-967.644,-686.097,-9.35555,8,7.78e+08
6824.4,-1124.4,-803.693,-13.2398,8,7.86e+08
6824.32,-1145.88,-817.466,-13.7035,8,7.87e+08
6823.63,-1292.75,-933.473,-18.3424,8,7.95e+08
6822.9,-1310.46,-979.427,-21.0465,8,8.06e+08
6822.86,-1306.39,-976.003,-20.9984,8,8.07e+08
6822.28,-1136.47,-844.084,-17.451,8,8.22e+08
6822.06,-1002.54,-736.904,-13.7036,8,8.3e+08
6822.05,-974.05,-725.185,-13.4686,8,8.31e+08
6822.03,-943.843,-710.152,-12.8864,8,8.32e+08
6821.8,-745.977,-579.525,-9.21282,8,8.45e+08
6821.74,-657.218,-535.15,-8.07256,8,8.5e+08
6821.74,-628.425,-525.499,-7.86533,8,8.51e+08
6821.73,-564.003,-495.351,-6.54136,8,8.53e+08
6821.44,-58.2181,-172.472,5.38036,8,8.71e+08
6821.43,-36.9978,-156.193,5.72459,8,8.72e+08
6821.38,56.2303,-82.5474,6.21037,8,8.78e+08
6821.17,245.192,55.4618,7.19972,8,8.89e+08
6821.16,255.894,66.636,7.24748,8,8.9e+08
6821.15,261.911,76.0176,7.2323,8,8.91e+08
6820.81,343.375,177.623,5.1991,8,9.09e+08
6820.81,338.679,178.792,5.02137,8,9.1e+08
6820.69,233.045,190.302,2.29436,8,9.29e+08
6820.71,227.805,194.916,2.15293,8,9.3e+08
6820.76,288.691,261.71,0.620325,8,9.38e+08
6820.9,319.291,313.695,-1.31112,8,9.48e+08
6820.92,316.864,319.654,-1.53778,8,9.49e+08
6821.06,311.487,335.433,-2.75399,8,9.57e+08
6821.24,282.19,349.686,-4.09805,8,9.67e+08
6821.27,278.146,344.296,-4.03185,8,9.68e+08
6821.39,195.346,309.685,-3.76982,8,9.76e+08
6821.64,175.547,318.3,-5.03764,8,9.87e+08
6821.67,176.906,317.425,-5.081,8,9.88e+08
6822.19,159.528,323.605,-7.07011,9,9e+06
6822.24,170.294,331.534,-7.42915,9,1e+07
6822.86,232.425,376.424,-10.4679,9,2.8e+07
6822.9,225.463,372.217,-10.4298,9,2.9e+07
6823.07,100.33,300.028,-8.60544,9,3.7e+07
6823.2,-143.315,162.796,-4.54877,9,4.8e+07
6823.22,-166.292,146.469,-4.03441,9,4.9e+07
6823.04,-786.507,-200.361,4.65055,9,6.4e+07
6822.98,-911.801,-290.196,6.26285,9,6.7e+07
6822.97,-950.028,-317.144,6.66694,9,6.8e+07
6822.87,-1164.15,-465.339,7.91164,9,7.4e+07
6822.52,-1568.71,-723.036,4.95722,9,8.6e+07
6822.51,-1601.54,-741.274,4.51689,9,8.7e+07
6821.97,-1879,-866.935,-8.5634,9,1.07e+08
6821.95,-1865.98,-865.084,-9.15045,9,1.08e+08
6821.71,-1802.83,-822.177,-11.1124,9,1.15e+08
6821.25,-1566.73,-731.793,-11.299,9,1.26e+08
6821.23,-1552.81,-724.252,-11.2981,9,1.27e+08
6821.91,-1422.17,-715.862,-21.7586,9,1.46e+08
6821.99,-1412.52,-714.673,-22.3976,9,1.47e+08
6824.28,-1453.71,-709.964,-35.9977,9,1.66e+08
6824.42,-1450.32,-706.36,-36.5384,9,1.67e+08
6826.22,-1511.51,-689.079,-42.6717,9,1.78e+08
6827.71,-1566.51,-703.073,-47.2624,9,1.85e+08
6827.91,-1562.01,-702.523,-47.7136,9,1.86e+08
6828.09,-1571.05,-700.892,-48.0289,9,1.87e+08
6830.82,-1427.17,-609.048,-47.9834,9,2.05e+08
6831.06,-1383.52,-588.012,-47.4876,9,2.07e+08
6831.15,-1368.65,-575.218,-47.0592,9,2.08e+08
6832.28,-811.77,-189.482,-33.9931,9,2.3e+08
6832.31,-776.823,-168.708,-33.3691,9,2.31e+08
6832.47,-550.007,19.269,-27.3705,9,2.41e+08
6832.57,-540.788,29.7267,-27.1347,9,2.42e+08
6832.69,-521.45,39.6007,-26.9421,9,2.43e+08
6833.43,-228.537,251.189,-21.1962,9,2.61e+08
6833.38,-196.15,268.823,-20.8721,9,2.62e+08
6830.96,359.986,641.94,-17.497,9,2.81e+08
6830.65,422.41,683.609,-17.5756,9,2.83e+08
6828.44,755.269,922.763,-19.7051,9,2.96e+08
6828.22,782.963,942.153,-20.1386,9,2.97e+08
6827.99,799.055,960.651,-20.6015,9,2.98e+08
6825.25,1119.91,1162.51,-27.3406,9,3.09e+08
6822.6,1339.61,1304.11,-34.0142,9,3.21e+08
6822.27,1346.13,1315.91,-34.6072,9,3.23e+08
6822.18,1350.64,1316.86,-34.4537,9,3.24e+08
6821.39,1194.79,1228.92,-24.3681,9,3.4e+08
6821.25,1173.66,1218.14,-23.5247,9,3.42e+08
6820.36,1014.83,1136.71,-19.3474,9,3.56e+08
6820.04,967.674,1109.67,-19.5268,9,3.61e+08
6819.95,963.635,1106.75,-19.9767,9,3.62e+08
6819.87,956.685,1103.65,-20.4771,9,3.63e+08
6819.27,831.975,1021.93,-21.3375,9,3.74e+08
6819.08,742.98,938.038,-20.1401,9,3.82e+08
6819.05,706.611,914.979,-19.8426,9,3.84e+08
6818.65,659.21,835.893,-21.9309,9,3.95e+08
6818.41,619.323,792.379,-23.0555,9,4.02e+08
6818.4,614.467,784.156,-22.9664,9,4.03e+08
6818.1,644.916,764.054,-25.521,9,4.1e+08
6816.95,912.284,853.191,-38.7968,9,4.22e+08
6816.81,952.275,870.294,-40.6517,9,4.23e+08
6815.01,1327.37,1024.27,-59.4896,9,4.38e+08
6814.93,1333.24,1025.52,-60.2198,9,4.39e+08
6814.87,1345.91,1024.08,-60.6045,9,4.4e+08
6814.81,1373.94,1024.25,-60.9967,9,4.41e+08
6813.4,1582.13,985.413,-68.6088,9,4.6e+08
6813.34,1578.01,980.493,-68.8604,9,4.61e+08
6813.02,1547.97,919.624,-66.9028,9,4.68e+08
6812.54,1378.2,773.177,-60.1732,9,4.81e+08
6812.52,1354.06,753.631,-59.0631,9,4.82e+08
6812.11,802.523,293.787,-36.7885,9,5.01e+08
6812.1,781.419,271.631,-36.0993,9,5.02e+08
6812.09,755.401,249.813,-35.5292,9,5.03e+08
6811.78,364.922,-104.991,-24.736,9,5.19e+08
6811.72,316.732,-161.1,-23.5853,9,5.23e+08
6811.71,308.481,-171.754,-23.4613,9,5.24e+08
6811.41,253.2,-300.867,-19.9056,9,5.42e+08
6811.41,259.114,-302.323,-19.7107,9,5.43e+08
6811.4,255.472,-304.027,-19.5162,9,5.44e+08
6811.34,293.16,-313.63,-17.8832,9,5.52e+08
6811.35,419.439,-283.842,-15.1703,9,5.63e+08
6811.36,437.455,-281.504,-14.9995,9,5.64e+08
6811.63,670.647,-230.554,-12.7852,9,5.83e+08
6811.66,678.591,-227.706,-12.7057,9,5.84e+08
6812.29,973.302,-139.132,-11.871,9,6.02e+08
6812.34,1002.32,-129.361,-11.8012,9,6.03e+08
6812.97,1134.49,-38.7932,-15.0605,9,6.21e+08
6813.01,1138.51,-34.3602,-15.3356,9,6.22e+08
6813.45,1073.2,-57.3748,-21.754,9,6.4e+08
6813.45,1062.74,-66.1517,-22.2204,9,6.41e+08
6813.51,790.925,-253.598,-28.8764,9,6.59e+08
6813.49,780.095,-266.326,-29.266,9,6.6e+08
6812.99,351.475,-493.452,-34.2366,9,6.78e+08
6812.95,334.718,-504.385,-34.4539,9,6.79e+08
6812.85,190.968,-565.837,-34.6696,9,6.87e+08
6812.21,-80.2191,-697.985,-36.2139,9,6.98e+08
6812.13,-103.622,-712.581,-36.538,9,6.99e+08
6810.76,-484.281,-912.31,-39.3301,9,7.18e+08
6810.66,-502.343,-922.348,-39.6581,9,7.19e+08
6810.29,-565.157,-953.658,-40.1132,9,7.24e+08
6809.87,-556.291,-921.969,-34.7627,9,7.36e+08
6809.87,-545.061,-914.369,-34.0448,9,7.37e+08
6810,-438.365,-817.834,-24.947,9,7.47e+08
6810.24,-286.408,-726.622,-17.7727,9,7.54e+08
6810.31,-265.762,-708.942,-16.4013,9,7.55e+08
6811.61,151.614,-393.144,1.49721,9,7.73e+08
6811.69,175.989,-375.763,2.13764,9,7.74e+08
6811.77,190.781,-359.161,2.83107,9,7.75e+08
6812.19,264.119,-256.059,0.359545,9,7.93e+08
6812.19,257.111,-256.244,-0.0710011,9,7.94e+08
6812.27,145.847,-252.558,-6.63931,9,8.14e+08
6812.27,130.102,-255.821,-7.03975,9,8.15e+08
6811.55,-478.68,-487.588,-19.3009,9,8.46e+08
6811.52,-495.961,-496.22,-19.6632,9,8.47e+08
6811.5,-519.94,-504.361,-19.9632,9,8.48e+08
6810.71,-849.794,-608.893,-24.798,9,8.66e+08
6810.67,-871.527,-611.489,-25.0039,9,8.67e+08
6809.45,-1150.4,-694.92,-30.869,9,8.88e+08
6809.4,-1159.66,-698.086,-31.1136,9,8.89e+08
6809.13,-1211.76,-711.176,-32.1783,9,8.96e+08
6808.49,-1400.78,-808.756,-38.5385,9,9.07e+08
6808.44,-1426.4,-817.824,-39.173,9,9.08e+08
6807.62,-1579.18,-839.78,-48.2384,9,9.28e+08
6807.6,-1597.29,-836.832,-48.6106,9,9.29e+08
6807.43,-1586.87,-757.22,-54.2261,9,9.47e+08
6807.42,-1582.26,-748.901,-54.177,9,9.48e+08
6807.52,-1345.96,-580.503,-51.1093,9,9.67e+08
6807.52,-1343.02,-569.281,-50.7566,9,9.68e+08
6807.54,-1336.22,-561.711,-50.7346,9,9.69e+08
6807.96,-1282.03,-495.735,-51.322,9,9.8e+08
6808.15,-1257.23,-482.332,-51.9329,9,9.83e+08
6808.21,-1250.43,-475.457,-52.0129,9,9.84e+08
6808.31,-1237.24,-460.718,-52.0918,9,9.86e+08
6809.6,-1252.16,-364.225,-52.83,10,3e+06
6809.87,-1269.66,-367.613,-53.4987,10,5e+06
6810.15,-1274.12,-368.777,-54.087,10,7e+06
6811.45,-1387.65,-384.082,-56.3086,10,1.6e+07
6812.18,-1434.27,-389.597,-57.0312,10,2.1e+07
6812.33,-1443.26,-391.997,-57.2279,10,2.2e+07
6814.86,-1418.53,-345.879,-57.6487,10,4.2e+07
6814.92,-1409.38,-334.428,-57.5032,10,4.3e+07
6816.54,-1194.68,-141.529,-55.8418,10,6.1e+07
6816.62,-1175.8,-127.388,-55.7656,10,6.2e+07
6817.52,-969.813,75.1865,-53.0668,10,7.6e+07
6818.23,-961.834,104.596,-52.2915,10,8.1e+07
6818.41,-960.685,107.824,-52.187,10,8.2e+07
6819.78,-695.998,311.43,-48.5793,10,1.02e+08
6819.86,-688.2,319.018,-48.3737,10,1.03e+08
6820.83,-460.554,477.475,-44.7581,10,1.2e+08
6820.86,-437.857,489.564,-44.6341,10,1.21e+08
6819.79,-22.5712,771.3,-45.9152,10,1.38e+08
6819.27,70.7122,830.717,-47.3788,10,1.4e+08
6816.4,464.86,1103.61,-55.5811,10,1.49e+08
6814.95,642.12,1219.94,-57.4904,10,1.57e+08
6814.86,666.876,1228.17,-57.3521,10,1.58e+08
6813.52,831.507,1309.2,-57.1273,10,1.68e+08
6812.54,897.516,1338.36,-54.5593,10,1.77e+08
6812.43,915.942,1342.73,-54.336,10,1.78e+08
6809.05,1243.16,1545.54,-68.1779,10,1.92e+08
6808.74,1262.49,1563.8,-69.9422,10,1.93e+08
6808.46,1291.63,1581.19,-71.4378,10,1.94e+08
6805.02,1536.91,1739.43,-86.7775,10,2.08e+08
6804.81,1560.8,1746.95,-87.7254,10,2.09e+08
6804.58,1588.12,1756.66,-89.0187,10,2.1e+08
6801.48,1871.63,1883.2,-109.327,10,2.25e+08
6801.34,1899.65,1889.61,-110.444,10,2.26e+08
6801.17,1904.2,1896.11,-111.929,10,2.27e+08
6800.34,1926.68,1863.65,-112.607,10,2.45e+08
6800.37,1919.18,1855.18,-111.984,10,2.46e+08
6801.16,1827.58,1728.45,-106.285,10,2.61e+08
6801.38,1794.06,1692.24,-105.636,10,2.64e+08
6801.46,1786.91,1679.18,-105.342,10,2.65e+08
6803.41,1323.72,1234.08,-83.2786,10,2.84e+08
6803.52,1285.2,1203.46,-81.6853,10,2.85e+08
6804.8,954.46,846.105,-64.7967,10,3e+08
6804.85,944.032,826.496,-64.008,10,3.01e+08
6804.91,924.931,807.888,-63.527,10,3.02e+08
6805.5,660.992,456.483,-51.2295,10,3.2e+08
6805.52,656.674,441.368,-50.9168,10,3.21e+08
6805.54,652.937,427.628,-50.7498,10,3.22e+08
6805.8,689.336,352.808,-52.2236,10,3.32e+08
6805.83,698.42,336.215,-52.0793,10,3.34e+08
6805.86,693.918,327.465,-52.1173,10,3.35e+08
6805.87,685.781,315.646,-51.9763,10,3.36e+08
6805.88,688.497,303.826,-51.673,10,3.37e+08
6805.97,640.692,169.298,-48.4805,10,3.47e+08
6805.96,644.421,154.287,-48.0389,10,3.48e+08
6805.97,653.806,143.59,-47.7774,10,3.49e+08
6806.26,706.134,32.3829,-45.9285,10,3.64e+08
6806.26,702.639,21.6868,-45.7372,10,3.65e+08
6806.27,693.916,9.76427,-45.5383,10,3.66e+08
6806.15,604.277,-113.405,-43.5105,10,3.73e+08
6806.11,516.334,-302.259,-41.6009,10,3.89e+08
6806.13,516.917,-308.665,-41.5697,10,3.9e+08
6806.57,596.142,-371.544,-38.9074,10,4.09e+08
6806.57,592.581,-380.194,-38.8767,10,4.1e+08
6806.64,615.681,-411.897,-38.1993,10,4.16e+08
6806.65,566.437,-511.975,-38.8104,10,4.28e+08
6806.64,554.083,-523.116,-39.0328,10,4.29e+08
6806.04,288.097,-757.624,-45.3184,10,4.48e+08
6806,275.7,-769.701,-45.8001,10,4.49e+08
6805.39,29.0345,-941.006,-49.5786,10,4.67e+08
6805.35,3.53456,-952.779,-49.8149,10,4.68e+08
6805.11,-57.1864,-1002.39,-51.1925,10,4.73e+08
6804.18,-291.392,-1169.71,-57.8448,10,4.86e+08
6804.11,-309,-1180.82,-58.323,10,4.87e+08
6803.56,-429.045,-1262.48,-62.2387,10,4.94e+08
6802.46,-659.109,-1408.94,-71.4828,10,5.05e+08
6802.39,-670.57,-1415.17,-71.7872,10,5.06e+08
6801.97,-706.617,-1417.97,-69.0664,10,5.14e+08
6801.71,-615.855,-1312.68,-56.0665,10,5.24e+08
6801.71,-594.429,-1292.51,-54.0005,10,5.25e+08
6802.06,-123.51,-859.985,-16.8013,10,5.43e+08
6802.1,-77.6325,-827.106,-14.5488,10,5.44e+08
6802.15,-49.2309,-795.318,-11.8881,10,5.45e+08
6802.84,476.915,-340.098,12.1271,10,5.64e+08
6802.88,502.401,-316.648,13.0642,10,5.65e+08
6802.93,518.313,-294.893,13.9516,10,5.66e+08
6803.74,890.066,87.9837,19.4419,10,5.85e+08
6803.8,895.51,106.464,19.4864,10,5.86e+08
6803.84,894.466,120.559,19.2686,10,5.87e+08
6804.24,916.656,265.437,8.81551,10,6.05e+08
6804.27,922.859,273.803,8.34287,10,6.06e+08
6804.32,919.954,281.509,7.92558,10,6.07e+08
6804.25,589.075,166.242,-2.08294,10,6.25e+08
6804.22,564.496,154.58,-2.50982,10,6.26e+08
6804.24,238.765,24.1948,-8.56326,10,6.44e+08
6804.26,206.924,17.2447,-8.83877,10,6.45e+08
6804.22,-88.8765,-104.663,-12.4963,10,6.62e+08
6804.23,-115.143,-114.559,-12.8472,10,6.64e+08
6804.23,-141.869,-122.225,-13.0201,10,6.65e+08
6804.16,-228.076,-163.831,-13.8451,10,6.7e+08
6804,-384.356,-233.257,-15.7669,10,6.83e+08
6804,-397.205,-236.399,-15.9055,10,6.84e+08
6803.89,-511.845,-265.657,-18.4432,10,7.03e+08
6803.89,-506.569,-263.989,-18.5772,10,7.04e+08
6804.89,-255.502,-63.775,-18.4958,10,7.24e+08
6804.96,-238.524,-49.2584,-18.4328,10,7.25e+08
6806.13,-32.9387,127.975,-18.2772,10,7.44e+08
6806.14,-26.2492,127.35,-18.3853,10,7.45e+08
6806.44,-104.871,73.5037,-18.8458,10,7.64e+08
6806.47,-100.687,73.5713,-18.8435,10,7.65e+08
6806.83,-232.92,-1.32634,-18.6876,10,7.83e+08
6806.85,-236.061,-6.48463,-18.6951,10,7.84e+08
6807.05,-454.818,-155.774,-18.9523,10,8.03e+08
6807.12,-486.462,-179.742,-19.1452,10,8.07e+08
6807.13,-488.922,-184.484,-19.2022,10,8.08e+08
6807.36,-573.241,-237.587,-19.9396,10,8.21e+08
6807.38,-564.55,-235.587,-20.0133,10,8.22e+08
6807.4,-560.686,-231.909,-20.0819,10,8.23e+08
6807.47,-576.544,-230.988,-20.2805,10,8.26e+08
6807.5,-580.137,-234.94,-20.5171,10,8.29e+08
6807.52,-581.727,-234.523,-20.5956,10,8.3e+08
6807.53,-576.111,-232.961,-20.6772,10,8.31e+08
6808.09,-441.644,-123.314,-21.408,10,8.49e+08
6808.11,-440.034,-121.335,-21.4899,10,8.5e+08
6808.83,-255.788,-0.656335,-21.9443,10,8.69e+08
6808.86,-237.973,6.23886,-21.982,10,8.7e+08
6809.63,-49.6781,124.52,-22.1797,10,8.9e+08
6809.73,-15.1842,152.309,-22.181,10,8.92e+08
6810.48,89.6922,238.574,-21.253,10,9.14e+08
6810.51,96.5458,242.682,-21.2552,10,9.15e+08
6810.75,157.899,280.101,-21.3908,10,9.21e+08
6810.8,173.034,290.076,-21.4757,10,9.22e+08
6810.84,188.64,300.783,-21.5751,10,9.23e+08
6811.8,388.863,447.922,-22.9952,10,9.43e+08
6811.85,393.652,452.807,-23.062,10,9.44e+08
6812.42,361.024,427.495,-21.8976,10,9.61e+08
6812.44,357.628,423.449,-21.7758,10,9.62e+08
6812.74,321.927,392.462,-21.0785,10,9.71e+08
6813.21,301.176,379.846,-21.4396,10,9.81e+08
6813.3,288.994,371.959,-21.3825,10,9.83e+08
6813.37,264.766,358.116,-21.1646,10,9.85e+08
6814.36,274.829,334.978,-22.1246,11,3e+06
6814.42,279.774,334.934,-22.2127,11,4e+06
6815.64,331.042,341.082,-23.8756,11,2.2e+07
6815.71,334.436,342.412,-24.0081,11,2.3e+07
6816.95,331.659,305.372,-24.6004,11,4.2e+07
6817.03,337.804,308.268,-24.7883,11,4.3e+07
6818.09,375.903,314.298,-26.0659,11,5.6e+07
6818.6,415.737,336.921,-27.0083,11,6.1e+07
6818.68,417.516,337.025,-27.0855,11,6.2e+07
6819.98,328.873,213.343,-25.2065,11,8.6e+07
6820.06,328.285,212.783,-25.2985,11,8.7e+07
6820.59,65.0246,6.57,-22.4305,11,1.06e+08
6820.56,44.5081,-11.6984,-22.1551,11,1.07e+08
6820.26,-193.906,-188.752,-19.8316,11,1.16e+08
6819.61,-437.214,-397.805,-17.906,11,1.26e+08
6819.57,-450.145,-411.571,-17.8286,11,1.27e+08
6818.95,-680.727,-599.052,-17.9845,11,1.45e+08
6818.94,-687.484,-602.675,-17.9904,11,1.46e+08
6818.66,-771.642,-657.776,-18.7918,11,1.54e+08
6817.93,-989.885,-803.825,-23.0295,11,1.64e+08
6817.84,-1011.93,-820.11,-23.6221,11,1.65e+08
6817.17,-931.878,-798.975,-24.4647,11,1.83e+08
6817.15,-923.732,-791.215,-24.2955,11,1.84e+08
6816.78,-845.813,-741.53,-27.0058,11,2.02e+08
6816.78,-836.289,-735.777,-27.0489,11,2.03e+08
6816.77,-830.41,-729.756,-27.0357,11,2.04e+08
6816.94,-612.872,-565.785,-24.6494,11,2.22e+08
6816.96,-594.814,-547.869,-24.0392,11,2.23e+08
6817.42,-13.0117,-90.3882,-10.7539,11,2.44e+08
6817.43,-5.38072,-79.2958,-10.674,11,2.45e+08
6817.58,259.918,137.372,-9.69675,11,2.64e+08
6817.58,272.832,147.304,-9.68601,11,2.65e+08
6817.53,278.641,201.751,-11.1158,11,2.84e+08
6817.53,279.031,204.207,-11.1994,11,2.85e+08
6817.52,275.287,206.105,-11.2842,11,2.86e+08
6817.67,213.603,205.62,-12.9091,11,3.04e+08
6817.71,210.543,212.67,-13.1721,11,3.06e+08
6818.05,219.512,260.74,-15.0947,11,3.19e+08
6818.29,199.906,267.271,-16.1263,11,3.27e+08
6818.32,194.292,268.907,-16.2825,11,3.28e+08
6818.78,-33.9484,149.513,-16.4683,11,3.47e+08
6818.79,-43.5752,141.856,-16.4477,11,3.48e+08
6819.12,-148.979,77.3515,-16.9564,11,3.62e+08
6819.26,-117.023,91.8685,-17.6422,11,3.67e+08
6819.29,-96.7992,100.941,-17.8502,11,3.68e+08
6819.74,-91.3943,140.451,-19.5945,11,3.82e+08
6819.83,-191.85,78.8021,-19.1658,11,3.88e+08
6819.83,-191.706,69.2498,-19.0653,11,3.89e+08
6820.22,-382.784,-69.1605,-18.8367,11,4.09e+08
6820.23,-393.068,-76.1092,-18.8511,11,4.1e+08
6820.57,-537.922,-190.895,-19.2651,11,4.29e+08
6820.59,-549.811,-198.588,-19.3109,11,4.3e+08
6820.93,-591.678,-250.954,-20.4933,11,4.5e+08
6820.95,-588.525,-249.868,-20.5643,11,4.51e+08
6821.15,-558.957,-228.936,-21.1137,11,4.61e+08
6821.42,-607.925,-264.959,-22.2332,11,4.71e+08
6821.45,-609.397,-271.451,-22.4075,11,4.72e+08
6821.73,-599.448,-282.699,-23.2963,11,4.81e+08
6821.96,-561.866,-258.039,-23.5965,11,4.89e+08
6821.99,-558.847,-254.351,-23.6262,11,4.9e+08
6822.01,-557.584,-251.843,-23.6709,11,4.91e+08
6822.46,-330.53,-98.1207,-23.0593,11,5.09e+08
6822.49,-324.273,-93.0735,-23.087,11,5.1e+08
6822.52,-303.379,-85.5838,-23.1267,11,5.11e+08
6823.05,-240.348,-25.8085,-23.0448,11,5.29e+08
6823.09,-235.919,-28.9391,-23.0978,11,5.3e+08
6823.42,-274.186,-56.7527,-23.2307,11,5.38e+08
6823.88,-305.76,-78.5899,-23.0863,11,5.5e+08
6823.91,-300.941,-77.4039,-23.0791,11,5.51e+08
6825.07,-527.537,-220.176,-23.3782,11,5.7e+08
6825.11,-535.214,-223.839,-23.4169,11,5.71e+08
6825.78,-487.496,-180.063,-23.5217,11,5.89e+08
6825.8,-476.135,-172.923,-23.5186,11,5.9e+08
6825.82,-312.347,-53.6414,-22.9814,11,5.99e+08
6825.68,-43.5435,151.579,-21.9803,11,6.11e+08
6825.68,187.135,319.693,-21.3176,11,6.29e+08
6825.67,196.402,326.894,-21.3089,11,6.3e+08
6825.12,525.412,546.259,-22.4481,11,6.5e+08
6825.1,549.151,555.774,-22.5141,11,6.51e+08
6824.69,647.059,634.136,-23.6022,11,6.7e+08
6824.65,648.714,637.342,-23.7797,11,6.72e+08
6824.6,501.104,524.438,-20.7466,11,6.91e+08
6824.6,496.833,517.91,-20.6229,11,6.92e+08
6824.69,505.12,493.419,-23.7685,11,7.13e+08
6824.7,497.915,489.259,-23.8539,11,7.14e+08
6824.84,494.84,468.128,-24.549,11,7.22e+08
6825.1,409.155,410.905,-25.0603,11,7.34e+08
6825.12,398.283,400.157,-24.8431,11,7.35e+08
6825.46,276.597,289.297,-23.2132,11,7.48e+08
6825.6,243.463,245.855,-22.7119,11,7.54e+08
6825.62,242.782,242.903,-22.802,11,7.55e+08
6826.06,315.42,246.492,-24.8552,11,7.73e+08
6826.1,333.339,252.842,-25.1102,11,7.75e+08
6826.23,282.655,222.492,-24.8761,11,7.81e+08
6826.55,181.76,115.259,-23.5175,11,7.94e+08
6826.57,178.503,105.516,-23.3809,11,7.95e+08
6827.08,214.703,75.414,-23.5858,11,8.14e+08
6827.1,227.106,79.1285,-23.6426,11,8.15e+08
6827.62,239.789,59.4886,-23.9023,11,8.34e+08
6827.64,237.605,53.8865,-23.888,11,8.35e+08
6827.85,200.673,13.5743,-23.8171,11,8.43e+08
6827.89,205.963,5.00396,-23.813,11,8.45e+08
6827.97,181.489,-13.1645,-23.8153,11,8.48e+08
6828.19,124.102,-67.0711,-23.8014,11,8.57e+08
6828.37,72.062,-120.154,-23.7522,11,8.65e+08
6828.39,67.4486,-123.968,-23.7564,11,8.66e+08
6828.57,62.167,-146.254,-23.6371,11,8.73e+08
6828.86,67.2122,-148.38,-23.1298,11,8.84e+08
6828.87,63.6444,-151.876,-23.121,11,8.85e+08
6829.6,336.801,12.0563,-20.7741,11,9.05e+08
6829.64,348.426,23.9947,-20.6316,11,9.06e+08
6829.95,440.088,88.992,-20.1127,11,9.15e+08
6830.25,525.731,134.405,-20.2252,11,9.26e+08
6830.28,533.015,141.336,-20.2283,11,9.27e+08
6830.95,685.921,248.342,-21.0451,11,9.46e+08
6830.96,683.795,247.14,-21.1348,11,9.47e+08
6831.09,580.843,186.794,-21.8075,11,9.57e+08
6830.98,460.045,87.2271,-21.8164,11,9.64e+08
6830.97,437.53,75.141,-21.8333,11,9.65e+08
6830.73,167.425,-108.326,-21.5197,11,9.76e+08
6830.34,-105.55,-297.287,-21.1326,11,9.83e+08
6830.29,-138.759,-319.95,-21.1079,11,9.84e+08
6829.92,-401.046,-489.056,-21.1955,11,9.91e+08
6829.27,-709.14,-704.247,-22.514,12,3e+06
6829.23,-724.764,-714.214,-22.5979,12,4e+06
6828.56,-773.695,-752.526,-21.9904,12,2.2e+07
6828.53,-756.59,-744.237,-21.7733,12,2.3e+07
6828.36,-603.233,-627.364,-17.8157,12,3.2e+07
6828.23,-482.221,-506.561,-14.56,12,4.2e+07
6828.21,-476.262,-498.448,-14.491,12,4.3e+07
6828.11,-446.241,-440.38,-17.8873,12,6.1e+07
6828.1,-434.323,-436.925,-18.1748,12,6.2e+07
6828.18,-402.572,-397.278,-19.3997,12,7.2e+07
6828.32,-321.239,-348.759,-20.4041,12,8.2e+07
6828.33,-308.206,-337.7,-20.2413,12,8.3e+07
6828.45,-238.053,-274.257,-19.5862,12,9e+07
6828.63,-208.469,-232.453,-20.2543,12,1e+08
6828.65,-204.077,-228.439,-20.3453,12,1.01e+08
6829.03,-219.459,-187.885,-21.6471,12,1.19e+08
6829.05,-236.974,-192.101,-21.8132,12,1.2e+08
6829.3,-248.284,-192.981,-22.91,12,1.3e+08
6829.5,-279.018,-179.107,-23.1808,12,1.38e+08
6829.53,-277.824,-181.153,-23.3444,12,1.39e+08
6830,-158.627,-57.8607,-23.0863,12,1.58e+08
6830.02,-140.697,-50.6065,-23.1201,12,1.59e+08
6830.06,-135.709,-34.9781,-23.0543,12,1.61e+08
6830.42,-13.5268,75.5571,-22.6341,12,1.77e+08
6830.43,2.90732,89.3891,-22.5576,12,1.78e+08
6830.62,235.924,290.877,-21.6544,12,1.96e+08
6830.63,239.043,297.263,-21.6448,12,1.97e+08
6830.75,287.685,337.787,-21.427,12,2.06e+08
6830.81,318.541,374.569,-21.2545,12,2.15e+08
6830.81,317.897,376.562,-21.2361,12,2.16e+08
6831,305.255,393.402,-20.8265,12,2.34e+08
6831,301.043,391.835,-20.7992,12,2.35e+08
6831.27,370.14,431.704,-22.4389,12,2.52e+08
6831.28,377.457,436.909,-22.666,12,2.53e+08
6831.29,390.826,442.857,-22.8831,12,2.54e+08
6831.69,506.78,519.916,-26.1916,12,2.72e+08
6831.7,501.95,516.172,-26.1302,12,2.73e+08
6831.97,162.733,282.028,-19.5912,12,2.92e+08
6831.97,138.944,264.577,-19.1046,12,2.93e+08
6832.01,-7.61094,161.449,-16.4396,12,2.99e+08
6832.04,-204.595,-8.62533,-13.0406,12,3.11e+08
6832.04,-213.124,-18.3442,-12.9411,12,3.12e+08
6832.06,-321.219,-99.5185,-12.5324,12,3.21e+08
6832.03,-455.95,-195.336,-12.2248,12,3.3e+08
6832.01,-478.943,-210.197,-12.178,12,3.31e+08
6831.95,-745.564,-387.684,-12.4795,12,3.43e+08
6831.93,-851.905,-491.119,-13.2829,12,3.49e+08
6831.93,-864.546,-501.369,-13.4455,12,3.5e+08
6831.78,-792.496,-500.907,-15.5797,12,3.68e+08
6831.75,-782.45,-493.995,-15.604,12,3.69e+08
6831.72,-555.3,-339.852,-16.9287,12,3.92e+08
6831.73,-545.802,-336.09,-17.1207,12,3.93e+08
6832.17,-469.917,-279.681,-20.0649,12,4.13e+08
6832.21,-477.209,-284.017,-20.3678,12,4.14e+08
6832.65,-518.762,-323.146,-22.9003,12,4.23e+08
6833.11,-537.364,-349.404,-24.6708,12,4.32e+08
6833.14,-534.74,-348.639,-24.7798,12,4.33e+08
6833.59,-483.922,-317.644,-25.3572,12,4.44e+08
6833.96,-520.988,-305.284,-25.8662,12,4.52e+08
6834.04,-541.61,-314.158,-26.1861,12,4.53e+08
6835.42,-793.371,-463.186,-30.747,12,4.65e+08
6836.21,-932.624,-544.637,-32.914,12,4.71e+08
6836.35,-954.829,-558.999,-33.3015,12,4.72e+08
6837.25,-1028.61,-616.688,-34.9595,12,4.8e+08
6837.82,-976.403,-582.461,-34.6486,12,4.9e+08
6837.83,-974.719,-573.666,-34.415,12,4.91e+08
6838.13,-892.335,-510.775,-33.4741,12,4.99e+08
6838.34,-763.743,-404.93,-31.667,12,5.08e+08
6838.34,-749.038,-390.41,-31.3937,12,5.09e+08
6839.11,-626.801,-250.561,-30.0003,12,5.25e+08
6839.18,-614.776,-243.849,-30.0279,12,5.26e+08
6839.22,-613.283,-236.722,-29.9728,12,5.27e+08
6840.36,-454.585,-85.8905,-28.2616,12,5.48e+08
6840.7,-226.608,95.1653,-26.1187,12,5.65e+08
6840.72,-216.957,103.977,-26.0404,12,5.66e+08
6840.74,-201.138,113.747,-25.9685,12,5.67e+08
6839.56,234.218,444.544,-24.6167,12,5.85e+08
6839.45,250.895,462.897,-24.6315,12,5.86e+08
6838.85,426.675,587.431,-24.6809,12,5.96e+08
6838.01,591.448,700.912,-25.9229,12,6.04e+08
6837.89,619.155,716.178,-26.153,12,6.05e+08
6836.96,753.29,818.571,-27.8382,12,6.15e+08
6836.27,822.394,872.872,-28.8587,12,6.24e+08
6836.2,832.091,877.488,-28.933,12,6.25e+08
6835.06,876.581,912.126,-30.9611,12,6.43e+08
6834.93,879.315,919.593,-31.6912,12,6.44e+08
6833.41,995.897,982.434,-40.1665,12,6.62e+08
6833.31,1005.35,987.192,-40.8344,12,6.63e+08
6832.14,1105.13,996.754,-47.0491,12,6.81e+08
6832.07,1117.26,997.93,-47.4061,12,6.82e+08
6831.55,1202.69,1023.91,-51.6911,12,6.9e+08
6831.03,1219.65,1036.38,-55.936,12,6.99e+08
6830.98,1224.54,1033.73,-55.9867,12,7e+08
6830.6,995.344,856.407,-50.3691,12,7.17e+08
6830.58,973.223,838.051,-49.6035,12,7.18e+08
6830.41,725.371,565.297,-41.0376,12,7.37e+08
6830.4,713.621,548.028,-40.4278,12,7.38e+08
6830.35,694.608,472.738,-39.8048,12,7.47e+08
6830.32,740.589,448.309,-41.2459,12,7.57e+08
6830.31,740.131,446.927,-41.507,12,7.58e+08
6830.55,990.127,556.591,-48.3801,12,7.75e+08
6830.56,1004,561.035,-48.6113,12,7.76e+08
6830.69,1003.69,546.536,-48.8739,12,7.84e+08
6830.74,934.556,458.373,-47.0076,12,7.93e+08
6830.74,928.873,449.384,-46.8945,12,7.94e+08
6830.89,895.48,367.138,-45.9248,12,8.04e+08
6831.2,922.493,319.917,-46.1245,12,8.14e+08
6831.24,925.103,318.787,-46.3174,12,8.15e+08
6831.46,932.946,302.546,-46.7206,12,8.2e+08
6831.99,874.273,211.579,-46.2178,12,8.35e+08
6832,867.537,201.338,-46.1008,12,8.36e+08
6832.27,783.19,112.783,-45.0942,12,8.46e+08
6832.38,674.319,17.7516,-43.9606,12,8.54e+08
6832.38,659.589,4.40338,-43.8358,12,8.55e+08
6832.5,457.929,-188.135,-41.0506,12,8.72e+08
6832.47,449.087,-200.14,-40.9243,12,8.73e+08
6832.46,445.431,-209.427,-40.7951,12,8.74e+08
6832.47,306.748,-314.712,-39.1648,12,8.85e+08
6832.28,202.081,-403.805,-38.3521,12,8.93e+08
6832.27,186.875,-412.318,-38.2302,12,8.94e+08
6832.02,-15.0999,-566.633,-36.4271,12,9.12e+08
6831.96,-24.3115,-579.197,-36.5709,12,9.13e+08
6831.74,-88.7552,-647.445,-35.9694,12,9.22e+08
6831.6,-140.534,-684.143,-35.0514,12,9.3e+08
6831.55,-159.777,-693.802,-35.1839,12,9.31e+08
6831.23,-206.534,-737.551,-35.6565,12,9.4e+08
6831.23,-192.941,-710.446,-33.5034,12,9.48e+08
6831.24,-184.553,-702.517,-33.0861,12,9.49e+08
6830.9,-338.85,-738.763,-35.1095,12,9.67e+08
6830.83,-355.906,-749.329,-35.8002,12,9.68e+08
6830.45,-436.231,-813.292,-39.7943,12,9.75e+08
6830.5,-376.754,-770.072,-36.7924,12,9.86e+08
6830.5,-371.589,-765.419,-36.5439,12,9.87e+08
6830.69,-264.021,-683.236,-32.4828,12,9.96e+08
6830.89,-219.468,-604.34,-29.8403,13,6e+06
6830.88,-214.815,-597.793,-29.8117,13,7e+06
6830.93,-247.311,-545.792,-31.1337,13,2.1e+07
6830.91,-240.716,-533.163,-31.825,13,2.5e+07
6830.92,-236.263,-525.968,-31.7337,13,2.6e+07
6830.97,-231.798,-501.794,-31.4188,13,3e+07
6831.22,-199.877,-420.415,-30.1299,13,4.4e+07
6831.22,-203.362,-418.434,-30.229,13,4.5e+07
6831.32,-263.503,-410.982,-32.583,13,6.4e+07
6831.32,-259.878,-406.716,-32.5719,13,6.5e+07
6831.55,-271.661,-351.954,-31.8552,13,7.7e+07
6831.61,-323.041,-354.04,-33.1117,13,8.5e+07
6831.62,-330.914,-351.834,-33.1546,13,8.6e+07
6831.76,-330.526,-316.837,-33.1155,13,9.4e+07
6831.95,-402.695,-296.937,-33.3295,13,1.04e+08
6831.94,-414.008,-303.438,-33.671,13,1.05e+08
6831.81,-825.691,-543.623,-40.707,13,1.23e+08
6831.8,-819.546,-550.312,-40.939,13,1.24e+08
6831.79,-942.115,-587.498,-41.9138,13,1.42e+08
6831.78,-954.574,-589.804,-42.0537,13,1.43e+08
6831.76,-955.987,-591.35,-42.2351,13,1.44e+08
6831.73,-1009.54,-561.609,-43.2333,13,1.59e+08
6831.72,-983.552,-531.168,-42.7987,13,1.62e+08
6831.7,-971.628,-517.164,-42.5201,13,1.63e+08
6831.67,-707.516,-269.1,-38.0248,13,1.81e+08
6831.66,-689.896,-251.357,-37.6748,13,1.82e+08
6831.56,-341.011,31.6358,-33.151,13,2e+08
6831.54,-322.321,48.9565,-32.9088,13,2.01e+08
6831.52,-306.817,65.0194,-32.6885,13,2.02e+08
6831.45,-128.892,245.231,-29.5311,13,2.21e+08
6831.45,-117.472,248.632,-29.4186,13,2.22e+08
6831.5,-117.317,265.915,-28.0537,13,2.32e+08
6831.53,-99.1813,281.262,-27.0707,13,2.4e+08
6831.52,-95.068,283.381,-26.97,13,2.41e+08
6831.62,-45.6639,348.901,-26.3513,13,2.6e+08
6831.62,-38.4934,351.534,-26.3108,13,2.61e+08
6832.11,-125.01,307.584,-24.5766,13,2.8e+08
6832.12,-124.839,308.78,-24.6487,13,2.81e+08
6832.12,-121.01,310.473,-24.7146,13,2.82e+08
6832.62,-210.931,258.052,-24.3397,13,2.99e+08
6832.66,-218.038,249.587,-24.1639,13,3e+08
6832.69,-217.117,243.896,-24.0426,13,3.01e+08
6833.01,-238.211,220.431,-24.3845,13,3.11e+08
6833.28,-274.504,194.722,-24.4645,13,3.19e+08
6833.3,-285.343,190.458,-24.4964,13,3.2e+08
6833.84,-361.477,119.799,-23.5977,13,3.31e+08
6834.23,-412.222,80.0015,-23.6384,13,3.4e+08
6834.28,-438.348,69.2319,-23.5576,13,3.41e+08
6834.34,-453.27,56.2644,-23.3628,13,3.42e+08
6835.97,-788.528,-221.336,-20.1554,13,3.6e+08
6836.05,-805.356,-233.419,-20.1194,13,3.61e+08
6836.47,-698.887,-177.844,-22.7777,13,3.8e+08
6836.48,-680.441,-171.845,-22.9159,13,3.81e+08
6836.39,-491.733,-59.3378,-24.3488,13,3.92e+08
6836.36,-372.031,14.3004,-25.1257,13,3.99e+08
6836.35,-352.541,25.3037,-25.236,13,4e+08
6836.31,-291.177,63.5796,-25.5209,13,4.03e+08
6835.57,107.774,337.104,-26.7241,13,4.19e+08
6835.5,129.1,353.182,-26.8004,13,4.2e+08
6834.83,388.223,510.659,-27.3588,13,4.37e+08
6834.79,397.431,514.076,-27.3645,13,4.38e+08
6834.76,411.949,518.377,-27.3715,13,4.39e+08
6834.69,381.17,471.693,-25.1386,13,4.56e+08
6834.71,370.44,462.509,-24.8612,13,4.57e+08
6834.72,366.415,454.592,-24.5855,13,4.58e+08
6835.12,181.335,325.489,-22.0363,13,4.75e+08
6835.19,170.227,309.387,-21.6114,13,4.76e+08
6835.24,149.429,294.117,-21.2943,13,4.77e+08
6836.21,-91.838,87.8335,-17.9314,13,4.92e+08
6836.56,-167.798,22.2988,-17.2088,13,4.97e+08
6836.6,-172.411,14.2019,-17.1845,13,4.98e+08
6836.78,-188.881,-1.00576,-18.4759,13,5.07e+08
6837.13,-240.843,-48.1706,-18.715,13,5.16e+08
6837.13,-250.186,-49.4945,-18.8398,13,5.17e+08
6837.15,-259.76,-53.696,-18.9111,13,5.18e+08
6837.39,-127.588,-0.885625,-20.7923,13,5.37e+08
6837.35,-105.517,12.7537,-20.9392,13,5.38e+08
6836.74,230.855,248.702,-23.1839,13,5.56e+08
6836.7,252.821,262.879,-23.3087,13,5.57e+08
6835.03,851.487,657.537,-27.5484,13,5.76e+08
6834.94,876.982,673.883,-27.8127,13,5.77e+08
6834.85,903.182,689.363,-28.0641,13,5.78e+08
6834.08,1109.13,807.628,-30.7227,13,5.87e+08
6833.44,1226.89,869.338,-33.1927,13,5.95e+08
6833.35,1243.74,877.673,-33.561,13,5.96e+08
6833.26,1257.77,886.723,-33.9955,13,5.97e+08
6831.95,1248.19,906.583,-38.5564,13,6.16e+08
6831.89,1246.17,898.232,-38.3775,13,6.17e+08
6831.48,1112.08,788.956,-37.3385,13,6.27e+08
6831.22,1037.01,681.167,-36.6468,13,6.36e+08
6831.18,1034.58,673.66,-36.8892,13,6.37e+08
6830.92,858.898,483.196,-37.4958,13,6.55e+08
6830.9,837.119,467.793,-37.2882,13,6.56e+08
6830.81,527.639,222.077,-32.9599,13,6.74e+08
6830.8,513.142,208.401,-32.7149,13,6.75e+08
6830.86,341.8,24.4455,-30.6072,13,7.01e+08
6830.86,337.932,22.8235,-30.6755,13,7.02e+08
6830.86,336.22,19.8289,-30.7048,13,7.03e+08
6831.12,369.863,-8.39611,-30.1166,13,7.21e+08
6831.15,386.007,-4.66683,-30.0426,13,7.23e+08
6831.36,461.983,31.4215,-29.8411,13,7.3e+08
6831.67,439.547,0.935667,-29.8626,13,7.44e+08
6832.01,346.421,-107.552,-30.7633,13,7.62e+08
6832.03,359.898,-107.254,-30.8166,13,7.63e+08
6832.91,557.153,17.7318,-29.6995,13,7.79e+08
6833.02,583.603,35.7176,-29.5163,13,7.81e+08
6833.07,592.731,43.673,-29.4342,13,7.82e+08
6833.32,432.642,-76.3408,-31.0289,13,8e+08
6833.3,425.814,-86.0441,-31.166,13,8.01e+08
6833.43,205.61,-248.713,-32.4921,13,8.2e+08
6833.42,197.727,-256.286,-32.5569,13,8.21e+08
6834.02,232.411,-232.838,-30.5232,13,8.39e+08
6834.06,244.81,-223.696,-30.2834,13,8.4e+08
6835.33,483.734,-22.9544,-25.5974,13,8.58e+08
6835.37,486.782,-18.8041,-25.5533,13,8.59e+08
6835.79,529.607,17.1151,-25.2021,13,8.67e+08
6835.89,437.824,-37.2327,-26.6971,13,8.77e+08
6835.89,436.081,-41.2404,-26.8385,13,8.78e+08
6836.09,383.392,-71.0452,-27.6489,13,8.87e+08
6836.37,301.37,-111.651,-28.5276,13,8.97e+08
6836.36,279.594,-123.067,-28.701,13,8.98e+08
6836.32,163.757,-206.443,-29.9353,13,9.06e+08
6835.96,-64.4305,-365.459,-31.9694,13,9.16e+08
6835.91,-84.1339,-379.593,-32.1609,13,9.17e+08
6835.52,-327.432,-518.927,-32.9618,13,9.35e+08
6835.51,-333.014,-521.137,-32.9285,13,9.36e+08
6835.21,-480.536,-592.843,-33.8284,13,9.45e+08
6834.7,-632.223,-700.248,-36.1715,13,9.54e+08
6834.63,-641.831,-711.345,-36.4821,13,9.55e+08
6833.99,-723.627,-762.577,-37.0576,13,9.73e+08
6833.95,-728.822,-763.227,-37.167,13,9.74e+08
6833.36,-894.411,-775.191,-40.6866,13,9.92e+08
6833.3,-904.915,-783.741,-41.5054,13,9.93e+08
6833.03,-775.358,-661.271,-39.5663,14,1.1e+07
6833.01,-759.642,-649.432,-39.2012,14,1.2e+07
6833.02,-565.604,-507.836,-34.1324,14,2.1e+07
6833.08,-416.154,-376.347,-30.6462,14,3.1e+07
6833.08,-387.487,-360.77,-30.4473,14,3.2e+07
6833.18,-72.4117,-47.194,-23.3431,14,5.1e+07
6833.17,-69.5918,-40.5144,-23.3622,14,5.2e+07
6833.22,-16.1247,34.113,-23.8672,14,6.6e+07
6833.22,0.864349,69.7093,-23.4748,14,7.2e+07
6833.2,-1.29981,70.4759,-23.5108,14,7.3e+07
6833.22,-139.417,6.86021,-24.2424,14,8.2e+07
6833.26,-121.337,20.8392,-24.1894,14,9.2e+07
6833.25,-113.628,28.3046,-24.1777,14,9.3e+07
6833.48,-60.2079,135.938,-24.7662,14,1.11e+08
6833.49,-64.8468,133.723,-24.8247,14,1.12e+08
6833.79,-106.248,122.757,-25.5817,14,1.27e+08
6833.84,-94.8184,138.755,-25.8719,14,1.3e+08
6833.84,-91.311,143.328,-25.9678,14,1.31e+08
6834.34,-182.681,113.717,-26.5412,14,1.51e+08
6834.35,-184.069,113.766,-26.6029,14,1.52e+08
6834.86,-181.15,136.432,-27.8593,14,1.72e+08
6834.87,-185.477,133.997,-27.8787,14,1.73e+08
6834.89,-186.306,131.899,-27.8897,14,1.74e+08
6835.42,-264.732,78.2844,-28.0068,14,1.92e+08
6835.44,-270.191,75.1857,-28.0202,14,1.93e+08
6835.87,-307.293,42.2078,-28.012,14,2.07e+08
6835.96,-296.213,51.3191,-28.2686,14,2.11e+08
6835.96,-287.534,56.4781,-28.373,14,2.12e+08
6836.24,-44.9353,217.531,-30.4248,14,2.3e+08
6836.24,-25.876,229.582,-30.5482,14,2.31e+08
6836.29,184.688,387.229,-31.9197,14,2.43e+08
6836.3,246.324,440.184,-32.2575,14,2.49e+08
6836.3,253.007,443.064,-32.2181,14,2.5e+08
6836.4,374.874,471.06,-31.2723,14,2.68e+08
6836.38,394.821,482.393,-31.5655,14,2.69e+08
6836.33,449.348,511.937,-32.1916,14,2.83e+08
6836.34,425.825,490.105,-31.3909,14,2.87e+08
6836.33,414.311,482.548,-31.1559,14,2.88e+08
6836.47,418.161,472.716,-31.0785,14,3.06e+08
6836.47,410.601,467.611,-30.9868,14,3.07e+08
6836.78,119.707,220.431,-25.2798,14,3.25e+08
6836.79,94.5623,200.6,-24.8509,14,3.26e+08
6837.1,-224.85,-82.8435,-19.7258,14,3.45e+08
6837.1,-229.719,-89.7872,-19.6899,14,3.46e+08
6837.18,-366.343,-179.456,-19.0696,14,3.55e+08
6837.21,-457.498,-264.112,-18.825,14,3.64e+08
6837.2,-468.148,-274.818,-18.8313,14,3.65e+08
6837.23,-550.255,-343.482,-19.0142,14,3.71e+08
6837.38,-738.375,-532.842,-20.6882,14,3.85e+08
6837.39,-745.614,-540.214,-20.8449,14,3.86e+08
6837.56,-879.432,-629.945,-23.278,14,3.97e+08
6837.69,-946.62,-670.446,-25.0937,14,4.03e+08
6837.71,-951.229,-674.59,-25.4009,14,4.04e+08
6837.98,-1038.11,-712.028,-28.4076,14,4.14e+08
6838.14,-1013.9,-698.802,-29.6838,14,4.22e+08
6838.14,-1012.01,-694.289,-29.7076,14,4.23e+08
6838.2,-904.463,-640.531,-29.3441,14,4.31e+08
6838.24,-766.62,-556.55,-28.175,14,4.41e+08
6838.25,-753.884,-548.58,-28.1242,14,4.42e+08
6838.44,-610.939,-472.968,-28.1425,14,4.51e+08
6837.97,-344.455,-246.841,-22.634,14,4.6e+08
6837.93,-323.398,-226.617,-22.2477,14,4.61e+08
6837.51,32.5893,66.9101,-18.1921,14,4.78e+08
6837.46,47.618,80.5441,-18.0567,14,4.79e+08
6836.67,385.51,318.014,-16.2789,14,4.93e+08
6836.32,497.451,400.033,-16.0752,14,4.97e+08
6836.22,508.706,417.979,-16.0615,14,4.98e+08
6835.95,571.765,480.352,-16.3631,14,5.03e+08
6835.09,769.297,648.879,-18.524,14,5.16e+08
6835,769.952,660.411,-18.8109,14,5.17e+08
6834.48,741.718,658.113,-20.1428,14,5.32e+08
6834.42,720.422,644.904,-20.2106,14,5.34e+08
6834.39,712.026,636.262,-20.1457,14,5.35e+08
6834.35,614.736,557.768,-19.3745,14,5.42e+08
6834.4,482.205,439.984,-18.4079,14,5.53e+08
6834.39,467.741,432.548,-18.5111,14,5.54e+08
6834.33,368.243,377.079,-21.422,14,5.71e+08
6834.33,361.729,372.861,-21.5108,14,5.72e+08
6834.36,333.125,355.014,-22.4375,14,5.79e+08
6834.47,244.789,301.956,-23.0177,14,5.89e+08
6834.47,239.579,297.65,-23.1092,14,5.9e+08
6834.83,42.0598,141.925,-22.1139,14,6.05e+08
6834.93,21.6618,109.903,-22.1917,14,6.1e+08
6834.94,18.7683,106.599,-22.3123,14,6.11e+08
6835.08,37.4608,104.158,-24.5244,14,6.29e+08
6835.1,32.224,100.996,-24.7108,14,6.32e+08
6835.38,-62.747,25.7148,-24.3697,14,6.42e+08
6835.58,-61.408,-1.39995,-24.5833,14,6.5e+08
6835.59,-69.2591,-5.15272,-24.6433,14,6.51e+08
6836.26,-242.398,-146.657,-24.6528,14,6.69e+08
6836.32,-262.355,-164.801,-24.6051,14,6.7e+08
6836.89,-452.363,-321.654,-24.3673,14,6.78e+08
6837.29,-496.407,-367.184,-24.5837,14,6.88e+08
6837.31,-505.58,-371.606,-24.6269,14,6.89e+08
6837.63,-537.299,-402.28,-24.9419,14,6.97e+08
6837.89,-532.056,-407.05,-24.9759,14,7.07e+08
6837.9,-521.628,-405.515,-24.9856,14,7.08e+08
6838.07,-307.223,-286.035,-23.3403,14,7.26e+08
6838.04,-293.533,-272.319,-23.1045,14,7.27e+08
6838.05,-60.0927,-84.4281,-21.3285,14,7.44e+08
6838.05,-54.874,-77.0697,-21.3161,14,7.45e+08
6838.07,60.5429,0.325301,-21.0606,14,7.53e+08
6837.78,240.488,132.054,-20.0254,14,7.62e+08
6837.75,256.098,142.568,-19.9994,14,7.63e+08
6837.61,376.84,246.678,-20.5158,14,7.81e+08
6837.61,379.197,245.394,-20.5957,14,7.82e+08
6837.79,341.891,228.3,-21.839,14,8e+08
6837.78,347.299,230.533,-21.9389,14,8.01e+08
6837.57,447.736,306.941,-23.5705,14,8.1e+08
6837.4,533.999,373.57,-25.4847,14,8.2e+08
6837.39,544.192,377.493,-25.6423,14,8.21e+08
6837.35,584.355,404.709,-27.6893,14,8.38e+08
6837.35,571.015,399.57,-27.7007,14,8.39e+08
6837.35,576.522,395.533,-27.6538,14,8.4e+08
6837.17,710.095,528.578,-32.2281,14,8.62e+08
6837.17,716.219,526.754,-32.1917,14,8.63e+08
6837.32,578.494,422.314,-31.6596,14,8.82e+08
6837.33,553.674,400.006,-31.1726,14,8.83e+08
6837.52,602.128,350.967,-32.4941,14,9.01e+08
6837.51,613.442,359.487,-32.9323,14,9.02e+08
6837.5,626.263,367.55,-33.3354,14,9.03e+08
6837.77,728.095,449.462,-37.3906,14,9.22e+08
6837.78,732.103,449.116,-37.411,14,9.23e+08
6838.25,854.727,537.808,-40.7804,14,9.43e+08
6838.26,852.903,532.471,-40.7382,14,9.44e+08
6838.48,791.056,429.557,-39.5286,14,9.57e+08
6838.58,775.179,400.854,-39.5762,14,9.62e+08
6838.59,779.395,395.508,-39.5581,14,9.63e+08
6838.75,757.823,358.287,-39.6024,14,9.7e+08
6838.96,667.01,276.157,-38.5991,14,9.81e+08
6838.97,661.988,270.581,-38.5592,14,9.82e+08
