0.000561315,-1.42065e-05,5,1.22e+08
0.000539832,-1.45047e-05,5,1.27e+08
0.000535788,-1.46828e-05,5,1.3e+08
0.000567028,-1.43128e-05,5,1.4e+08
0.000471536,-1.50011e-05,5,1.53e+08
0.000490525,-1.49591e-05,5,1.55e+08
0.000775014,-1.39051e-05,5,1.71e+08
0.0007424,-1.42752e-05,5,1.73e+08
0.00070036,-1.44539e-05,5,1.74e+08
0.000491496,-1.79832e-05,5,1.82e+08
7.77565e-05,-2.60076e-05,5,1.92e+08
2.45259e-05,-2.71131e-05,5,1.93e+08
-0.0006446,-5.30156e-05,5,2.12e+08
-0.000640742,-5.42304e-05,5,2.13e+08
-0.000495804,-6.66252e-05,5,2.26e+08
-0.000485543,-6.74297e-05,5,2.27e+08
-0.000483921,-6.82145e-05,5,2.28e+08
-0.000480908,-6.89922e-05,5,2.29e+08
-0.000499616,-7.56902e-05,5,2.38e+08
-0.000598806,-8.26812e-05,5,2.48e+08
-0.000594766,-8.33757e-05,5,2.49e+08
-0.000608667,-9.27703e-05,5,2.63e+08
-0.000684225,-9.87148e-05,5,2.72e+08
-0.000685936,-9.9382e-05,5,2.73e+08
-0.000822844,-0.000103779,5,2.8e+08
-0.000862114,-0.000104334,5,2.81e+08
-0.00118055,-0.000108974,5,2.91e+08
-0.00124438,-0.000109233,5,2.92e+08
-0.00138552,-0.000111344,5,3.09e+08
-0.00143515,-0.000111295,5,3.11e+08
-0.00145918,-0.000111259,5,3.12e+08
-0.00177484,-0.000108629,5,3.31e+08
-0.0017659,-0.000108531,5,3.32e+08
-0.00179204,-0.000110281,5,3.5e+08
-0.00177485,-0.000110673,5,3.51e+08
-0.00160444,-0.000126375,5,3.69e+08
-0.00165369,-0.000127595,5,3.7e+08
-0.00233382,-0.000152505,5,3.89e+08
-0.00234152,-0.000153819,5,3.9e+08
-0.00209737,-0.000180123,5,4.08e+08
-0.00207652,-0.000181869,5,4.09e+08
-0.00185821,-0.000201805,5,4.19e+08
-0.00149413,-0.000222116,5,4.27e+08
-0.00142376,-0.000225021,5,4.28e+08
-0.00101978,-0.000251077,5,4.36e+08
-0.000992849,-0.000289254,5,4.46e+08
-0.00100028,-0.000293288,5,4.47e+08
-0.00105264,-0.000330337,5,4.56e+08
-0.00111411,-0.000366712,5,4.65e+08
-0.0011227,-0.000370629,5,4.66e+08
-0.0011005,-0.000389886,5,4.71e+08
-0.000704527,-0.000437536,5,4.84e+08
-0.000693176,-0.000441045,5,4.85e+08
-0.000549209,-0.000501931,5,5.04e+08
-0.000491963,-0.000504853,5,5.05e+08
0.000309704,-0.000536451,5,5.16e+08
0.000703934,-0.000559658,5,5.24e+08
0.000720435,-0.000562539,5,5.25e+08
0.00173048,-0.00060447,5,5.39e+08
0.00208883,-0.000617188,5,5.43e+08
0.00217832,-0.000620442,5,5.44e+08
0.00329738,-0.000704697,5,5.71e+08
0.00330079,-0.000706947,5,5.72e+08
0.00349068,-0.000724998,5,5.9e+08
0.00351188,-0.000724579,5,5.91e+08
0.00359864,-0.000722438,5,5.94e+08
0.00389787,-0.000690489,5,6.09e+08
0.0039101,-0.00068712,5,6.1e+08
0.00372368,-0.000648699,5,6.19e+08
0.00300055,-0.000593959,5,6.28e+08
0.00288521,-0.000586681,5,6.29e+08
0.00195032,-0.000501257,5,6.39e+08
0.00104272,-0.000415132,5,6.47e+08
0.000935391,-0.000403324,5,6.48e+08
-0.00042559,-0.000230661,5,6.61e+08
-0.000899913,-0.000126378,5,6.68e+08
-0.000977693,-0.000110993,5,6.69e+08
-0.00159231,1.5066e-05,5,6.77e+08
-0.00196691,0.00017506,5,6.87e+08
-0.00194611,0.000190808,5,6.88e+08
-0.00135859,0.000448697,5,7.06e+08
-0.00133236,0.00046105,5,7.07e+08
-0.00117942,0.000598301,5,7.2e+08
-0.00096265,0.000638843,5,7.25e+08
-0.000894566,0.000646082,5,7.26e+08
-0.000376793,0.000693735,5,7.34e+08
0.000163567,0.000734017,5,7.47e+08
0.000197769,0.000735352,5,7.48e+08
0.000237486,0.000738862,5,7.55e+08
-3.63703e-05,0.000727333,5,7.66e+08
-0.00012507,0.000725635,5,7.67e+08
-0.00150489,0.000688151,5,7.87e+08
-0.00155032,0.000686488,5,7.88e+08
-0.00200577,0.000670573,5,7.99e+08
-0.00242197,0.000661304,5,8.07e+08
-0.00246738,0.000660247,5,8.08e+08
-0.00330036,0.000642895,5,8.26e+08
-0.00331552,0.000641851,5,8.27e+08
-0.0027758,0.00060981,5,8.45e+08
-0.00273138,0.000606813,5,8.46e+08
-0.00220421,0.000571721,5,8.55e+08
-0.0015056,0.000520242,5,8.64e+08
-0.00145921,0.000513508,5,8.65e+08
-0.000265182,0.000359702,5,8.83e+08
-0.000237326,0.000349533,5,8.84e+08
-0.000248426,0.00015149,5,9.02e+08
-0.000252978,0.000140179,5,9.03e+08
0.000220938,-5.68737e-05,5,9.21e+08
0.000298652,-6.7306e-05,5,9.22e+08
0.000376442,-7.76849e-05,5,9.23e+08
0.00155804,-0.000256197,5,9.41e+08
0.00163243,-0.000265646,5,9.42e+08
0.00170387,-0.00027505,5,9.43e+08
0.00236596,-0.000330716,5,9.49e+08
0.00306728,-0.000438526,5,9.61e+08
0.00310524,-0.000447157,5,9.62e+08
0.00329861,-0.000542851,5,9.74e+08
0.00339524,-0.000583095,5,9.8e+08
0.00340539,-0.000589199,5,9.81e+08
0.00326204,-0.000642666,5,9.92e+08
0.00304402,-0.000664031,6,0
0.00300734,-0.000665566,6,1e+06
0.00282456,-0.000647624,6,2e+07
0.00280359,-0.000644391,6,2.1e+07
0.00261117,-0.000539788,6,4.1e+07
0.00258256,-0.000532809,6,4.2e+07
0.0030239,-0.000387235,6,6e+07
0.00304418,-0.000378403,6,6.1e+07
0.00333916,-0.000306291,6,6.9e+07
0.00439708,-0.000216161,6,7.9e+07
0.00452169,-0.000207405,6,8e+07
0.00555149,-0.000108291,6,9.2e+07
0.00599414,-5.48431e-05,6,9.9e+07
0.00608271,-4.74381e-05,6,1e+08
0.007974,8.15335e-05,6,1.19e+08
0.00805079,8.79262e-05,6,1.2e+08
0.00853394,0.000153078,6,1.3e+08
0.00859769,0.0002118,6,1.38e+08
0.0086445,0.000227806,6,1.4e+08
0.00864475,0.000299287,6,1.48e+08
0.00853866,0.000419933,6,1.59e+08
0.00852148,0.000432295,6,1.6e+08
0.0080557,0.000713106,6,1.79e+08
0.00800694,0.00073041,6,1.8e+08
0.0071096,0.00112436,6,2e+08
0.00704629,0.00114632,6,2.01e+08
0.00593513,0.00159491,6,2.2e+08
0.00587885,0.0016198,6,2.21e+08
0.00473023,0.00208028,6,2.39e+08
0.00466198,0.00210627,6,2.4e+08
0.00376212,0.00236716,6,2.5e+08
0.00311743,0.00257442,6,2.58e+08
0.00300111,0.00260023,6,2.59e+08
0.00232428,0.00275383,6,2.65e+08
0.00112947,0.00309831,6,2.79e+08
2.1798e-05,0.00349586,6,2.97e+08
-1.27275e-06,0.00351586,6,2.98e+08
-0.000847314,0.00386152,6,3.18e+08
-0.000900741,0.00387577,6,3.19e+08
-0.00174898,0.00405232,6,3.34e+08
-0.00194091,0.00407926,6,3.37e+08
-0.00201291,0.00408765,6,3.38e+08
-0.00334561,0.00419219,6,3.58e+08
-0.0034126,0.00419443,6,3.59e+08
-0.00397792,0.00420303,6,3.67e+08
-0.00475321,0.00419189,6,3.77e+08
-0.00482157,0.00418944,6,3.78e+08
-0.00546459,0.00415712,6,3.87e+08
-0.00632276,0.00410752,6,3.96e+08
-0.00647191,0.00410127,6,3.97e+08
-0.00820489,0.00393817,6,4.16e+08
-0.00827664,0.00392737,6,4.17e+08
-0.00914463,0.00378075,6,4.29e+08
-0.00957394,0.00367946,6,4.36e+08
-0.00962665,0.00366396,6,4.37e+08
-0.0101503,0.00347629,6,4.48e+08
-0.010742,0.0033232,6,4.56e+08
-0.0108581,0.00330351,6,4.57e+08
-0.0120389,0.00302668,6,4.7e+08
-0.0122976,0.00288431,6,4.76e+08
-0.0123381,0.00285978,6,4.77e+08
-0.0125712,0.00233958,6,4.96e+08
-0.0125445,0.00230891,6,4.97e+08
-0.0119687,0.00170206,6,5.15e+08
-0.0119331,0.00166544,6,5.16e+08
-0.0117978,0.00147892,6,5.21e+08
-0.010538,0.000865385,6,5.36e+08
-0.0104563,0.00082238,6,5.37e+08
-0.00886095,-3.10403e-05,6,5.56e+08
-0.00876007,-7.76464e-05,6,5.57e+08
-0.00653575,-0.000934559,6,5.75e+08
-0.00643258,-0.00098217,6,5.76e+08
-0.00472996,-0.0018691,6,5.95e+08
-0.00453859,-0.00200292,6,5.98e+08
-0.00373609,-0.00281716,6,6.18e+08
-0.00367319,-0.00285417,6,6.19e+08
-0.00225415,-0.00353122,6,6.4e+08
-0.000875986,-0.00396608,6,6.58e+08
-0.000816242,-0.00398609,6,6.59e+08
-0.000578001,-0.0040445,6,6.62e+08
0.000498433,-0.00427762,6,6.77e+08
0.000512422,-0.00428886,6,6.78e+08
0.000406109,-0.00440758,6,6.97e+08
0.000372871,-0.00440843,6,6.98e+08
0.000189862,-0.0044058,6,7.02e+08
-0.000368589,-0.00431578,6,7.18e+08
-0.000422312,-0.00430563,6,7.19e+08
-0.000661611,-0.00418373,6,7.29e+08
-0.00101207,-0.00403612,6,7.38e+08
-0.00105167,-0.00401781,6,7.39e+08
-0.00159139,-0.00363537,6,7.57e+08
-0.00161019,-0.00361173,6,7.58e+08
-0.00153323,-0.00316515,6,7.76e+08
-0.00157072,-0.00313864,6,7.77e+08
-0.00161893,-0.00311188,6,7.78e+08
-0.00165679,-0.0030852,6,7.79e+08
-0.00171463,-0.00300553,6,7.82e+08
-0.00199323,-0.0026003,6,7.97e+08
-0.00199577,-0.00257334,6,7.98e+08
-0.00179589,-0.00217609,6,8.13e+08
-0.0017193,-0.00207302,6,8.17e+08
-0.00168049,-0.00204778,6,8.18e+08
-0.00142286,-0.00163062,6,8.35e+08
-0.00146808,-0.00151309,6,8.4e+08
-0.0014987,-0.00148964,6,8.41e+08
-0.00183538,-0.00123849,6,8.52e+08
-0.00196245,-0.00108603,6,8.59e+08
-0.00198079,-0.00106463,6,8.6e+08
-0.00223398,-0.000677406,6,8.79e+08
-0.00219594,-0.000658871,6,8.8e+08
-0.00174052,-0.000466178,6,8.91e+08
-0.00152301,-0.000354028,6,8.98e+08
-0.0014845,-0.000338891,6,8.99e+08
-1.63383e-05,-0.000102736,6,9.18e+08
6.28236e-05,-9.26505e-05,6,9.19e+08
0.00192172,4.87967e-05,6,9.38e+08
0.00203383,5.37884e-05,6,9.39e+08
0.00311697,8.3519e-05,6,9.47e+08
0.00419688,0.000107812,6,9.57e+08
0.00427042,0.000109958,6,9.58e+08
0.00574843,0.000134966,6,9.76e+08
0.00582769,0.000136211,6,9.77e+08
0.00670574,0.000186365,6,9.97e+08
0.00672765,0.000190564,6,9.98e+08
0.00693731,0.00023717,7,7e+06
0.0068947,0.00031604,7,1.7e+07
0.00691578,0.000324985,7,1.8e+07
0.00637001,0.000568447,7,3.7e+07
0.00630281,0.000585143,7,3.8e+07
0.00503508,0.000943991,7,5.6e+07
0.00496919,0.000966791,7,5.7e+07
0.00452562,0.00115735,7,6.5e+07
0.00402138,0.00144056,7,7.6e+07
0.00398273,0.00146723,7,7.7e+07
0.00326676,0.00199191,7,9.6e+07
0.00326122,0.00201951,7,9.7e+07
0.00218081,0.00261097,7,1.18e+08
0.00201566,0.00266768,7,1.2e+08
0.00193741,0.00269591,7,1.21e+08
0.000569764,0.00324578,7,1.41e+08
0.000490275,0.00327269,7,1.42e+08
-7.8454e-05,0.00345847,7,1.49e+08
-0.00131193,0.00376875,7,1.61e+08
-0.00143236,0.00379414,7,1.62e+08
-0.0022804,0.0039462,7,1.68e+08
-0.00491849,0.00427705,7,1.81e+08
-0.00513772,0.00430225,7,1.82e+08
-0.00534515,0.00432719,7,1.83e+08
-0.0101202,0.00478911,7,2.01e+08
-0.01041,0.00481522,7,2.02e+08
-0.0148297,0.00532516,7,2.23e+08
-0.0154135,0.00545607,7,2.3e+08
-0.0154768,0.00547249,7,2.31e+08
-0.0164295,0.00566048,7,2.5e+08
-0.0164575,0.00566295,7,2.51e+08
-0.0166127,0.00556307,7,2.69e+08
-0.0165944,0.00554895,7,2.7e+08
-0.0158459,0.00509916,7,2.89e+08
-0.0158241,0.0050674,7,2.9e+08
-0.015836,0.00438253,7,3.08e+08
-0.0158492,0.00433869,7,3.09e+08
-0.0154898,0.0038012,7,3.2e+08
-0.015305,0.00298181,7,3.35e+08
-0.0152906,0.00292401,7,3.36e+08
-0.0150309,0.00238477,7,3.45e+08
-0.0147533,0.00182206,7,3.54e+08
-0.0147399,0.00175904,7,3.55e+08
-0.0144625,0.00124266,7,3.63e+08
-0.0140864,0.000585013,7,3.73e+08
-0.0140621,0.000519308,7,3.74e+08
-0.013826,0.000121065,7,3.8e+08
-0.0134855,-0.0006686,7,3.92e+08
-0.0134554,-0.000734064,7,3.93e+08
-0.0130987,-0.00132174,7,4.02e+08
-0.0127125,-0.00190028,7,4.11e+08
-0.0126694,-0.0019638,7,4.12e+08
-0.0123434,-0.00270404,7,4.24e+08
-0.0124183,-0.00305242,7,4.3e+08
-0.0124485,-0.0031088,7,4.31e+08
-0.0121711,-0.00409586,7,4.49e+08
-0.0121133,-0.00419963,7,4.51e+08
-0.0112458,-0.00504016,7,4.68e+08
-0.0111725,-0.00508748,7,4.69e+08
-0.0110825,-0.00513509,7,4.7e+08
-0.00964192,-0.0056978,7,4.82e+08
-0.00879333,-0.00597014,7,4.88e+08
-0.00866557,-0.0060142,7,4.89e+08
-0.00768163,-0.00635653,7,4.97e+08
-0.00678951,-0.00674692,7,5.07e+08
-0.00671511,-0.00678363,7,5.08e+08
-0.00523469,-0.00743571,7,5.28e+08
-0.0051525,-0.00746419,7,5.29e+08
-0.00406734,-0.00788568,7,5.47e+08
-0.00399911,-0.007905,7,5.48e+08
-0.00267975,-0.00817498,7,5.66e+08
-0.00258445,-0.00818634,7,5.67e+08
-0.00120066,-0.00830044,7,5.85e+08
-0.00116803,-0.00830084,7,5.86e+08
-0.000249074,-0.00826143,7,6.02e+08
3.15477e-05,-0.00824608,7,6.05e+08
0.000115236,-0.0082398,7,6.06e+08
0.000758138,-0.00818765,7,6.13e+08
0.00177389,-0.00805547,7,6.25e+08
0.00186548,-0.00804261,7,6.26e+08
0.00195386,-0.00802932,7,6.27e+08
0.002622,-0.00784983,7,6.38e+08
0.00301613,-0.0077138,7,6.45e+08
0.00310153,-0.00769428,7,6.46e+08
0.00538424,-0.00727097,7,6.66e+08
0.005529,-0.00724876,7,6.67e+08
0.0064544,-0.0070847,7,6.74e+08
0.00759107,-0.00676529,7,6.86e+08
0.00764682,-0.00673577,7,6.87e+08
0.00911425,-0.00626617,7,7.03e+08
0.00936028,-0.00617155,7,7.06e+08
0.00944113,-0.00613956,7,7.07e+08
0.0100827,-0.00548162,7,7.25e+08
0.0100683,-0.00543969,7,7.26e+08
0.00997617,-0.00500446,7,7.36e+08
0.00975873,-0.00447983,7,7.47e+08
0.00973913,-0.00443015,7,7.48e+08
0.00955257,-0.00401989,7,7.56e+08
0.00891451,-0.00345728,7,7.66e+08
0.00886217,-0.00340007,7,7.67e+08
0.00815558,-0.00269064,7,7.79e+08
0.00790436,-0.00233162,7,7.85e+08
0.00786398,-0.00227144,7,7.86e+08
0.00673823,-0.000980914,7,8.07e+08
0.0066761,-0.000919173,7,8.08e+08
0.00577547,0.000214918,7,8.27e+08
0.005679,0.000275728,7,8.28e+08
0.00560087,0.000335332,7,8.29e+08
0.00467323,0.000875626,7,8.38e+08
0.00373829,0.00139985,7,8.47e+08
0.00368027,0.00145439,7,8.48e+08
0.00339845,0.00238306,7,8.67e+08
0.00340287,0.00242695,7,8.68e+08
0.00328548,0.0028104,7,8.77e+08
0.00310236,0.00323011,7,8.88e+08
0.00311221,0.00326397,7,8.89e+08
0.00292827,0.00350174,7,8.96e+08
0.00239617,0.00384374,7,9.07e+08
0.00234474,0.0038724,7,9.08e+08
0.00143731,0.00417965,7,9.19e+08
0.000666792,0.00436233,7,9.26e+08
0.000548848,0.0043875,7,9.27e+08
-0.000382149,0.00463714,7,9.39e+08
-0.000789525,0.00474073,7,9.45e+08
-0.0008585,0.00475687,7,9.46e+08
-0.00245304,0.00503423,7,9.69e+08
-0.00256175,0.00504442,7,9.7e+08
-0.00475415,0.00518909,7,9.88e+08
-0.00487355,0.00519423,7,9.89e+08
-0.00609709,0.00524085,7,9.97e+08
-0.00774238,0.00528324,8,7e+06
-0.00791892,0.00528691,8,8e+06
-0.0102118,0.00529413,8,2.3e+07
-0.0106321,0.00528721,8,2.6e+07
-0.0107814,0.00528502,8,2.7e+07
-0.013186,0.00518648,8,4.5e+07
-0.0132971,0.00517702,8,4.6e+07
-0.0140737,0.0051017,8,5.3e+07
-0.0149751,0.00492371,8,6.4e+07
-0.0150188,0.00490222,8,6.5e+07
-0.0149428,0.00434957,8,8.3e+07
-0.0149823,0.00431612,8,8.4e+07
-0.0150615,0.00405116,8,9.1e+07
-0.0149632,0.00351375,8,1.03e+08
-0.0149816,0.00346748,8,1.04e+08
-0.0146594,0.0024506,8,1.23e+08
-0.014594,0.00238868,8,1.24e+08
-0.0141714,0.00188558,8,1.32e+08
-0.0136795,0.00116324,8,1.43e+08
-0.01365,0.00109702,8,1.44e+08
-0.0124325,-0.000250918,8,1.63e+08
-0.0122835,-0.000330445,8,1.64e+08
-0.010254,-0.00138808,8,1.77e+08
-0.00942068,-0.00187491,8,1.83e+08
-0.00908989,-0.00204187,8,1.85e+08
-0.00671376,-0.00349034,8,2.03e+08
-0.00660253,-0.00356784,8,2.04e+08
-0.00564482,-0.00482649,8,2.22e+08
-0.00563406,-0.00488916,8,2.23e+08
-0.00443072,-0.00600683,8,2.41e+08
-0.00431362,-0.00606772,8,2.42e+08
-0.00297004,-0.00701056,8,2.6e+08
-0.00291917,-0.00705559,8,2.61e+08
-0.00258015,-0.00762244,8,2.76e+08
-0.00250818,-0.00774745,8,2.8e+08
-0.00248504,-0.00777745,8,2.81e+08
-0.00207127,-0.0082073,8,2.99e+08
-0.00204961,-0.00822517,8,3e+08
-0.00203206,-0.00824212,8,3.01e+08
-0.00192768,-0.00829342,8,3.04e+08
-0.00128046,-0.00847834,8,3.18e+08
-0.00120334,-0.00848999,8,3.19e+08
-0.00113152,-0.00850073,8,3.2e+08
0.000393508,-0.00863674,8,3.38e+08
0.000472112,-0.00864,8,3.39e+08
0.00121759,-0.00866197,8,3.47e+08
0.00229352,-0.00867032,8,3.57e+08
0.00241454,-0.0086705,8,3.58e+08
0.0034171,-0.00866462,8,3.66e+08
0.00433642,-0.00859283,8,3.77e+08
0.00441053,-0.00858394,8,3.78e+08
0.00504661,-0.00850635,8,3.86e+08
0.00555206,-0.00833978,8,3.97e+08
0.00557909,-0.00832118,8,3.98e+08
0.0060427,-0.00808182,8,4.1e+08
0.006423,-0.00787209,8,4.19e+08
0.00647111,-0.00784759,8,4.2e+08
0.00672382,-0.0073022,8,4.38e+08
0.00672047,-0.00726755,8,4.39e+08
0.00619718,-0.00651669,8,4.58e+08
0.00615182,-0.00647301,8,4.59e+08
0.0053179,-0.00560267,8,4.78e+08
0.00532542,-0.00555936,8,4.79e+08
0.00516248,-0.00474704,8,4.97e+08
0.00514182,-0.00470099,8,4.98e+08
0.00492324,-0.00437419,8,5.05e+08
0.00432272,-0.00384759,8,5.16e+08
0.00429057,-0.00380215,8,5.17e+08
0.00453819,-0.00304116,8,5.36e+08
0.00456539,-0.00296613,8,5.38e+08
0.00496517,-0.00256096,8,5.5e+08
0.00517251,-0.00234514,8,5.57e+08
0.00518446,-0.00231431,8,5.58e+08
0.00505947,-0.00179083,8,5.76e+08
0.00504933,-0.00176458,8,5.77e+08
0.00482438,-0.00148595,8,5.88e+08
0.0046211,-0.00130129,8,5.96e+08
0.0045571,-0.00127629,8,5.97e+08
0.00370169,-0.000891105,8,6.15e+08
0.00367712,-0.000873825,8,6.16e+08
0.00380982,-0.000655922,8,6.34e+08
0.00377313,-0.000643075,8,6.35e+08
0.00346464,-0.000504125,8,6.5e+08
0.00353668,-0.000494802,8,6.53e+08
0.00356082,-0.000492291,8,6.54e+08
0.0035823,-0.000465746,8,6.73e+08
0.00354722,-0.000464261,8,6.74e+08
0.00306105,-0.000485319,8,6.91e+08
0.00306432,-0.000491261,8,6.92e+08
0.00373825,-0.000680501,8,7.09e+08
0.00376385,-0.000692802,8,7.1e+08
0.00378613,-0.000705085,8,7.11e+08
0.00417927,-0.000922497,8,7.26e+08
0.00436206,-0.000980508,8,7.29e+08
0.00445132,-0.00100261,8,7.3e+08
0.00659647,-0.00148391,8,7.48e+08
0.00674236,-0.00151512,8,7.49e+08
0.0075325,-0.00172118,8,7.56e+08
0.00875162,-0.00206143,8,7.67e+08
0.00886184,-0.00209316,8,7.68e+08
0.0100568,-0.00242297,8,7.78e+08
0.0112775,-0.00271297,8,7.86e+08
0.0114333,-0.0027497,8,7.87e+08
0.0126913,-0.00304554,8,7.95e+08
0.0139313,-0.00341225,8,8.06e+08
0.0140184,-0.00344304,8,8.07e+08
0.0149889,-0.00385381,8,8.22e+08
0.0153102,-0.00402846,8,8.3e+08
0.0153343,-0.00404719,8,8.31e+08
0.0153423,-0.00406418,8,8.32e+08
0.0158048,-0.00427256,8,8.45e+08
0.0159157,-0.00432681,8,8.5e+08
0.0159149,-0.00433439,8,8.51e+08
0.0158606,-0.00434375,8,8.53e+08
0.0150634,-0.00430926,8,8.71e+08
0.0150259,-0.00430286,8,8.72e+08
0.0149093,-0.00426274,8,8.78e+08
0.0144724,-0.0041265,8,8.89e+08
0.0144365,-0.00411173,8,8.9e+08
0.0144129,-0.00409754,8,8.91e+08
0.0140176,-0.00378128,8,9.09e+08
0.0140196,-0.00376274,8,9.1e+08
0.0140683,-0.00337419,8,9.29e+08
0.0140534,-0.00335084,8,9.3e+08
0.0136638,-0.0031382,8,9.38e+08
0.0133182,-0.00287455,8,9.48e+08
0.0132862,-0.00284796,8,9.49e+08
0.0131064,-0.00263951,8,9.57e+08
0.0128984,-0.0023785,8,9.67e+08
0.0129037,-0.00235453,8,9.68e+08
0.0130143,-0.00217021,8,9.76e+08
0.0128418,-0.00189915,8,9.87e+08
0.0128279,-0.0018752,8,9.88e+08
0.0125712,-0.00140186,9,9e+06
0.0125131,-0.00137709,9,1e+07
0.0119223,-0.000986329,9,2.8e+07
0.0119271,-0.000968813,9,2.9e+07
0.0122292,-0.00085561,9,3.7e+07
0.0129719,-0.000747605,9,4.8e+07
0.0130597,-0.000740818,9,4.9e+07
0.0152888,-0.000745041,9,6.4e+07
0.0158464,-0.000763449,9,6.7e+07
0.016017,-0.000769117,9,6.8e+07
0.0170041,-0.000807995,9,7.4e+07
0.0191055,-0.000935033,9,8.6e+07
0.0192865,-0.000948363,9,8.7e+07
0.0221486,-0.00120971,9,1.07e+08
0.022242,-0.00122062,9,1.08e+08
0.0227629,-0.00128701,9,1.15e+08
0.0231941,-0.00135283,9,1.26e+08
0.0232432,-0.0013586,9,1.27e+08
0.0247818,-0.00148057,9,1.46e+08
0.0248609,-0.00148492,9,1.47e+08
0.0267923,-0.00156708,9,1.66e+08
0.026877,-0.00156798,9,1.67e+08
0.0279738,-0.00157677,9,1.78e+08
0.0287588,-0.00157812,9,1.85e+08
0.0288424,-0.00157508,9,1.86e+08
0.0289357,-0.00157268,9,1.87e+08
0.0299091,-0.00142422,9,2.05e+08
0.0299318,-0.00139347,9,2.07e+08
0.0299458,-0.00137773,9,2.08e+08
0.0293668,-0.000828151,9,2.3e+08
0.0292993,-0.000792795,9,2.31e+08
0.0287669,-0.000419885,9,2.41e+08
0.0287515,-0.000383318,9,2.42e+08
0.028719,-0.000344626,9,2.43e+08
0.0277751,0.000461456,9,2.61e+08
0.027659,0.000516539,9,2.62e+08
0.0250559,0.00168514,9,2.81e+08
0.0247288,0.00182138,9,2.83e+08
0.0225826,0.00273617,9,2.96e+08
0.0223896,0.00281086,9,2.97e+08
0.0222164,0.0028838,9,2.98e+08
0.0199321,0.00373166,9,3.09e+08
0.0176404,0.0046431,9,3.21e+08
0.0173338,0.00478668,9,3.23e+08
0.0171949,0.00485686,9,3.24e+08
0.0155963,0.00588348,9,3.4e+08
0.0153833,0.00600646,9,3.42e+08
0.0139352,0.00681044,9,3.56e+08
0.0133927,0.00707512,9,3.61e+08
0.0132652,0.00712814,9,3.62e+08
0.0131423,0.00718017,9,3.63e+08
0.0120606,0.00768883,9,3.74e+08
0.0113962,0.00800095,9,3.82e+08
0.0112655,0.00806933,9,3.84e+08
0.0102252,0.00842882,9,3.95e+08
0.00962764,0.00861104,9,4.02e+08
0.00955121,0.00863372,9,4.03e+08
0.00881288,0.00879395,9,4.1e+08
0.00683766,0.00906749,9,4.22e+08
0.00661141,0.00909254,9,4.23e+08
0.00367498,0.00937023,9,4.38e+08
0.00352562,0.00938084,9,4.39e+08
0.0033755,0.00939108,9,4.4e+08
0.003198,0.00940352,9,4.41e+08
0.000262789,0.00951185,9,4.6e+08
0.000138823,0.00950983,9,4.61e+08
-0.000598555,0.00946855,9,4.68e+08
-0.00156992,0.00928188,9,4.81e+08
-0.00159611,0.00925854,9,4.82e+08
-0.00153436,0.00863391,9,5.01e+08
-0.00154256,0.00859552,9,5.02e+08
-0.0015448,0.00855582,9,5.03e+08
-0.00128871,0.00779974,9,5.19e+08
-0.00131642,0.00759587,9,5.23e+08
-0.00133741,0.00754506,9,5.24e+08
-0.00175497,0.00655722,9,5.42e+08
-0.00179856,0.00650103,9,5.43e+08
-0.001826,0.00644281,9,5.44e+08
-0.00213298,0.00597788,9,5.52e+08
-0.00273227,0.00534049,9,5.63e+08
-0.00279164,0.00528254,9,5.64e+08
-0.0038452,0.0041736,9,5.83e+08
-0.00389771,0.00411528,9,5.84e+08
-0.00527812,0.00313194,9,6.02e+08
-0.00539501,0.00308319,9,6.03e+08
-0.00661756,0.00214005,9,6.21e+08
-0.00667893,0.00208872,9,6.22e+08
-0.00732576,0.00114221,9,6.4e+08
-0.00732995,0.00108734,9,6.41e+08
-0.00709258,7.60396e-05,9,6.59e+08
-0.00706724,1.88669e-05,9,6.6e+08
-0.00599091,-0.00108127,9,6.78e+08
-0.00593345,-0.00114201,9,6.79e+08
-0.00551618,-0.00162125,9,6.87e+08
-0.00451989,-0.00232471,9,6.98e+08
-0.00441286,-0.00239022,9,6.99e+08
-0.00241494,-0.00360945,9,7.18e+08
-0.0022912,-0.00367444,9,7.19e+08
-0.00176207,-0.00398584,9,7.24e+08
-0.000977261,-0.00465042,9,7.36e+08
-0.000942385,-0.00470017,9,7.37e+08
-0.000689604,-0.00516518,9,7.47e+08
-0.00072807,-0.00543957,9,7.54e+08
-0.000749332,-0.005475,9,7.55e+08
-0.00127259,-0.00600568,9,7.73e+08
-0.00130662,-0.00602935,9,7.74e+08
-0.00132629,-0.00605417,9,7.75e+08
-0.000922693,-0.00650092,9,7.93e+08
-0.000871644,-0.00652452,9,7.94e+08
-9.31295e-06,-0.00689273,9,8.14e+08
6.07815e-05,-0.00691052,9,8.15e+08
0.00300561,-0.00742543,9,8.46e+08
0.0031114,-0.00743984,9,8.47e+08
0.00322483,-0.00745498,9,8.48e+08
0.00531168,-0.00770356,9,8.66e+08
0.00543606,-0.00771664,9,8.67e+08
0.00801284,-0.00794265,9,8.88e+08
0.0081277,-0.00795024,9,8.89e+08
0.0088731,-0.00799014,9,8.96e+08
0.0105339,-0.00809191,9,9.07e+08
0.0107004,-0.00810197,9,9.08e+08
0.0134615,-0.00819487,9,9.28e+08
0.013606,-0.00819797,9,9.29e+08
0.0157221,-0.00814489,9,9.47e+08
0.0158114,-0.00813542,9,9.48e+08
0.0169912,-0.00781798,9,9.67e+08
0.0170504,-0.00779692,9,9.68e+08
0.0171177,-0.00777654,9,9.69e+08
0.0179195,-0.00753493,9,9.8e+08
0.0181496,-0.00746324,9,9.83e+08
0.0182185,-0.0074376,9,9.84e+08
0.0183528,-0.00738481,9,9.86e+08
0.0196887,-0.00690917,10,3e+06
0.0199158,-0.0068577,10,5e+06
0.0201192,-0.00680211,10,7e+06
0.0211385,-0.00655831,10,1.6e+07
0.0216424,-0.00640914,10,2.1e+07
0.0217454,-0.00637929,10,2.2e+07
0.0231062,-0.00565625,10,4.2e+07
0.023129,-0.00561171,10,4.3e+07
0.0235271,-0.0047691,10,6.1e+07
0.0235248,-0.00471625,10,6.2e+07
0.0234103,-0.00393133,10,7.6e+07
0.0235477,-0.0036669,10,8.1e+07
0.0235829,-0.00361475,10,8.2e+07
0.0231616,-0.00236104,10,1.02e+08
0.0231443,-0.0022968,10,1.03e+08
0.0224878,-0.00112808,10,1.2e+08
0.0224161,-0.00105292,10,1.21e+08
0.02063,0.000333079,10,1.38e+08
0.0202203,0.000530962,10,1.4e+08
0.018232,0.00145412,10,1.49e+08
0.0169634,0.00220111,10,1.57e+08
0.016816,0.0022926,10,1.58e+08
0.0153669,0.00319753,10,1.68e+08
0.0141987,0.00397268,10,1.77e+08
0.0140447,0.00406125,10,1.78e+08
0.0111495,0.00538346,10,1.92e+08
0.0109167,0.00547935,10,1.93e+08
0.010676,0.00557611,10,1.94e+08
0.00760955,0.0068385,10,2.08e+08
0.00738142,0.00692669,10,2.09e+08
0.0071414,0.00701627,10,2.1e+08
0.00361286,0.00828456,10,2.25e+08
0.00337276,0.00836541,10,2.26e+08
0.00315292,0.0084424,10,2.27e+08
7.64565e-05,0.0095773,10,2.45e+08
-5.35474e-05,0.00962718,10,2.46e+08
-0.00202007,0.0102858,10,2.61e+08
-0.00237681,0.01039,10,2.64e+08
-0.0024989,0.0104236,10,2.65e+08
-0.00364496,0.0106933,10,2.84e+08
-0.00364884,0.0106882,10,2.85e+08
-0.00412662,0.0105606,10,3e+08
-0.00417436,0.0105468,10,3.01e+08
-0.00421324,0.0105305,10,3.02e+08
-0.00474347,0.010045,10,3.2e+08
-0.00479055,0.0100125,10,3.21e+08
-0.00484291,0.00998017,10,3.22e+08
-0.00562143,0.00965935,10,3.32e+08
-0.00576253,0.00958394,10,3.34e+08
-0.00582132,0.00954309,10,3.35e+08
-0.0058643,0.00949871,10,3.36e+08
-0.00591787,0.00945557,10,3.37e+08
-0.00627261,0.00895583,10,3.47e+08
-0.00630687,0.00890218,10,3.48e+08
-0.00636294,0.00885192,10,3.49e+08
-0.00717944,0.00803273,10,3.64e+08
-0.00720491,0.00796904,10,3.65e+08
-0.00721799,0.00790261,10,3.66e+08
-0.0070953,0.0073851,10,3.73e+08
-0.00713481,0.00618709,10,3.89e+08
-0.00716018,0.00611371,10,3.9e+08
-0.00783473,0.00472148,10,4.09e+08
-0.00783704,0.0046407,10,4.1e+08
-0.0079681,0.00417668,10,4.16e+08
-0.00792456,0.00318651,10,4.28e+08
-0.00789389,0.00309869,10,4.29e+08
-0.00698275,0.00136639,10,4.48e+08
-0.00692732,0.00127409,10,4.49e+08
-0.00591548,-0.000371601,10,4.67e+08
-0.00582749,-0.000467706,10,4.68e+08
-0.00547607,-0.000928317,10,4.73e+08
-0.00413781,-0.00218148,10,4.86e+08
-0.00402766,-0.00227754,10,4.87e+08
-0.00321156,-0.00295065,10,4.94e+08
-0.00164326,-0.00403267,10,5.05e+08
-0.00153085,-0.00412316,10,5.06e+08
-0.000861734,-0.00478803,10,5.14e+08
-0.000519332,-0.00548032,10,5.24e+08
-0.000530475,-0.00553766,10,5.25e+08
-0.00106913,-0.00638651,10,5.43e+08
-0.00115351,-0.00641602,10,5.44e+08
-0.00121836,-0.00644849,10,5.45e+08
-0.00230546,-0.00693851,10,5.64e+08
-0.00237758,-0.00695341,10,5.65e+08
-0.00243284,-0.00697076,10,5.66e+08
-0.00376773,-0.00710389,10,5.85e+08
-0.00382535,-0.00710622,10,5.86e+08
-0.00385968,-0.00711233,10,5.87e+08
-0.00433026,-0.00714903,10,6.05e+08
-0.00437684,-0.00714224,10,6.06e+08
-0.00441359,-0.00713686,10,6.07e+08
-0.00397555,-0.00718551,10,6.25e+08
-0.00392353,-0.00719079,10,6.26e+08
-0.00322067,-0.00721447,10,6.44e+08
-0.00315402,-0.00721987,10,6.45e+08
-0.00218278,-0.00727095,10,6.62e+08
-0.00207893,-0.00727409,10,6.64e+08
-0.00200123,-0.00728047,10,6.65e+08
-0.00164021,-0.00730677,10,6.7e+08
-0.000771078,-0.00735983,10,6.83e+08
-0.000704019,-0.0073638,10,6.84e+08
0.00051436,-0.00742321,10,7.03e+08
0.000559011,-0.00742226,10,7.04e+08
0.000604209,-0.00722617,10,7.24e+08
0.000580359,-0.0072102,10,7.25e+08
0.000500136,-0.0069464,10,7.44e+08
0.000533282,-0.00693809,10,7.45e+08
0.00143174,-0.00681646,10,7.64e+08
0.00145562,-0.00680525,10,7.65e+08
0.00240173,-0.00670033,10,7.83e+08
0.00245365,-0.00669455,10,7.84e+08
0.00384954,-0.00667108,10,8.03e+08
0.00411264,-0.00666361,10,8.07e+08
0.00416912,-0.00666019,10,8.08e+08
0.00499279,-0.00663921,10,8.21e+08
0.00502569,-0.00663232,10,8.22e+08
0.00505747,-0.00662525,10,8.23e+08
0.00522069,-0.00661701,10,8.26e+08
0.00539611,-0.00661134,10,8.29e+08
0.00545022,-0.00660868,10,8.3e+08
0.00549291,-0.0066039,10,8.31e+08
0.00588109,-0.00644335,10,8.49e+08
0.00592193,-0.00643769,10,8.5e+08
0.00607239,-0.00620213,10,8.69e+08
0.00606413,-0.00618601,10,8.7e+08
0.00608137,-0.00588412,10,8.9e+08
0.00599352,-0.00583568,10,8.92e+08
0.00588752,-0.00544571,10,9.14e+08
0.00587327,-0.00542581,10,9.15e+08
0.00570378,-0.00529062,10,9.21e+08
0.00565236,-0.00526373,10,9.22e+08
0.00559686,-0.00523607,10,9.23e+08
0.00477244,-0.00473683,10,9.43e+08
0.00474021,-0.00471366,10,9.44e+08
0.00462378,-0.00440913,10,9.61e+08
0.00462123,-0.00439278,10,9.62e+08
0.00457498,-0.00424668,10,9.71e+08
0.00441688,-0.00407728,10,9.81e+08
0.00441553,-0.00405083,10,9.83e+08
0.0044525,-0.00403217,10,9.85e+08
0.00418311,-0.00378217,11,3e+06
0.00415939,-0.00376825,11,4e+06
0.00375497,-0.00354936,11,2.2e+07
0.00372732,-0.00353777,11,2.3e+07
0.00346914,-0.00339919,11,4.2e+07
0.0034286,-0.00338856,11,4.3e+07
0.00306388,-0.00329498,11,5.6e+07
0.00281958,-0.00324632,11,6.1e+07
0.00279466,-0.00324148,11,6.2e+07
0.00287701,-0.00330025,11,8.6e+07
0.00285956,-0.00330093,11,8.7e+07
0.00356926,-0.00354276,11,1.06e+08
0.00364924,-0.00356546,11,1.07e+08
0.00454245,-0.00381237,11,1.16e+08
0.00572973,-0.00414589,11,1.26e+08
0.00581535,-0.00417436,11,1.27e+08
0.00735171,-0.00471937,11,1.45e+08
0.0074155,-0.00474712,11,1.46e+08
0.00808887,-0.00500301,11,1.54e+08
0.00946167,-0.00542794,11,1.64e+08
0.00961547,-0.00547382,11,1.65e+08
0.0109878,-0.00604114,11,1.83e+08
0.0110422,-0.0060679,11,1.84e+08
0.0123501,-0.00658227,11,2.02e+08
0.0124013,-0.00660502,11,2.03e+08
0.0124558,-0.00662814,11,2.04e+08
0.0129966,-0.00691754,11,2.22e+08
0.0129852,-0.00692305,11,2.23e+08
0.0120098,-0.00680958,11,2.44e+08
0.0120115,-0.00680847,11,2.45e+08
0.011565,-0.00662635,11,2.64e+08
0.0115315,-0.00661135,11,2.65e+08
0.011487,-0.00638422,11,2.84e+08
0.0114794,-0.00636912,11,2.85e+08
0.0114783,-0.00635502,11,2.86e+08
0.0115053,-0.00608804,11,3.04e+08
0.0114703,-0.00604945,11,3.06e+08
0.0111795,-0.00578039,11,3.19e+08
0.0111054,-0.00563032,11,3.27e+08
0.0110973,-0.00561166,11,3.28e+08
0.0116809,-0.00539623,11,3.47e+08
0.0117164,-0.00538631,11,3.48e+08
0.0120683,-0.00523098,11,3.62e+08
0.0119977,-0.005144,11,3.67e+08
0.0119467,-0.00512007,11,3.68e+08
0.0118485,-0.00490446,11,3.82e+08
0.0122303,-0.00489388,11,3.88e+08
0.0122759,-0.00488914,11,3.89e+08
0.0133071,-0.00484048,11,4.09e+08
0.0133622,-0.00483994,11,4.1e+08
0.0143509,-0.00484262,11,4.29e+08
0.0144173,-0.00484652,11,4.3e+08
0.0153098,-0.00486281,11,4.5e+08
0.0153427,-0.00486217,11,4.51e+08
0.0156475,-0.00485319,11,4.61e+08
0.0162633,-0.00490292,11,4.71e+08
0.0163321,-0.00490932,11,4.72e+08
0.0167395,-0.00492869,11,4.81e+08
0.0169184,-0.00491169,11,4.89e+08
0.0169399,-0.00490927,11,4.9e+08
0.0169675,-0.00490796,11,4.91e+08
0.0167771,-0.00474501,11,5.09e+08
0.016785,-0.00473844,11,5.1e+08
0.0167691,-0.00472736,11,5.11e+08
0.0169776,-0.00460198,11,5.29e+08
0.0170077,-0.00459758,11,5.3e+08
0.017333,-0.00457595,11,5.38e+08
0.0176817,-0.00451353,11,5.5e+08
0.0176885,-0.00450404,11,5.51e+08
0.0188126,-0.00450715,11,5.7e+08
0.018856,-0.00450475,11,5.71e+08
0.0191243,-0.0043699,11,5.89e+08
0.0191166,-0.00435809,11,5.9e+08
0.0187583,-0.00419491,11,5.99e+08
0.0179439,-0.00389929,11,6.11e+08
0.017134,-0.00349225,11,6.29e+08
0.0170906,-0.00346877,11,6.3e+08
0.0155365,-0.0028513,11,6.5e+08
0.0154461,-0.00281727,11,6.51e+08
0.0142233,-0.00225846,11,6.7e+08
0.0141009,-0.00220134,11,6.72e+08
0.0136065,-0.00180068,11,6.91e+08
0.0135795,-0.00178088,11,6.92e+08
0.0125312,-0.00132277,11,7.13e+08
0.0125007,-0.00130675,11,7.14e+08
0.0121576,-0.00116817,11,7.22e+08
0.0118134,-0.00101745,11,7.34e+08
0.0118124,-0.00101141,11,7.35e+08
0.0117323,-0.000942685,11,7.48e+08
0.0116742,-0.000921234,11,7.54e+08
0.0116443,-0.000914814,11,7.55e+08
0.0108728,-0.000795623,11,7.73e+08
0.0107605,-0.000781553,11,7.75e+08
0.0107219,-0.000798327,11,7.81e+08
0.0108017,-0.000887274,11,7.94e+08
0.0108109,-0.000895978,11,7.95e+08
0.0103608,-0.000980355,11,8.14e+08
0.010307,-0.000980794,11,8.15e+08
0.00990514,-0.00112257,11,8.34e+08
0.00990772,-0.00113539,11,8.35e+08
0.00994208,-0.00124425,11,8.43e+08
0.0099314,-0.00126896,11,8.45e+08
0.00997173,-0.00131714,11,8.48e+08
0.0100829,-0.00146523,11,8.57e+08
0.0102266,-0.00161167,11,8.65e+08
0.0102337,-0.0016284,11,8.66e+08
0.0102482,-0.00174136,11,8.73e+08
0.0101679,-0.00190581,11,8.84e+08
0.0101797,-0.0019245,11,8.85e+08
0.00914747,-0.0020657,11,9.05e+08
0.00908338,-0.00206998,11,9.06e+08
0.00865304,-0.00213147,11,9.15e+08
0.00820662,-0.00221134,11,9.26e+08
0.00815221,-0.00221555,11,9.27e+08
0.00701118,-0.00225998,11,9.46e+08
0.00697991,-0.00226682,11,9.47e+08
0.00694014,-0.0023827,11,9.57e+08
0.00720051,-0.00251648,11,9.64e+08
0.00723998,-0.00253615,11,9.65e+08
0.00793617,-0.00280522,11,9.76e+08
0.00882904,-0.00306584,11,9.83e+08
0.00893913,-0.00310043,11,9.84e+08
0.00981798,-0.00336687,11,9.91e+08
0.0111671,-0.00381335,12,3e+06
0.0112517,-0.00384641,12,4e+06
0.0123251,-0.00437389,12,2.2e+07
0.0123349,-0.00439426,12,2.3e+07
0.0122669,-0.00454486,12,3.2e+07
0.012275,-0.00471229,12,4.2e+07
0.012298,-0.00473193,12,4.3e+07
0.0130404,-0.00510686,12,6.1e+07
0.0130685,-0.00512316,12,6.2e+07
0.0133973,-0.00528222,12,7.2e+07
0.0136148,-0.00539831,12,8.2e+07
0.0136062,-0.00540306,12,8.3e+07
0.0135964,-0.00543866,12,9e+07
0.0137898,-0.00550668,12,1e+08
0.0138064,-0.00551169,12,1.01e+08
0.0142374,-0.00558854,12,1.19e+08
0.0143023,-0.00559842,12,1.2e+08
0.0146068,-0.00562562,12,1.3e+08
0.0148088,-0.0056283,12,1.38e+08
0.0148441,-0.00562981,12,1.39e+08
0.0147821,-0.00549685,12,1.58e+08
0.0147588,-0.00548456,12,1.59e+08
0.0147446,-0.00546539,12,1.61e+08
0.0144917,-0.0052641,12,1.77e+08
0.0144346,-0.00524261,12,1.78e+08
0.0135152,-0.0048468,12,1.96e+08
0.0134862,-0.00482736,12,1.97e+08
0.0132327,-0.00464847,12,2.06e+08
0.0129362,-0.00445399,12,2.15e+08
0.012912,-0.00443363,12,2.16e+08
0.012464,-0.00405965,12,2.34e+08
0.0124493,-0.00404072,12,2.35e+08
0.0117584,-0.00364447,12,2.52e+08
0.0117009,-0.00361855,12,2.53e+08
0.0116331,-0.00359081,12,2.54e+08
0.0106017,-0.00313618,12,2.72e+08
0.0105824,-0.00311853,12,2.73e+08
0.0110952,-0.00296851,12,2.92e+08
0.0111522,-0.00296786,12,2.93e+08
0.0115154,-0.00297249,12,2.99e+08
0.0121381,-0.00298983,12,3.11e+08
0.0121695,-0.00298923,12,3.12e+08
0.0125154,-0.0030063,12,3.21e+08
0.0130378,-0.00307407,12,3.3e+08
0.0131254,-0.00308805,12,3.31e+08
0.0142614,-0.00328807,12,3.43e+08
0.014961,-0.00342346,12,3.49e+08
0.01505,-0.00344179,12,3.5e+08
0.0158555,-0.00365483,12,3.68e+08
0.0158742,-0.00366291,12,3.69e+08
0.0162322,-0.00382907,12,3.92e+08
0.016257,-0.00383716,12,3.93e+08
0.0168627,-0.00399668,12,4.13e+08
0.0169297,-0.00401016,12,4.14e+08
0.017503,-0.0041225,12,4.23e+08
0.0180047,-0.00421623,12,4.32e+08
0.0180419,-0.00422294,12,4.33e+08
0.0183281,-0.00426933,12,4.44e+08
0.0186446,-0.00431512,12,4.52e+08
0.0187399,-0.00433053,12,4.53e+08
0.0200945,-0.00455128,12,4.65e+08
0.0208369,-0.00467373,12,4.71e+08
0.0209656,-0.00469518,12,4.72e+08
0.0217016,-0.00481445,12,4.8e+08
0.0221583,-0.00487758,12,4.9e+08
0.0221915,-0.00488121,12,4.91e+08
0.0224197,-0.00489944,12,4.99e+08
0.0225128,-0.00487772,12,5.08e+08
0.0225115,-0.00487212,12,5.09e+08
0.0228469,-0.00481729,12,5.25e+08
0.0228639,-0.00481133,12,5.26e+08
0.0228924,-0.00480726,12,5.27e+08
0.0231291,-0.00460621,12,5.48e+08
0.0227786,-0.00427288,12,5.65e+08
0.0227622,-0.00425209,12,5.66e+08
0.0227347,-0.00422901,12,5.67e+08
0.0212324,-0.00358386,12,5.85e+08
0.0211411,-0.00354411,12,5.86e+08
0.0203313,-0.00315446,12,5.96e+08
0.0194738,-0.00279043,12,6.04e+08
0.0193475,-0.00274069,12,6.05e+08
0.0183748,-0.00229123,12,6.15e+08
0.0175867,-0.00189803,12,6.24e+08
0.0174964,-0.00185381,12,6.25e+08
0.0160006,-0.00109313,12,6.43e+08
0.0158852,-0.00104593,12,6.44e+08
0.0138793,-0.000237868,12,6.62e+08
0.0137534,-0.000192103,12,6.63e+08
0.0118058,0.000533714,12,6.81e+08
0.0116842,0.000574054,12,6.82e+08
0.0106518,0.000897586,12,6.9e+08
0.00958117,0.0012228,12,6.99e+08
0.0094709,0.00125587,12,7e+08
0.0084279,0.00161358,12,7.17e+08
0.00840733,0.00162377,12,7.18e+08
0.00769655,0.00179747,12,7.37e+08
0.00767616,0.00179909,12,7.38e+08
0.00715141,0.0018576,12,7.47e+08
0.00635714,0.00192268,12,7.57e+08
0.00627988,0.00192669,12,7.58e+08
0.00420501,0.00209032,12,7.75e+08
0.00408791,0.00209668,12,7.76e+08
0.00345743,0.00208147,12,7.84e+08
0.00309019,0.00198117,12,7.93e+08
0.00304538,0.00196953,12,7.94e+08
0.00256615,0.00184463,12,8.04e+08
0.00192672,0.00172538,12,8.14e+08
0.00185006,0.00171463,12,8.15e+08
0.001513,0.00164872,12,8.2e+08
0.000771285,0.00136807,12,8.35e+08
0.000742214,0.00134377,12,8.36e+08
0.000437112,0.00109269,12,8.46e+08
0.000377623,0.000841116,12,8.54e+08
0.000380844,0.000806658,12,8.55e+08
0.000443507,0.00018962,12,8.72e+08
0.000457797,0.00014959,12,8.73e+08
0.000457045,0.000112388,12,8.74e+08
0.000643724,-0.000345386,12,8.85e+08
0.000917919,-0.000716228,12,8.93e+08
0.00094859,-0.000762374,12,8.94e+08
0.00155649,-0.00161633,12,9.12e+08
0.00161319,-0.00166884,12,9.13e+08
0.00198274,-0.00211427,12,9.22e+08
0.00230042,-0.00250735,12,9.3e+08
0.00237978,-0.00256423,12,9.31e+08
0.00283663,-0.00302216,12,9.4e+08
0.00300636,-0.00337518,12,9.48e+08
0.00300622,-0.00341438,12,9.49e+08
0.00402962,-0.00429219,12,9.67e+08
0.00413185,-0.00434813,12,9.68e+08
0.0047819,-0.00472143,12,9.75e+08
0.00510462,-0.0051481,12,9.86e+08
0.00513324,-0.00518529,12,9.87e+08
0.00517343,-0.0054642,12,9.96e+08
0.00536418,-0.00577337,13,6e+06
0.0053906,-0.00580393,13,7e+06
0.00598851,-0.00624108,13,2.1e+07
0.0061461,-0.00635136,13,2.5e+07
0.00616761,-0.00637455,13,2.6e+07
0.00627862,-0.00646895,13,3e+07
0.00660074,-0.0067441,13,4.4e+07
0.00664261,-0.00676504,13,4.5e+07
0.00750384,-0.00711979,13,6.4e+07
0.00752818,-0.0071315,13,6.5e+07
0.00786856,-0.00726081,13,7.7e+07
0.00829469,-0.00736602,13,8.5e+07
0.00834213,-0.00737691,13,8.6e+07
0.00858432,-0.00742809,13,9.4e+07
0.00903271,-0.00749926,13,1.04e+08
0.00911656,-0.00751294,13,1.05e+08
0.0113757,-0.00788536,13,1.23e+08
0.0114588,-0.00789666,13,1.24e+08
0.0129173,-0.00807665,13,1.42e+08
0.0130127,-0.00808862,13,1.43e+08
0.0130975,-0.00809835,13,1.44e+08
0.0142425,-0.00820418,13,1.59e+08
0.0143512,-0.00819715,13,1.62e+08
0.0143699,-0.00819085,13,1.63e+08
0.0145883,-0.00801245,13,1.81e+08
0.0145787,-0.00799559,13,1.82e+08
0.0143248,-0.00762485,13,2e+08
0.0142954,-0.00759824,13,2.01e+08
0.0142731,-0.00757279,13,2.02e+08
0.0141264,-0.00709437,13,2.21e+08
0.0141258,-0.00706837,13,2.22e+08
0.0142535,-0.00682724,13,2.32e+08
0.0142748,-0.0066095,13,2.4e+08
0.0142726,-0.0065809,13,2.41e+08
0.0141045,-0.00600217,13,2.6e+08
0.0140908,-0.00597043,13,2.61e+08
0.0143571,-0.00548126,13,2.8e+08
0.0143497,-0.00545171,13,2.81e+08
0.0143358,-0.0054209,13,2.82e+08
0.0145376,-0.00499989,13,2.99e+08
0.0145727,-0.00498091,13,3e+08
0.0145892,-0.00495824,13,3.01e+08
0.0146814,-0.00472436,13,3.11e+08
0.0148273,-0.00456223,13,3.19e+08
0.0148578,-0.00454515,13,3.2e+08
0.0152697,-0.00438385,13,3.31e+08
0.0155537,-0.00425607,13,3.4e+08
0.0156259,-0.00425108,13,3.41e+08
0.0156994,-0.00424654,13,3.42e+08
0.0173956,-0.0042782,13,3.6e+08
0.0174839,-0.00428101,13,3.61e+08
0.0178237,-0.00409449,13,3.8e+08
0.0178202,-0.00408149,13,3.81e+08
0.0176062,-0.00390493,13,3.92e+08
0.0174396,-0.00378643,13,3.99e+08
0.01741,-0.00376821,13,4e+08
0.0172951,-0.00370788,13,4.03e+08
0.0161478,-0.00326497,13,4.19e+08
0.0160709,-0.00323535,13,4.2e+08
0.0150193,-0.00276957,13,4.37e+08
0.0149724,-0.00274463,13,4.38e+08
0.0149155,-0.0027176,13,4.39e+08
0.0145571,-0.00238398,13,4.56e+08
0.0145654,-0.00237085,13,4.57e+08
0.0145618,-0.00235539,13,4.58e+08
0.0145941,-0.00212969,13,4.75e+08
0.0146322,-0.00212515,13,4.76e+08
0.0146739,-0.00212156,13,4.77e+08
0.0152439,-0.00208084,13,4.92e+08
0.0154521,-0.00208216,13,4.97e+08
0.0154661,-0.00207745,13,4.98e+08
0.015392,-0.00200372,13,5.07e+08
0.015551,-0.00199305,13,5.16e+08
0.0155617,-0.0019913,13,5.17e+08
0.0155841,-0.0019921,13,5.18e+08
0.0152653,-0.00188133,13,5.37e+08
0.0151926,-0.00186502,13,5.38e+08
0.0138837,-0.00157355,13,5.56e+08
0.0137967,-0.00155427,13,5.57e+08
0.0111644,-0.000975879,13,5.76e+08
0.0110304,-0.000945505,13,5.77e+08
0.0108977,-0.000915314,13,5.78e+08
0.00971517,-0.000642471,13,5.87e+08
0.00877115,-0.000418515,13,5.95e+08
0.00864253,-0.000388275,13,5.96e+08
0.00851315,-0.000357875,13,5.97e+08
0.00669198,8.39745e-05,13,6.16e+08
0.0066227,0.000101064,13,6.17e+08
0.00612706,0.000223416,13,6.27e+08
0.00565275,0.00032179,13,6.36e+08
0.00557713,0.00033618,13,6.37e+08
0.00466841,0.000455144,13,6.55e+08
0.00465654,0.000451038,13,6.56e+08
0.00444762,0.000323047,13,6.74e+08
0.0044436,0.000311399,13,6.75e+08
0.00386095,7.75904e-06,13,7.01e+08
0.00382539,-4.51094e-06,13,7.02e+08
0.00379272,-1.75768e-05,13,7.03e+08
0.00315968,-0.000272455,13,7.21e+08
0.00306081,-0.000297602,13,7.23e+08
0.00260675,-0.000366009,13,7.3e+08
0.00227048,-0.000631075,13,7.44e+08
0.00221976,-0.00106731,13,7.62e+08
0.00217747,-0.00108384,13,7.63e+08
0.00110012,-0.00126613,13,7.79e+08
0.000951703,-0.00128546,13,7.81e+08
0.000885302,-0.00129666,13,7.82e+08
0.000975931,-0.00176076,13,8e+08
0.000991653,-0.00178868,13,8.01e+08
0.00135849,-0.00233606,13,8.2e+08
0.00137596,-0.00236467,13,8.21e+08
0.00103964,-0.0027417,13,8.39e+08
0.000987497,-0.00275522,13,8.4e+08
-0.000155694,-0.00293488,13,8.58e+08
-0.000185275,-0.00295061,13,8.59e+08
-0.000472126,-0.00306038,13,8.67e+08
-0.00034939,-0.00328684,13,8.77e+08
-0.000350055,-0.0033062,13,8.78e+08
-0.000347525,-0.00347826,13,8.87e+08
-0.000283501,-0.00367497,13,8.97e+08
-0.00023359,-0.00370347,13,8.98e+08
9.73704e-05,-0.0039158,13,9.06e+08
0.000894844,-0.00426105,13,9.16e+08
0.000972484,-0.0042952,13,9.17e+08
0.00203384,-0.0048417,13,9.35e+08
0.00207291,-0.0048678,13,9.36e+08
0.00274437,-0.00516824,13,9.45e+08
0.00363765,-0.00551254,13,9.54e+08
0.00373332,-0.00554987,13,9.55e+08
0.00499451,-0.00611573,13,9.73e+08
0.00506876,-0.0061472,13,9.74e+08
0.00661276,-0.00673249,13,9.92e+08
0.00674088,-0.00677237,13,9.93e+08
0.00764923,-0.00716185,14,1.1e+07
0.00766875,-0.00717469,14,1.2e+07
0.00762138,-0.00723001,14,2.1e+07
0.00767052,-0.00728225,14,3.1e+07
0.0076516,-0.00728061,14,3.2e+07
0.00724831,-0.00717237,14,5.1e+07
0.00726633,-0.00717139,14,5.2e+07
0.00747637,-0.0071163,14,6.6e+07
0.00748931,-0.00706001,14,7.2e+07
0.00751353,-0.00705445,14,7.3e+07
0.00809341,-0.0070721,14,8.2e+07
0.00822309,-0.00696962,14,9.2e+07
0.00820458,-0.00695202,14,9.3e+07
0.00801173,-0.00664264,14,1.11e+08
0.00803721,-0.00663199,14,1.12e+08
0.0082878,-0.00643614,14,1.27e+08
0.0082446,-0.00637587,14,1.3e+08
0.00823255,-0.00635617,14,1.31e+08
0.00860873,-0.00608686,14,1.51e+08
0.00862017,-0.00607181,14,1.52e+08
0.00874741,-0.00575393,14,1.72e+08
0.00877118,-0.00574192,14,1.73e+08
0.00879013,-0.00572891,14,1.74e+08
0.00926388,-0.00553175,14,1.92e+08
0.00929205,-0.00552173,14,1.93e+08
0.00963519,-0.00537763,14,2.07e+08
0.00964757,-0.00532075,14,2.11e+08
0.00963347,-0.00530304,14,2.12e+08
0.00899198,-0.00490656,14,2.3e+08
0.00893687,-0.00488048,14,2.31e+08
0.00818637,-0.00454694,14,2.43e+08
0.00789308,-0.00439555,14,2.49e+08
0.00786588,-0.00437478,14,2.5e+08
0.00727257,-0.0039802,14,2.68e+08
0.00717987,-0.00394601,14,2.69e+08
0.00652764,-0.00360835,14,2.83e+08
0.00649057,-0.00354593,14,2.87e+08
0.0064958,-0.00353362,14,2.88e+08
0.00588399,-0.00318385,14,3.06e+08
0.005873,-0.00317041,14,3.07e+08
0.00639289,-0.00310848,14,3.25e+08
0.00645464,-0.0031139,14,3.26e+08
0.00737289,-0.00321091,14,3.45e+08
0.0073922,-0.00321247,14,3.46e+08
0.00781763,-0.00328996,14,3.55e+08
0.00827877,-0.00339296,14,3.64e+08
0.00833931,-0.00340739,14,3.65e+08
0.00874842,-0.00350759,14,3.71e+08
0.00998637,-0.00382748,14,3.85e+08
0.0100552,-0.0038476,14,3.86e+08
0.0109934,-0.00411602,14,3.97e+08
0.0115638,-0.00428083,14,4.03e+08
0.0116493,-0.00430664,14,4.04e+08
0.0125631,-0.00458071,14,4.14e+08
0.0130803,-0.00475751,14,4.22e+08
0.013133,-0.00477706,14,4.23e+08
0.0133899,-0.00489689,14,4.31e+08
0.0136131,-0.0050169,14,4.41e+08
0.0136387,-0.00502883,14,4.42e+08
0.0138142,-0.00511766,14,4.51e+08
0.0132804,-0.00503944,14,4.6e+08
0.0132432,-0.00503394,14,4.61e+08
0.0125503,-0.00488057,14,4.78e+08
0.0125131,-0.00486948,14,4.79e+08
0.011467,-0.00457264,14,4.93e+08
0.0110354,-0.00444942,14,4.97e+08
0.0109522,-0.00442306,14,4.98e+08
0.0106124,-0.00430335,14,5.03e+08
0.0094802,-0.00391305,14,5.16e+08
0.00940339,-0.00388375,14,5.17e+08
0.00872346,-0.00352699,14,5.32e+08
0.00867468,-0.00348696,14,5.34e+08
0.00865415,-0.00346774,14,5.35e+08
0.00861112,-0.00335485,14,5.42e+08
0.00853551,-0.00318417,14,5.53e+08
0.00852208,-0.00316804,14,5.54e+08
0.00798095,-0.00285072,14,5.71e+08
0.00795994,-0.00283562,14,5.72e+08
0.00776706,-0.00272475,14,5.79e+08
0.00766976,-0.00261628,14,5.89e+08
0.00765398,-0.00260507,14,5.9e+08
0.00791943,-0.00256169,14,6.05e+08
0.00792188,-0.00253908,14,6.1e+08
0.00791106,-0.0025328,14,6.11e+08
0.00752311,-0.00240898,14,6.29e+08
0.00749255,-0.00239991,14,6.32e+08
0.00773978,-0.00244968,14,6.42e+08
0.0077562,-0.00246174,14,6.5e+08
0.00776846,-0.00246591,14,6.51e+08
0.00833827,-0.00263342,14,6.69e+08
0.00842545,-0.00265531,14,6.7e+08
0.00924687,-0.00286126,14,6.78e+08
0.00965956,-0.00300607,14,6.88e+08
0.00970707,-0.0030225,14,6.89e+08
0.0100509,-0.00315004,14,6.97e+08
0.010348,-0.00328843,14,7.07e+08
0.0103607,-0.00329902,14,7.08e+08
0.0102419,-0.00341632,14,7.26e+08
0.0102095,-0.00341706,14,7.27e+08
0.00975469,-0.00343054,14,7.44e+08
0.00974559,-0.0034337,14,7.45e+08
0.00948793,-0.00341568,14,7.53e+08
0.00886805,-0.00331511,14,7.62e+08
0.00881312,-0.00330591,14,7.63e+08
0.00815534,-0.00317975,14,7.81e+08
0.00814393,-0.00317658,14,7.82e+08
0.00790237,-0.00309886,14,8e+08
0.00786451,-0.00308905,14,8.01e+08
0.00723703,-0.00294051,14,8.1e+08
0.00655568,-0.0027741,14,8.2e+08
0.0064925,-0.00275823,14,8.21e+08
0.00564108,-0.0025306,14,8.38e+08
0.00563244,-0.00252562,14,8.39e+08
0.00559848,-0.00251552,14,8.4e+08
0.00397531,-0.00212005,14,8.62e+08
0.00392644,-0.0021073,14,8.63e+08
0.00336511,-0.00194883,14,8.82e+08
0.00341094,-0.00195669,14,8.83e+08
0.00251215,-0.0017738,14,9.01e+08
0.00241169,-0.00175471,14,9.02e+08
0.0023111,-0.0017357,14,9.03e+08
0.000854835,-0.00148442,14,9.22e+08
0.000799102,-0.00147628,14,9.23e+08
-0.000832041,-0.00122178,14,9.43e+08
-0.000877959,-0.001217,14,9.44e+08
-0.00135611,-0.00118921,14,9.57e+08
-0.00159586,-0.00117311,14,9.62e+08
-0.00165317,-0.00116841,14,9.63e+08
-0.00198477,-0.00115415,14,9.7e+08
-0.00228087,-0.00119417,14,9.81e+08
-0.00231458,-0.00119742,14,9.82e+08
